il,ilce,okul,tur,taban_puan,yuzdelik,yuzdelik_2026
Adana,Yüreğir,75.Yıl Anadolu Lisesi,anadolu,399.0922,11.24,10.24
Adana,Çukurova,Adana Anadolu Lisesi,anadolu,460.621,2.09,2.04
Adana,Seyhan,Adana Erkek Anadolu Lisesi,anadolu,367.494,20.88,16.51
Adana,Seyhan,Adana Fen Lisesi,fen,482.9731,0.52,0.5
Adana,Seyhan,Adana Kıvanç Anadolu İmam Hatip Lisesi (Fen Ve Sosyal Bilimler Programı),imamHatip,387.3051,19.85,12.4
Adana,Seyhan,Adana Kıvanç Anadolu İmam Hatip Lisesi (Hafızlık Projesi (Fen Ve Sosyal Bilimler Programı)),imamHatip,229.9005,99.82,66.43
Adana,Çukurova,Adana Kız Lisesi,anadolu,239.203,87.35,61.15
Adana,Seyhan,Adana Mesleki Ve Teknik Anadolu Lisesi,mesleki,249.2462,53.81,55.55
Adana,Seyhan,Adana Seyhan Şehit Bora Süelkan Mesleki Ve Teknik Anadolu Lisesi,mesleki,263.5113,47.89,48.96
Adana,Sarıçam,Adana Ticaret Odası Anadolu Lisesi,anadolu,425.2524,6.54,6.09
Adana,Sarıçam,Bahtiyar Vahabzade Sosyal Bilimler Lisesi,sosyal,355.5407,19.69,19.28
Adana,Yüreğir,Borsa İstanbul Mesleki Ve Teknik Anadolu Lisesi (Bilişim Teknolojileri Alanı),mesleki,224.5762,67.17,69.84
Adana,Yüreğir,Borsa İstanbul Mesleki Ve Teknik Anadolu Lisesi (Elektrik-Elektronik Teknolojisi Alanı),mesleki,220.5416,68.37,72.56
Adana,Çukurova,Çeas Anadolu Lisesi,anadolu,450.1208,3.35,3.05
Adana,Ceyhan,Ceyhan Anadolu Lisesi,anadolu,367.7105,22.43,16.46
Adana,Ceyhan,Ceyhan Kız Anadolu İmam Hatip Lisesi,imamHatip,203.77,87.36,84.23
Adana,Ceyhan,Ceyhan Mesleki Ve Teknik Anadolu Lisesi,mesleki,201.7357,81.45,85.57
Adana,Ceyhan,Ceyhan Ticaret Borsası Sosyal Bilimler Lisesi,sosyal,332.0784,27.98,25.41
Adana,Çukurova,Çukurova Elektrik Mesleki Ve Teknik Anadolu Lisesi,mesleki,229.8181,41.68,66.48
Adana,Ceyhan,Eczacı Bahattin-Sevinç Erdinç Fen Lisesi,fen,413.9383,7.81,7.8
Adana,Sarıçam,Evliya Çelebi Turizm Mesleki Ve Teknik Anadolu Lisesi (Yiyecek İçecek Hizmetleri Alanı),mesleki,249.5494,56,55.41
Adana,Sarıçam,Evliya Çelebi Turizm Mesleki Ve Teknik Anadolu Lisesi (Konaklama Ve Seyahat Hizmetleri Alanı),mesleki,244.2914,57.09,58.11
Adana,Kozan,Fatih Anadolu Lisesi,anadolu,393.6625,11.76,11.26
Adana,Seyhan,Fatih Sultan Mehmet Mesleki Ve Teknik Anadolu Lisesi,mesleki,330.2123,24.05,25.93
Adana,Sarıçam,Fatıma Zehra Kız Anadolu İmam Hatip Lisesi,imamHatip,295.3309,35.69,36.81
Adana,Seyhan,Gazi Anadolu Lisesi,anadolu,413.221,8.84,7.89
Adana,Ceyhan,Heydar Aliyev Mesleki Ve Teknik Anadolu Lisesi,mesleki,216.5308,77.54,75.36
Adana,Çukurova,Hümeyra Ökten Kız Anadolu İmam Hatip Lisesi,imamHatip,375.3923,13.91,14.8
Adana,İmamoğlu,İmamoğlu Anadolu İmam Hatip Lisesi,imamHatip,217.6425,85.92,74.58
Adana,Çukurova,İsmail Safa Özler Anadolu Lisesi (Almanca),anadolu,445.2699,4.06,3.59
Adana,Çukurova,İsmail Safa Özler Anadolu Lisesi (İngilizce),anadolu,446.6033,3.89,3.44
Adana,Yüreğir,Karşıyaka Atatürk Anadolu Lisesi,anadolu,307.8198,32.67,32.68
Adana,Kozan,Kozan Fen Lisesi,fen,435.9398,4.95,4.68
Adana,Kozan,Kozan Kız Anadolu İmam Hatip Lisesi,imamHatip,178.0053,83.08,96.86
Adana,Kozan,Kozan Şehit Arda Can Mesleki Ve Teknik Anadolu Lisesi,mesleki,281.5856,65.81,41.7
Adana,Çukurova,Kurttepe Şehit Ali Öztaş Mesleki Ve Teknik Anadolu Lisesi (Raylı Sistemler Teknolojisi Alanı),mesleki,247.9612,49.2,56.21
Adana,Çukurova,Kurttepe Şehit Ali Öztaş Mesleki Ve Teknik Anadolu Lisesi (Yenilenebilir Enerji Teknolojileri Alanı),mesleki,267.2665,43.85,47.66
Adana,Yüreğir,Medine Müdafii Fahreddin Paşa Anadolu İmam Hatip Lisesi,imamHatip,219.6316,72.17,73.2
Adana,Çukurova,Nezihe Yalvaç Turizm Mesleki Ve Teknik Anadolu Lisesi (Konaklama Ve Seyahat Hizmetleri Alanı),mesleki,236.8756,65.59,62.22
Adana,Çukurova,"Nezihe Yalvaç Turizm Mesleki Ve Teknik Anadolu Lisesi (Yiyecek İçecek Hizmetleri Alanı, Rusça)",mesleki,238.1779,61.72,61.46
Adana,Çukurova,"Nezihe Yalvaç Turizm Mesleki Ve Teknik Anadolu Lisesi (Yiyecek İçecek Hizmetleri Alanı, Almanca)",mesleki,257.3152,62.05,51.72
Adana,Çukurova,Piri Reis Anadolu Lisesi,anadolu,436.1881,5.02,4.66
Adana,Seyhan,Sabancı Kız Mesleki Ve Teknik Anadolu Lisesi,mesleki,221.8323,77.74,71.69
Adana,Ceyhan,Şehit Zeynep Sağır Anadolu Lisesi,anadolu,389.1521,14.94,12.05
Adana,Seyhan,Seyhan Borsa İstanbul Fen Lisesi,fen,471.055,1.13,1.2
Adana,Seyhan,Seyhan Danişment Gazi Anadolu Lisesi,anadolu,405.7262,10.24,9.11
Adana,Yüreğir,Seyhan Rotary Anadolu Lisesi,anadolu,413.6772,8.71,7.82
Adana,Çukurova,Sungurbey Anadolu Lisesi,anadolu,423.5161,6.96,6.34
Adana,Seyhan,Tepebağ Kız Anadolu İmam Hatip Lisesi,imamHatip,203.9557,83.59,84.1
Adana,Yüreğir,Toki Köprülü Anadolu Lisesi,anadolu,384.1242,14.17,13.02
Adana,Sarıçam,Türk Tekstil Vakfı Mesleki Ve Teknik Anadolu Lisesi (Tekstil Teknolojisi Alanı),mesleki,154.6171,90.58,100
Adana,Sarıçam,Türk Tekstil Vakfı Mesleki Ve Teknik Anadolu Lisesi (Endüstriyel Otomasyon Teknolojileri Alanı),mesleki,204.6736,80.65,83.62
Adana,Çukurova,Yaşar Rukiye Kısacık Anadolu İmam Hatip Lisesi,imamHatip,336.5309,27.6,24.19
Adana,Seyhan,Yeşilevler Mesleki Ve Teknik Anadolu Lisesi,mesleki,215.3264,77.3,75.53
Adana,Yüreğir,Yüreğir Halıcılar Anadolu Lisesi,anadolu,389.6162,12.9,11.96
Adıyaman,Merkez,Adıyaman Anadolu İmam Hatip Lisesi,imamHatip,389.0458,14.24,12.07
Adıyaman,Merkez,Adıyaman Fen Lisesi,fen,448.9355,4.07,3.18
Adıyaman,Merkez,Adıyaman Mesleki Ve Teknik Anadolu Lisesi,mesleki,232.4881,67.04,64.82
Adıyaman,Merkez,Adıyaman Mimar Sinan Mesleki Ve Teknik Anadolu Lisesi (Yenilenebilir Enerji Teknolojileri Alanı),mesleki,172.2417,74.94,98.14
Adıyaman,Merkez,Adıyaman Mimar Sinan Mesleki Ve Teknik Anadolu Lisesi (Motorlu Araçlar Teknolojisi Alanı),mesleki,221.5389,74.94,71.88
Adıyaman,Merkez,Adıyaman Perre Turizm Mesleki Ve Teknik Anadolu Lisesi (Konaklama Ve Seyahat Hizmetleri Alanı),mesleki,162.1702,90.47,99.63
Adıyaman,Merkez,Adıyaman Perre Turizm Mesleki Ve Teknik Anadolu Lisesi (Yiyecek İçecek Hizmetleri Alanı),mesleki,166.5323,90.47,99
Adıyaman,Merkez,Adıyaman Tarım Mesleki Ve Teknik Anadolu Lisesi,mesleki,165.5075,88.41,99.15
Adıyaman,Merkez,Altınşehir Anadolu Lisesi,anadolu,398.8201,11.77,10.29
Adıyaman,Merkez,Aslan Selim Sosyal Bilimler Lisesi,sosyal,331.5274,22.92,25.56
Adıyaman,Besni,Besni Kız Anadolu İmam Hatip Lisesi,imamHatip,191.9326,87.01,91.4
Adıyaman,Çelikhan,Çelikhan Fen Lisesi,fen,347.9794,23.18,21.16
Adıyaman,Merkez,Dumlupınar Kız Mesleki Ve Teknik Anadolu Lisesi,mesleki,177.8187,87.02,96.91
Adıyaman,Kahta,Ebu Sadık Anadolu İmam Hatip Lisesi,imamHatip,312.8134,30.68,31.11
Adıyaman,Merkez,Esentepe Anadolu Lisesi,anadolu,410.5844,9.55,8.31
Adıyaman,Gölbaşı,Gölbaşı Fen Lisesi,fen,375.8312,15.43,14.71
Adıyaman,Kahta,Kahta Anadolu Lisesi,anadolu,345.2732,23.75,21.87
Adıyaman,Kahta,Kahta Borsa İstanbul Fen Lisesi,fen,375.6366,14.27,14.75
Adıyaman,Gölbaşı,Mehmet Tevfik Göksu Anadolu İmam Hatip Lisesi,imamHatip,270.3967,73.34,46.08
Adıyaman,Besni,Merinos Ali Erdemoğlu Fen Lisesi,fen,378.2039,14.2,14.22
Adıyaman,Merkez,Türkiye Odalar Ve Borsalar Birliği Kız Anadolu İmam Hatip Lisesi,imamHatip,372.9849,14.71,15.33
Adıyaman,Kahta,Türkiye Petrolleri Kahta Kız Anadolu İmam Hatip Lisesi,imamHatip,324.5239,30.55,27.57
Afyonkarahisar,Merkez,Afyonkarahisar Atatürk Mesleki Ve Teknik Anadolu Lisesi,mesleki,324.4065,25.35,27.6
Afyonkarahisar,Merkez,Afyonkarahisar Gazi Mesleki Ve Teknik Anadolu Lisesi (Raylı Sistemler Teknolojisi Alanı),mesleki,228.1107,75.68,67.55
Afyonkarahisar,Merkez,Afyonkarahisar Gazi Mesleki Ve Teknik Anadolu Lisesi (Endüstriyel Otomasyon Teknolojileri Alanı),mesleki,231.6408,75.68,65.34
Afyonkarahisar,Merkez,Afyonkarahisar Gazi Mesleki Ve Teknik Anadolu Lisesi (RAYLI SİSTEMLER TEKNOLOJİSİ ALANI),mesleki,214.5637,,77.61
Afyonkarahisar,Merkez,Afyonkarahisar Hattat Ahmet Karahisari Anadolu İmam Hatip Lisesi,imamHatip,279.9614,35.84,42.31
Afyonkarahisar,Merkez,Afyonkarahisar Kız Anadolu İmam Hatip Lisesi,imamHatip,351.5904,26.32,20.24
Afyonkarahisar,Merkez,Afyonkarahisar Şehit Yunus Çiçek Mesleki Ve Teknik Anadolu Lisesi (Motorlu Araçlar Teknolojisi Alanı),mesleki,207.6615,49.51,81.59
Afyonkarahisar,Merkez,Afyonkarahisar Şehit Yunus Çiçek Mesleki Ve Teknik Anadolu Lisesi (Makine Ve Tasarım Teknolojisi Alanı),mesleki,180.3888,49.51,95.25
Afyonkarahisar,Merkez,Afyonkarahisar Şehit Yunus Çiçek Mesleki Ve Teknik Anadolu Lisesi (Bilişim Teknolojileri Alanı),mesleki,233.8626,49.51,63.99
Afyonkarahisar,Merkez,Afyonkarahisar Şehit Yunus Çiçek Mesleki Ve Teknik Anadolu Lisesi (Elektrik-Elektronik Teknolojisi Alanı),mesleki,262.4226,49.51,49.43
Afyonkarahisar,Merkez,Afyon Lisesi,anadolu,422.8865,7.76,6.43
Afyonkarahisar,Merkez,Ahmet Ömer Kocaşaban Fen Lisesi,fen,465.4383,,1.63
Afyonkarahisar,Bolvadin,Ayfer-Ceylan Emet Fen Lisesi,fen,403.8905,9.61,9.41
Afyonkarahisar,Bolvadin,Bolvadin Tobb Anadolu İmam Hatip Lisesi,imamHatip,228.9912,49.48,67
Afyonkarahisar,Çay,Çay Anadolu Lisesi,anadolu,291.344,37.35,38.19
Afyonkarahisar,Dinar,Dinar Anadolu İmam Hatip Lisesi,imamHatip,312.48,33.58,31.21
Afyonkarahisar,Dinar,Dinar Fen Lisesi,fen,389.3034,12.77,12.02
Afyonkarahisar,Dinar,Dinar Mesleki Ve Teknik Anadolu Lisesi,mesleki,187.4577,90.45,93.95
Afyonkarahisar,Emirdağ,Emirdağ Anadolu İmam Hatip Lisesi,imamHatip,263.5377,90.32,48.95
Afyonkarahisar,Emirdağ,Emirdağ Fen Lisesi,fen,372.2365,17.87,15.47
Afyonkarahisar,Emirdağ,Emirdağ Mesleki Ve Teknik Anadolu Lisesi (Elektrik-Elektronik Teknolojisi Alanı),mesleki,188.9035,99.82,92.91
Afyonkarahisar,Emirdağ,Emirdağ Mesleki Ve Teknik Anadolu Lisesi (Makine Ve Tasarım Teknolojisi Alanı),mesleki,178.7187,80.28,95.87
Afyonkarahisar,İscehisar,İscehisar Mehmet Çakmak Anadolu Lisesi,anadolu,261.741,49.49,49.79
Afyonkarahisar,Merkez,Kamil Miras Anadolu Lisesi,anadolu,434.9888,4.66,4.81
Afyonkarahisar,Bolvadin,Raziye Sultan-Yusuf Kayabaşı Sosyal Bilimler Lisesi,sosyal,336.7431,25.28,24.13
Afyonkarahisar,Sandıklı,Sandıklı Anadolu İmam Hatip Lisesi,imamHatip,192.0716,84.31,91.33
Afyonkarahisar,Sandıklı,Sandıklı Hisar Ticaret Mesleki Ve Teknik Anadolu Lisesi,mesleki,246.386,85.39,57.01
Afyonkarahisar,Sandıklı,Sandıklı Kız Anadolu İmam Hatip Lisesi,imamHatip,324.7306,36.42,27.3
Afyonkarahisar,Sandıklı,Sandıklı Türk Telekom Fen Lisesi,fen,391.787,12,11.55
Afyonkarahisar,Şuhut,Şuhut Anadolu Lisesi,anadolu,302.9636,38.71,34.25
Afyonkarahisar,Şuhut,Şuhut Kız Anadolu İmam Hatip Lisesi,imamHatip,195.072,87.19,89.69
Afyonkarahisar,Merkez,Süleyman Demirel Fen Lisesi,fen,451.3652,2.08,2.92
Afyonkarahisar,Merkez,Toki Sosyal Bilimler Lisesi,sosyal,357.5396,18.45,18.8
Ağrı,Patnos,15 Temmuz Şehitleri Anadolu İmam Hatip Lisesi,imamHatip,190.2674,90.31,92.26
Ağrı,Merkez,15 Temmuz Şehitleri Anadolu Lisesi,anadolu,348.5206,22.04,21.03
Ağrı,Merkez,Ağrı Anadolu İmam Hatip Lisesi,imamHatip,218.7087,80.36,73.85
Ağrı,Merkez,Ağrı Dağı Anadolu Lisesi,anadolu,368.5897,17.6,16.34
Ağrı,Merkez,Ağrı Hüseyin Celal Yardımcı Fen Lisesi,fen,404.4129,8.68,9.32
Ağrı,Diyadin,Diyadin Anadolu İmam Hatip Lisesi,imamHatip,211.8767,89.46,78.64
Ağrı,Doğubayazıt,Doğubeyazıt Rıza Ertuğrul Eryılmaz Anadolu Lisesi,anadolu,313.8158,30.99,30.8
Ağrı,Doğubayazıt,Fatımatü Zehra Kız Anadolu İmam Hatip Lisesi,imamHatip,182.7014,90.69,95.25
Ağrı,Merkez,Hayrettin Atmaca Kız Anadolu İmam Hatip Lisesi,imamHatip,300.3665,35.58,35.12
Ağrı,Doğubayazıt,Medine Müdafii Fahrettin Paşa Anadolu İmam Hatip Lisesi,imamHatip,183.1654,90.25,95.25
Ağrı,Merkez,Naci Gökçe Anadolu Lisesi,anadolu,331.4673,26.97,25.57
Ağrı,Merkez,Nurettin Dolgun Mesleki Ve Teknik Anadolu Lisesi (Elektrik-Elektronik Teknolojisi Alanı),mesleki,266.0498,49.4,47.87
Ağrı,Merkez,Nurettin Dolgun Mesleki Ve Teknik Anadolu Lisesi (Tesisat Teknolojisi Ve İklimlendirme Alanı),mesleki,238.8569,49.4,61.15
Ağrı,Doğubayazıt,Ömer Çoktin Fen Lisesi,fen,347.0903,20.31,21.39
Ağrı,Patnos,Patnos Selahaddin Eyyubi Fen Lisesi,fen,337.4991,24.3,23.92
Ağrı,Eleşkirt,Recep Tayyip Erdoğan Anadolu İmam Hatip Lisesi,imamHatip,269.7934,51.95,46.33
Ağrı,Diyadin,Şehit Ömer Halisdemir Anadolu Lisesi,anadolu,269.6724,53.11,46.38
Ağrı,Patnos,Şehit Polis Taha Yasin Biçer Kız Anadolu İmam Hatip Lisesi,imamHatip,193.6112,90.54,90.51
Ağrı,Merkez,Türk Telekom Sosyal Bilimler Lisesi,sosyal,311.7047,29.82,31.45
Ağrı,Tutak,Tutak Anadolu İmam Hatip Lisesi,imamHatip,245.4904,,57.48
Aksaray,Merkez,75. Yıl Mesleki Ve Teknik Anadolu Lisesi,mesleki,227.8221,67.69,67.74
Aksaray,Merkez,Abdülhamid Han Fen Lisesi,fen,444.3958,4.16,3.69
Aksaray,Merkez,Ahmet Cevdet Paşa Sosyal Bilimler Lisesi,sosyal,377.5731,14.23,14.47
Aksaray,Merkez,Aksaray Anadolu İmam Hatip Lisesi (Fen Ve Sosyal Bilimler Programı),imamHatip,167.9562,87.35,98.8
Aksaray,Merkez,Aksaray Anadolu İmam Hatip Lisesi (Fen Ve Teknoloji Programı),imamHatip,183.416,85.62,95.19
Aksaray,Merkez,Aksaray Şehit Pilot Hamza Gümüşsoy Fen Lisesi,fen,457.5827,2.54,2.31
Aksaray,Eskil,Eskil Atatürk Anadolu Lisesi,anadolu,242.1549,60.45,59.26
Aksaray,Merkez,Hazım Kulak Anadolu Lisesi,anadolu,418.8049,7.6,7.02
Aksaray,Merkez,Kanuni Anadolu İmam Hatip Lisesi,imamHatip,163.478,87.07,99.44
Aksaray,Merkez,Recep Tayyip Erdoğan Anadolu İmam Hatip Lisesi,imamHatip,379.0498,15.84,14.05
Aksaray,Ortaköy,Şehit Nurullah Sabırer Fen Lisesi,fen,370.4786,17.47,15.85
Aksaray,Merkez,Şehit Önder Güzel Kız Anadolu İmam Hatip Lisesi,imamHatip,382.5256,14.47,13.34
Aksaray,Merkez,Şehit Yavuz Çoban Mesleki Ve Teknik Anadolu Lisesi,mesleki,296.7013,32.62,36.35
Amasya,Merkez,Amasya Anadolu Lisesi,anadolu,374.4437,15.11,15.01
Amasya,Merkez,Amasya Borsa İstanbul Turizm Mesleki Ve Teknik Anadolu Lisesi (Yiyecek İçecek Hizmetleri Alanı),mesleki,220.9713,89.06,72.26
Amasya,Merkez,Amasya Borsa İstanbul Turizm Mesleki Ve Teknik Anadolu Lisesi (Konaklama Ve Seyahat Hizmetleri Alanı),mesleki,191.4327,89.06,91.66
Amasya,Merkez,Amasya Sosyal Bilimler Lisesi,sosyal,354.9135,18.85,19.43
Amasya,Merkez,Gökhöyük Şehit Cemalettin Özdemir Tarım Mesleki Ve Teknik Anadolu Lisesi,mesleki,171.0902,90.04,98.34
Amasya,Merkez,Macit Zeren Fen Lisesi,fen,440.5373,3.39,4.13
Amasya,Merzifon,Merzifon Anadolu İmam Hatip Lisesi,imamHatip,195.3601,92.61,89.53
Amasya,Merzifon,Merzifon Fen Lisesi,fen,433.2396,4.23,5.03
Amasya,Merzifon,Merzifon Mesleki Ve Teknik Anadolu Lisesi,mesleki,199.7132,88,86.89
Amasya,Merzifon,Şehit Ahmet Özsoy Kız Anadolu İmam Hatip Lisesi,imamHatip,248.7294,68.92,55.82
Amasya,Taşova,Şehit Bekir Özdemir Anadolu İmam Hatip Lisesi,imamHatip,171.2947,85.81,98.31
Amasya,Merkez,Şehit Gültekin Tırpan Mesleki Ve Teknik Anadolu Lisesi,mesleki,251.13,57.56,54.63
Amasya,Suluova,Şehit Hüseyin Kavaklı Fen Lisesi,fen,412.9889,6.66,7.93
Amasya,Suluova,Şehit Osman Karakuş Anadolu İmam Hatip Lisesi,imamHatip,278.371,31.65,42.92
Amasya,Suluova,Şehit Süleyman Aydın Kız Anadolu İmam Hatip Lisesi,imamHatip,295.8333,37.05,36.64
Amasya,Merkez,Türk Telekom Anadolu İmam Hatip Lisesi,imamHatip,404.7275,8.78,9.27
Ankara,Ayaş,Abdülhamid Han Anadolu İmam Hatip Lisesi,imamHatip,204.2673,88.11,83.89
Ankara,Mamak,Abidinpaşa Mesleki Ve Teknik Anadolu Lisesi (Makine Ve Tasarım Teknolojisi Alanı),mesleki,296.1018,37.77,36.54
Ankara,Mamak,Abidinpaşa Mesleki Ve Teknik Anadolu Lisesi (Biyomedikal Cihaz Teknolojileri Alanı),mesleki,267.974,46.48,47.07
Ankara,Keçiören,Aktepe Şehit Köksal Kaşaltı Anadolu Lisesi,anadolu,409.3087,8.93,8.68
Ankara,Akyurt,Akyurt Şükrü Acar Anadolu İmam Hatip Lisesi,imamHatip,229.9405,91.47,66.4
Ankara,Altındağ,Altındağ Anadolu İmam Hatip Lisesi,imamHatip,370.7101,18.75,15.81
Ankara,Altındağ,Altındağ Mesleki Ve Teknik Anadolu Lisesi,mesleki,227.647,61.36,67.85
Ankara,Altındağ,Altındağ Yıldırım Beyazıt Fen Lisesi,fen,431.63,5.44,5.32
Ankara,Çankaya,Ankara Atatürk Lisesi,anadolu,457.27,2.35,2.34
Ankara,Sincan,Ankara Erman Ilıcak Fen Lisesi,fen,483.3962,0.77,0.47
Ankara,Çankaya,Ankara Fen Lisesi,fen,494.4243,0.09,0.09
Ankara,Altındağ,Ankara Kız Anadolu İmam Hatip Lisesi,imamHatip,364.29,19.15,17.23
Ankara,Altındağ,Ankara Lisesi,anadolu,423.6972,6.3,6.31
Ankara,Pursaklar,Ankara Pursaklar Fen Lisesi,fen,486.0037,0.31,0.38
Ankara,Altındağ,Ankara Ticaret Mesleki Ve Teknik Anadolu Lisesi,mesleki,266.3946,56.02,47.73
Ankara,Yenimahalle,Ankara Turizm Mesleki Ve Teknik Anadolu Lisesi (Konaklama Ve Seyahat Hizmetleri Alanı),mesleki,192.6677,92.19,91.01
Ankara,Yenimahalle,Ankara Turizm Mesleki Ve Teknik Anadolu Lisesi (Yiyecek İçecek Hizmetleri Alanı),mesleki,242.9336,82.28,58.82
Ankara,Çankaya,Ankara Türk Telekom Sosyal Bilimler Lisesi,sosyal,406.045,9.27,9.06
Ankara,Yenimahalle,Aselsan Mesleki Ve Teknik Anadolu Lisesi (Makine Ve Tasarım Teknolojisi Alanı),mesleki,464.9999,2.01,1.66
Ankara,Yenimahalle,Aselsan Mesleki Ve Teknik Anadolu Lisesi (Elektrik-Elektronik Teknolojisi Alanı),mesleki,471.0468,1.6,1.21
Ankara,Keçiören,Atatürk Anadolu İmam Hatip Lisesi,imamHatip,387.3373,14.36,12.39
Ankara,Yenimahalle,Atatürk Anadolu Lisesi,anadolu,474.9623,0.79,0.96
Ankara,Altındağ,Atatürk Mesleki Ve Teknik Anadolu Lisesi,mesleki,240.2312,56.27,60.31
Ankara,Keçiören,Aydınlıkevler Anadolu Lisesi,anadolu,423.5527,6.07,6.33
Ankara,Keçiören,Aydınlıkevler Ticaret Mesleki Ve Teknik Anadolu Lisesi,mesleki,237.5083,61.1,61.85
Ankara,Çankaya,Ayhan Sümer Anadolu Lisesi,anadolu,427.9209,5.73,5.69
Ankara,Çankaya,Ayrancı Anadolu Lisesi (Çince),anadolu,425.1308,5.93,6.1
Ankara,Çankaya,Ayrancı Anadolu Lisesi (İngilizce),anadolu,437.9146,4.47,4.45
Ankara,Etimesgut,Bağlıca Şehit Kalender Özdemir Anadolu İmam Hatip Lisesi,imamHatip,206.7094,87.23,82.24
Ankara,Keçiören,Bağlum Şehit Oğuz Kaan Usta Mesleki Ve Teknik Anadolu Lisesi,mesleki,171.6771,88.53,98.24
Ankara,Keçiören,Bağlum Şehit Yakup Çapat Anadolu İmam Hatip Lisesi,imamHatip,201.7226,89.22,85.58
Ankara,Çankaya,Balgat Mesleki Ve Teknik Anadolu Lisesi (BİYOMEDİKAL CİHAZ TEKNOLOJİLERİ ALANI),mesleki,223.8829,,70.3
Ankara,Çankaya,Balgat Mesleki Ve Teknik Anadolu Lisesi (Elektrik-Elektronik Teknolojisi Alanı),mesleki,274.405,45.77,44.46
Ankara,Çankaya,Balgat Mesleki Ve Teknik Anadolu Lisesi (MAKİNE VE TASARIM TEKNOLOJİSİ ALANI),mesleki,233.4967,,64.21
Ankara,Çankaya,Balgat Mesleki Ve Teknik Anadolu Lisesi (Endüstriyel Otomasyon Teknolojileri Alanı),mesleki,242.6647,62.65,58.97
Ankara,Mamak,Başkent Anadolu Lisesi,anadolu,397.7026,11.41,10.48
Ankara,Sincan,Başkent Osb Mesleki Ve Teknik Anadolu Lisesi,mesleki,268.7257,51.36,46.76
Ankara,Yenimahalle,"Batıkent Şehit Demet Sezen Kız Anadolu İmam Hatip Lisesi (Fen Ve Sosyal Bilimler Programı, 5 yıl)",imamHatip,392.06,14.15,11.49
Ankara,Yenimahalle,"Batıkent Şehit Demet Sezen Kız Anadolu İmam Hatip Lisesi (Fen Ve Sosyal Bilimler Programı, 4 yıl)",imamHatip,359.5825,25.05,18.32
Ankara,Yenimahalle,Batıkent Şevket Evliyagil Ticaret Mesleki Ve Teknik Anadolu Lisesi,mesleki,182.2375,88.07,95.25
Ankara,Mamak,Battalgazi Mesleki Ve Teknik Anadolu Lisesi,mesleki,222.685,78.82,71.11
Ankara,Çankaya,Betül Can Anadolu Lisesi,anadolu,431.845,5.32,5.32
Ankara,Beypazarı,Beypazarı Fatih Mesleki Ve Teknik Anadolu Lisesi,mesleki,238.7785,68.68,61.16
Ankara,Nallıhan,Bilal Güngör Fen Lisesi,fen,352.8457,23.31,19.94
Ankara,Kızılcahamam,Bizim Anadolu Vakfı Gürcan Kız Anadolu İmam Hatip Lisesi,imamHatip,190.4287,66,92.17
Ankara,Çankaya,Borsa İstanbul Mehmet Akif Ersoy Mesleki Ve Teknik Anadolu Lisesi,mesleki,213.856,75.29,77.61
Ankara,Mamak,Çağrıbey Anadolu Lisesi,anadolu,403.8613,9.79,9.42
Ankara,Çankaya,Çankaya Borsa İstanbul Turizm Mesleki Ve Teknik Anadolu Lisesi (Yiyecek İçecek Hizmetleri Alanı),mesleki,234.2105,69.36,63.78
Ankara,Çankaya,Çankaya Borsa İstanbul Turizm Mesleki Ve Teknik Anadolu Lisesi (Konaklama Ve Seyahat Hizmetleri Alanı),mesleki,175.7852,90.73,97.41
Ankara,Etimesgut,Cezeri Yeşil Teknoloji Mesleki Ve Teknik Anadolu Lisesi (Elektrik-Elektronik Teknolojisi Alanı),mesleki,443.199,4.47,3.82
Ankara,Etimesgut,Cezeri Yeşil Teknoloji Mesleki Ve Teknik Anadolu Lisesi (Yenilenebilir Enerji Teknolojileri Alanı),mesleki,425.5382,6.21,6.05
Ankara,Yenimahalle,Çiğdemtepe Şehit Mehmet Coşkun Kılıç Mesleki Ve Teknik Anadolu Lisesi,mesleki,229.468,66.36,66.7
Ankara,Çubuk,Çubuk İbrahim Yılmaz Kız Anadolu İmam Hatip Lisesi,imamHatip,294.0388,,37.25
Ankara,Çubuk,Çubuk Yıldırım Beyazıt Anadolu Lisesi,anadolu,364.2205,21.1,17.24
Ankara,Çankaya,Cumhuriyet Fen Lisesi,fen,470.5834,1.04,1.24
Ankara,Yenimahalle,Demetevler Kız Anadolu İmam Hatip Lisesi,imamHatip,311.5844,40.74,31.49
Ankara,Çankaya,Dr.Binnaz Ege-Dr.Rıdvan Ege Anadolu Lisesi,anadolu,451.2802,2.83,2.93
Ankara,Mamak,Ege Mesleki Ve Teknik Anadolu Lisesi (Endüstriyel Otomasyon Teknolojileri Alanı),mesleki,249.6045,65.66,55.38
Ankara,Mamak,Ege Mesleki Ve Teknik Anadolu Lisesi (Yenilenebilir Enerji Teknolojileri Alanı),mesleki,234.5917,65.83,63.54
Ankara,Elmadağ,Elmadağ Anadolu İmam Hatip Lisesi,imamHatip,199.4002,87.01,87.1
Ankara,Etimesgut,Elvanköy Borsa İstanbul Mesleki Ve Teknik Anadolu Lisesi,mesleki,331.765,20.81,25.49
Ankara,Sincan,Erkan - Volkan Yiğit Anadolu İmam Hatip Lisesi,imamHatip,400.3664,10.22,10.05
Ankara,Etimesgut,Eryaman Şehit Okan Koç Anadolu İmam Hatip Lisesi,imamHatip,350.2678,42.88,20.58
Ankara,Etimesgut,Etimesgut Şehit Kaymakam Muhammed Fatih Safitürk Anadolu İmam Hatip Lisesi,imamHatip,251.2947,,54.55
Ankara,Sincan,Fatih Anadolu Lisesi,anadolu,416.7492,7.11,7.34
Ankara,Sincan,Fatih Mesleki Ve Teknik Anadolu Lisesi,mesleki,363.9317,19.6,17.3
Ankara,Çubuk,Fatih Sultan Mehmet Mesleki Ve Teknik Anadolu Lisesi,mesleki,297.9342,35.61,35.93
Ankara,Çankaya,Gazi Anadolu Lisesi,anadolu,457.0279,2.37,2.39
Ankara,Altındağ,Gazi Lisesi,anadolu,413.3461,8.18,7.87
Ankara,Yenimahalle,Gazi Mesleki Ve Teknik Anadolu Lisesi (Motorlu Araçlar Teknolojisi Alanı),mesleki,381.0918,13.44,13.63
Ankara,Yenimahalle,Gazi Mesleki Ve Teknik Anadolu Lisesi (Uçak Bakım Alanı),mesleki,390.5942,11.58,11.78
Ankara,Elmadağ,Gazi Şahin Anadolu Lisesi,anadolu,349.883,25.44,20.68
Ankara,Gölbaşı,Gölbaşı Anadolu Lisesi,anadolu,415.3252,7.88,7.56
Ankara,Gölbaşı,Gölbaşı Mesleki Ve Teknik Anadolu Lisesi,mesleki,261.299,53.62,50.44
Ankara,Pursaklar,Güzide Ülker Ticaret Mesleki Ve Teknik Anadolu Lisesi,mesleki,276.3403,42.17,43.7
Ankara,Çankaya,Hacı Ömer Tarman Anadolu Lisesi (Almanca),anadolu,445.1018,3.6,3.61
Ankara,Çankaya,Hacı Ömer Tarman Anadolu Lisesi (İngilizce),anadolu,447.2065,3.19,3.38
Ankara,Çankaya,Hasan Ali Yücel Sosyal Bilimler Lisesi,sosyal,394.4199,12.11,11.05
Ankara,Güdül,Hasan Hüseyin Akdede Fen Lisesi,fen,343.0726,24.93,22.43
Ankara,Elmadağ,Hasanoğlan Atatürk Fen Lisesi,fen,397.0564,10.61,10.6
Ankara,Beypazarı,Hatice-Cemil Ercan Fen Lisesi,fen,396.4085,11.59,10.71
Ankara,Haymana,Haymana Anadolu İmam Hatip Lisesi,imamHatip,211.8884,90.88,78.63
Ankara,Altındağ,İskitler Mesleki Ve Teknik Anadolu Lisesi,mesleki,303.7317,35.61,34
Ankara,Kahramankazan,Kahramankazan Fuat Erkmen Anadolu İmam Hatip Lisesi,imamHatip,192.7651,86.88,90.96
Ankara,Kahramankazan,Kahramankazan Kız Anadolu İmam Hatip Lisesi,imamHatip,197.9863,85.43,87.98
Ankara,Keçiören,Kalaba Kız Mesleki Ve Teknik Anadolu Lisesi,mesleki,232.8567,79.62,64.6
Ankara,Keçiören,Kanuni Mesleki Ve Teknik Anadolu Lisesi,mesleki,306.6377,30.68,32.92
Ankara,Gölbaşı,Karaali Tarım Mesleki Ve Teknik Anadolu Lisesi,mesleki,202.4033,87.46,85.14
Ankara,Keçiören,Keçiören Borsa İstanbul Mesleki Ve Teknik Anadolu Lisesi,mesleki,277.2868,37.92,43.33
Ankara,Keçiören,Keçiören İbn-İ Sina Mesleki Ve Teknik Anadolu Lisesi,mesleki,341.2231,21.54,22.93
Ankara,Keçiören,Keçiören Şehit Mustafa Avcu Anadolu İmam Hatip Lisesi,imamHatip,253.5171,42.05,53.48
Ankara,Keçiören,Keçiören Sosyal Bilimler Lisesi,sosyal,385.0139,12.78,12.84
Ankara,Keçiören,Keçiören Vatansever Şehit Tümgeneral Aydoğan Aydın Fen Lisesi,fen,470.4291,1.13,1.25
Ankara,Pursaklar,Kocalar Anadolu İmam Hatip Lisesi,imamHatip,284.9009,,40.47
Ankara,Altındağ,Mahir İz Anadolu İmam Hatip Lisesi (FEN VE SOSYAL BİLİMLER PROGRAMI),imamHatip,339.9537,,23.26
Ankara,Altındağ,Mahir İz Anadolu İmam Hatip Lisesi (Fen Ve Sosyal Bilimler Programı),imamHatip,264.4025,31.29,48.58
Ankara,Mamak,Mamak Anadolu İmam Hatip Lisesi,imamHatip,321.6607,28.26,28.37
Ankara,Mamak,Mamak Fen Lisesi,fen,440.5947,4.25,4.12
Ankara,Gölbaşı,Mehmet Akif Ersoy Anadolu İmam Hatip Lisesi,imamHatip,268.7075,67.08,46.77
Ankara,Kalecik,Mehmet Doğan Fen Lisesi,fen,367.7243,18.78,16.46
Ankara,Çankaya,Mehmet Emin Resulzade Anadolu Lisesi,anadolu,456.1071,2.45,2.45
Ankara,Yenimahalle,Mehmet Rüştü Uzel Mesleki Ve Teknik Anadolu Lisesi,mesleki,274.9648,51.6,44.25
Ankara,Çubuk,Meliha Hasanali Bostan Çubuk Fen Lisesi,fen,415.6131,8.05,7.51
Ankara,Yenimahalle,Mimar Sinan Mesleki Ve Teknik Anadolu Lisesi (Harita-Tapu-Kadastro Alanı),mesleki,178.7132,85.08,95.88
Ankara,Yenimahalle,Mimar Sinan Mesleki Ve Teknik Anadolu Lisesi (Bilişim Teknolojileri Alanı),mesleki,296.9202,85.08,36.27
Ankara,Yenimahalle,Mimar Sinan Mesleki Ve Teknik Anadolu Lisesi (İnşaat Teknolojisi Alanı),mesleki,155.6336,90.87,100
Ankara,Gölbaşı,Mogan Turizm Mesleki Ve Teknik Anadolu Lisesi (Konaklama Ve Seyahat Hizmetleri Alanı),mesleki,215.4449,76.63,75.53
Ankara,Gölbaşı,Mogan Turizm Mesleki Ve Teknik Anadolu Lisesi (Yiyecek İçecek Hizmetleri Alanı),mesleki,226.3615,74.39,68.67
Ankara,Akyurt,Muhammed Hamdi Yazır Anadolu İmam Hatip Lisesi (Hafızlık Projesi (İlahiyat Odaklı Program)),imamHatip,166.6217,88.04,98.99
Ankara,Akyurt,Muhammed Hamdi Yazır Anadolu İmam Hatip Lisesi (Fen Ve Sosyal Bilimler Programı),imamHatip,213.2982,75.81,77.68
Ankara,Keçiören,Mustafa Asım Köksal Anadolu İmam Hatip Lisesi,imamHatip,350.6565,22.56,20.48
Ankara,Yenimahalle,Mustafa Azmi Doğan Anadolu Lisesi,anadolu,433.7911,5.39,4.95
Ankara,Kahramankazan,Mustafa Hakan Güvençer Fen Lisesi,fen,423.8249,6.11,6.29
Ankara,Nallıhan,Nallıhan Fettah Güngör Mesleki Ve Teknik Anadolu Lisesi,mesleki,183.3897,87.08,95.2
Ankara,Nallıhan,Nallıhan Şehit Hulki Beydili Mesleki Ve Teknik Anadolu Lisesi,mesleki,176.0454,89.27,97.36
Ankara,Yenimahalle,Necip Fazıl Kısakürek Anadolu İmam Hatip Lisesi,imamHatip,229.6049,,66.61
Ankara,Etimesgut,Nene Hatun Kız Anadolu İmam Hatip Lisesi,imamHatip,185.4184,,94.43
Ankara,Yenimahalle,Nermin Mehmet Çekiç Anadolu Lisesi,anadolu,444.2309,3.46,3.71
Ankara,Çankaya,Nurten Uşan Anadolu İmam Hatip Lisesi,imamHatip,259.2979,69.24,50.81
Ankara,Mamak,Ortatepe Anadolu İmam Hatip Lisesi,imamHatip,191.0121,,91.88
Ankara,Mamak,Osman Yüksel Serdengeçti Kız Anadolu İmam Hatip Lisesi,imamHatip,192.713,87.01,90.99
Ankara,Yenimahalle,Ostim Şehit Alper Zor Mesleki Ve Teknik Anadolu Lisesi,mesleki,306.242,30.5,32.92
Ankara,Elmadağ,Özdemir Bayraktar Havacılık Ve Uzay Teknolojileri Mesleki Ve Teknik Anadolu Lisesi,mesleki,479.2143,0.87,0.7
Ankara,Çankaya,Özel Harekat Şehitleri Anadolu İmam Hatip Lisesi,imamHatip,342.6968,27.87,22.54
Ankara,Etimesgut,Özkent Akbilek Fen Lisesi,fen,466.3555,1.58,1.56
Ankara,Altındağ,Piri Reis Anadolu Lisesi,anadolu,404.6038,10.38,9.29
Ankara,Polatlı,Polatlı Anadolu İmam Hatip Lisesi,imamHatip,309.5106,42.64,32.15
Ankara,Polatlı,Polatlı Anadolu Lisesi,anadolu,377.8608,16.84,14.3
Ankara,Polatlı,Polatlı Mesleki Ve Teknik Anadolu Lisesi,mesleki,309.6106,31.46,32.12
Ankara,Polatlı,Polatlı Tobb Fen Lisesi,fen,412.8858,8.02,7.94
Ankara,Çankaya,Prof. Dr. Aziz Sancar Fen Lisesi,fen,489.443,0.21,0.23
Ankara,Mamak,Prof. Dr. Rağıp Üner Mesleki Ve Teknik Anadolu Lisesi,mesleki,301.527,32.39,34.74
Ankara,Pursaklar,Pursaklar Anadolu İmam Hatip Lisesi,imamHatip,354.3048,20.92,19.58
Ankara,Pursaklar,Pursaklar Ayyıldız Anadolu Lisesi,anadolu,414.0466,8.17,7.8
Ankara,Pursaklar,Pursaklar Kız Mesleki Ve Teknik Anadolu Lisesi,mesleki,217.6955,82.14,74.54
Ankara,Altındağ,Sabahattin Zaim Sosyal Bilimler Lisesi,sosyal,360.7762,17.7,18.04
Ankara,Keçiören,Şehit Ahmet Özsoy Kız Anadolu İmam Hatip Lisesi,imamHatip,369.4448,19.01,16.08
Ankara,Yenimahalle,"Şehit Cengiz Polat Anadolu İmam Hatip Lisesi (Fen Ve Teknoloji Programı, İngilizce)",imamHatip,416.6814,8.42,7.35
Ankara,Yenimahalle,"Şehit Cengiz Polat Anadolu İmam Hatip Lisesi (Fen Ve Teknoloji Programı, Almanca)",imamHatip,406.057,9.67,9.06
Ankara,Sincan,Şehit Erdal Koçak Mesleki Ve Teknik Anadolu Lisesi,mesleki,299.1415,35.76,35.53
Ankara,Beypazarı,Şehit Hacı Kazım Ozan Kız Anadolu İmam Hatip Lisesi,imamHatip,188.5594,91.61,93.07
Ankara,Keçiören,Şehit Mehmet Karakaşoğlu Mesleki Ve Teknik Anadolu Lisesi,mesleki,255.2872,52.4,52.65
Ankara,Yenimahalle,Şehit Murat Üçöz Mesleki Ve Teknik Anadolu Lisesi,mesleki,295.4496,29.12,36.76
Ankara,Etimesgut,Şehit Oğuzhan Yaşar Anadolu Lisesi,anadolu,451.7676,2.99,2.88
Ankara,Yenimahalle,Şehit Ömer Halisdemir Anadolu İmam Hatip Lisesi,imamHatip,420.8327,7.16,6.79
Ankara,Etimesgut,Şehit Ömer Halisdemir Anadolu Lisesi,anadolu,424.5814,6.35,6.25
Ankara,Çubuk,Şehit Ömer Takdemir Anadolu İmam Hatip Lisesi,imamHatip,362.0855,19.4,17.73
Ankara,Sincan,Şehit Özgür Can İnce Mesleki Ve Teknik Anadolu Lisesi (Motorlu Araçlar Teknolojisi Alanı),mesleki,277.9802,35.23,43.07
Ankara,Sincan,Şehit Özgür Can İnce Mesleki Ve Teknik Anadolu Lisesi (Makine Ve Tasarım Teknolojisi Alanı),mesleki,310.7488,29.58,31.76
Ankara,Gölbaşı,Şehit Sebahattin Koçak Kız Anadolu İmam Hatip Lisesi (Aihl Çocuk Gelişimi Ve Eğitimi Programı),imamHatip,201.4848,67.23,85.73
Ankara,Gölbaşı,"Şehit Sebahattin Koçak Kız Anadolu İmam Hatip Lisesi (Fen Ve Sosyal Bilimler Programı, 4 yıl)",imamHatip,333.1394,36.8,25.11
Ankara,Gölbaşı,"Şehit Sebahattin Koçak Kız Anadolu İmam Hatip Lisesi (Fen Ve Sosyal Bilimler Programı, 5 yıl)",imamHatip,289.2163,37.77,39.09
Ankara,Kızılcahamam,Şehit Zekeriya Yurdakul Anadolu İmam Hatip Lisesi,imamHatip,220.0948,71.13,72.87
Ankara,Şereflikoçhisar,Şereflikoçhisar Anadolu İmam Hatip Lisesi,imamHatip,248.8466,86.36,55.76
Ankara,Etimesgut,Sezai Karakoç Anadolu Lisesi,anadolu,389.8355,13.83,11.92
Ankara,Sincan,Sincan Ahmet Andiçen Ticaret Mesleki Ve Teknik Anadolu Lisesi,mesleki,221.7998,77.07,71.71
Ankara,Sincan,Sincan Anadolu İmam Hatip Lisesi,imamHatip,317.6746,32.3,29.6
Ankara,Sincan,Sincan Anadolu Lisesi,anadolu,413.0214,,7.92
Ankara,Sincan,Süleyman Demirel Anadolu Lisesi,anadolu,426.3926,5.48,5.93
Ankara,Çankaya,Tapu Kadastro Mesleki Ve Teknik Anadolu Lisesi,mesleki,210.2486,68.2,79.8
Ankara,Yenimahalle,Teknopark Ankara İvedik Osb Mesleki Ve Teknik Anadolu Lisesi (Plastik Teknolojisi Alanı),mesleki,300.3591,30.76,35.12
Ankara,Yenimahalle,Teknopark Ankara İvedik Osb Mesleki Ve Teknik Anadolu Lisesi (Elektrik-Elektronik Teknolojisi Alanı),mesleki,404.1286,10.3,9.38
Ankara,Yenimahalle,Teknopark Ankara İvedik Osb Mesleki Ve Teknik Anadolu Lisesi (Bilişim Teknolojileri Alanı),mesleki,388.5846,10.3,12.15
Ankara,Yenimahalle,Teknopark Ankara İvedik Osb Mesleki Ve Teknik Anadolu Lisesi (Elektrik-Elektronik Teknolojisi Alanı) (2),mesleki,381.5318,10.3,13.53
Ankara,Yenimahalle,Teknopark Ankara İvedik Osb Mesleki Ve Teknik Anadolu Lisesi (Bilişim Teknolojileri Alanı) (2),mesleki,374.244,10.3,15.05
Ankara,Yenimahalle,Teknopark Ankara İvedik Osb Mesleki Ve Teknik Anadolu Lisesi (Makine Ve Tasarım Teknolojisi Alanı),mesleki,369.0698,16.14,16.16
Ankara,Yenimahalle,Tevfik İleri Anadolu İmam Hatip Lisesi (Hafızlık Projesi (Fen Ve Sosyal Bilimler Programı)),imamHatip,361.1762,19.94,17.94
Ankara,Yenimahalle,"Tevfik İleri Anadolu İmam Hatip Lisesi (Fen Ve Sosyal Bilimler Programı, 4 yıl)",imamHatip,448.9326,3.93,3.18
Ankara,Yenimahalle,"Tevfik İleri Anadolu İmam Hatip Lisesi (Fen Ve Sosyal Bilimler Programı, 5 yıl)",imamHatip,441.2672,4.72,4.11
Ankara,Keçiören,Turgut Altınok Anadolu İmam Hatip Lisesi,imamHatip,301.2529,,34.83
Ankara,Mamak,Türközü Oğuzhan Mesleki Ve Teknik Anadolu Lisesi,mesleki,221.4204,74.66,71.97
Ankara,Çankaya,Türk Telekom Mesleki Ve Teknik Anadolu Lisesi,mesleki,162.7022,87.15,99.55
Ankara,Kızılcahamam,Tusaş Şehit Hakan Gülşen Mesleki Ve Teknik Anadolu Lisesi,mesleki,418.2263,8.35,7.11
Ankara,Gölbaşı,Uluslararası Millî İrade Kız Anadolu İmam Hatip Lisesi,imamHatip,317.483,32.47,29.65
Ankara,Yenimahalle,Uluslararası Prof.Dr.Muhammed Hamidullah Anadolu İmam Hatip Lisesi,imamHatip,307.0021,32.04,32.92
Ankara,Çankaya,Ümitköy Anadolu İmam Hatip Lisesi,imamHatip,353.7051,19.49,19.72
Ankara,Çankaya,Ümitköy Anadolu Lisesi,anadolu,426.1448,5.9,5.97
Ankara,Çankaya,Ümitköy Kız Anadolu İmam Hatip Lisesi,imamHatip,373.6069,15.62,15.19
Ankara,Keçiören,Vecihi Hürkuş Anadolu Lisesi,anadolu,445.7418,3.78,3.54
Ankara,Mamak,Yavuz Sultan Selim Anadolu Lisesi,anadolu,415.7976,7.61,7.48
Ankara,Şereflikoçhisar,Yavuz Sultan Selim Fen Lisesi,fen,370.2655,16.51,15.89
Ankara,Yenimahalle,Yenimahalle Fen Lisesi,fen,468.8049,1.26,1.37
Ankara,Yenimahalle,Yenimahalle Şehit Mehmet Şengül Mesleki Ve Teknik Anadolu Lisesi (Makine Ve Tasarım Teknolojisi Alanı),mesleki,348.6007,19.66,21.01
Ankara,Yenimahalle,Yenimahalle Şehit Mehmet Şengül Mesleki Ve Teknik Anadolu Lisesi (Elektrik-Elektronik Teknolojisi Alanı),mesleki,366.4373,17.59,16.74
Ankara,Yenimahalle,Yenimahalle Şehit Mehmet Şengül Mesleki Ve Teknik Anadolu Lisesi (Bilişim Teknolojileri Alanı),mesleki,351.1113,17.68,20.36
Ankara,Yenimahalle,Yenimahalle Zeynep-Salih Alp Mesleki Ve Teknik Anadolu Lisesi (Yiyecek İçecek Hizmetleri Alanı),mesleki,253.9541,53.01,53.27
Ankara,Yenimahalle,Yenimahalle Zeynep-Salih Alp Mesleki Ve Teknik Anadolu Lisesi (Bilişim Teknolojileri Alanı),mesleki,319.6152,28.04,29.02
Ankara,Yenimahalle,Yenimahalle Zeynep-Salih Alp Mesleki Ve Teknik Anadolu Lisesi (Radyo-Televizyon Alanı),mesleki,160.3172,88.98,99.89
Ankara,Altındağ,Yıldırım Beyazıt Anadolu İmam Hatip Lisesi,imamHatip,172.6896,87.83,98.05
Ankara,Akyurt,Yıldırım Beyazıt Anadolu Lisesi,anadolu,345.4928,21.47,21.8
Antalya,Muratpaşa,Adem-Tolunay Anadolu Lisesi,anadolu,461.8866,2.78,1.93
Antalya,Akseki,Akseki Şahinler Meslekî Ve Teknik Anadolu Lisesi,anadolu,197.3353,86.93,88.38
Antalya,Aksu,Aksu Fen Lisesi,fen,445.7937,4.07,3.53
Antalya,Aksu,Aksu Kız Anadolu İmam Hatip Lisesi,imamHatip,165.301,85.41,99.18
Antalya,Aksu,Aksu Uçak Bakım Teknolojisi Mesleki Ve Teknik Anadolu Lisesi,mesleki,402.2678,10.74,9.69
Antalya,Alanya,Alanya Mesleki Ve Teknik Anadolu Lisesi (Motorlu Araçlar Teknolojisi Alanı),mesleki,183.3306,89.93,95.22
Antalya,Alanya,Alanya Mesleki Ve Teknik Anadolu Lisesi (Elektrik-Elektronik Teknolojisi Alanı),mesleki,225.2832,74.49,69.38
Antalya,Alanya,Alanya Ümit Altay Turizm Mesleki Ve Teknik Anadolu Lisesi (Konaklama Ve Seyahat Hizmetleri Alanı),mesleki,209.0515,83.25,80.64
Antalya,Alanya,Alanya Ümit Altay Turizm Mesleki Ve Teknik Anadolu Lisesi (Yiyecek İçecek Hizmetleri Alanı),mesleki,172.3183,81.36,98.13
Antalya,Muratpaşa,Antalya Anadolu İmam Hatip Lisesi,imamHatip,390.825,13.68,11.74
Antalya,Muratpaşa,Antalya Anadolu Lisesi,anadolu,470.2413,1.55,1.27
Antalya,Muratpaşa,Antalya Barosu Mesleki Ve Teknik Anadolu Lisesi,mesleki,269.9024,47,46.29
Antalya,Döşemealtı,Antalya Erünal Sosyal Bilimler Lisesi,sosyal,382.5982,13.1,13.32
Antalya,Muratpaşa,Antalya Lisesi,anadolu,422.9198,7.49,6.43
Antalya,Muratpaşa,Antalya Mesleki Ve Teknik Anadolu Lisesi (MAKİNE VE TASARIM TEKNOLOJİSİ ALANI),mesleki,307.8974,,32.65
Antalya,Muratpaşa,Antalya Mesleki Ve Teknik Anadolu Lisesi (Endüstriyel Otomasyon Teknolojileri Alanı),mesleki,330.1173,22.63,25.96
Antalya,Muratpaşa,Antalya Mesleki Ve Teknik Anadolu Lisesi (ENDÜSTRİYEL OTOMASYON TEKNOLOJİLERİ ALANI),mesleki,340.4963,,23.12
Antalya,Muratpaşa,Antalya Ticaret Borsası Ticaret Mesleki Ve Teknik Anadolu Lisesi,mesleki,319.726,22.43,28.99
Antalya,Kepez,Antalya Türkiye Odalar Ve Borsalar Birliği Fen Lisesi,fen,457.0065,3.11,2.39
Antalya,Kepez,Atatürk Mesleki Ve Teknik Anadolu Lisesi,mesleki,309.5166,27.35,32.15
Antalya,Aksu,Aysel Akın-Klaus Wagner Tarım Mesleki Ve Teknik Anadolu Lisesi,mesleki,173.6663,88.52,97.85
Antalya,Alanya,Demirtaş Anadolu İmam Hatip Lisesi,imamHatip,240.3896,71.1,60.22
Antalya,Demre,Demre Anadolu İmam Hatip Lisesi,imamHatip,259.0401,70.06,50.93
Antalya,Döşemealtı,Döşemealtı Mesleki Ve Teknik Anadolu Lisesi,mesleki,337.4476,23.13,23.94
Antalya,Konyaaltı,Dr. İlhami Tankut Anadolu Lisesi,anadolu,439.4306,4.92,4.27
Antalya,Elmalı,Elmalı Anadolu İmam Hatip Lisesi,imamHatip,191.6754,73.85,91.54
Antalya,Alanya,Emine Ahmet Uysal Teknoloji Anadolu İmam Hatip Lisesi (Fen Ve Teknoloji Programı),imamHatip,384.0362,12.19,13.04
Antalya,Alanya,Emine Ahmet Uysal Teknoloji Anadolu İmam Hatip Lisesi (Fen Ve Sosyal Bilimler Programı),imamHatip,377.9075,15.52,14.29
Antalya,Serik,Ertuğrul Gazi Anadolu Lisesi,anadolu,373.9737,16.83,15.11
Antalya,Muratpaşa,Falez Turizm Mesleki Ve Teknik Anadolu Lisesi (Yiyecek İçecek Hizmetleri Alanı),mesleki,274.0064,47.53,44.63
Antalya,Muratpaşa,Falez Turizm Mesleki Ve Teknik Anadolu Lisesi (Konaklama Ve Seyahat Hizmetleri Alanı),mesleki,267.5857,49.41,47.66
Antalya,Korkuteli,Fatma Mehmet Cadıl Fen Lisesi,fen,403.7909,9.69,9.43
Antalya,Konyaaltı,Fettah Tamince Denizcilik Mesleki Ve Teknik Anadolu Lisesi,mesleki,348.7037,20.58,20.98
Antalya,Finike,Finike Anadolu Lisesi,anadolu,354.2793,22.52,19.58
Antalya,Finike,Finike Eroğlu Nuri Anadolu İmam Hatip Lisesi,imamHatip,327.9167,33.15,26.59
Antalya,Gazipaşa,Gazipaşa Fen Lisesi,fen,426.2737,6.38,5.95
Antalya,Kemer,Göynük Fen Lisesi,fen,428.5539,6.68,5.64
Antalya,Kepez,Gülşen - Mehmet Fehmi Diktaş Mesleki Ve Teknik Anadolu Lisesi,mesleki,201.4726,92.39,85.74
Antalya,Kepez,Gülveren Anadolu Lisesi,anadolu,438.211,5.47,4.41
Antalya,Muratpaşa,Hacı Dudu- Mehmet Gebizli Kız Anadolu İmam Hatip Lisesi,imamHatip,345.042,24.28,21.93
Antalya,Alanya,Hasan Çolak Anadolu Lisesi,anadolu,417.2437,7.32,7.26
Antalya,Kumluca,Havva-Sedat Avcıoğlu Fen Lisesi,fen,415.3386,8.24,7.55
Antalya,Konyaaltı,Hayme Ana Kız Anadolu İmam Hatip Lisesi,imamHatip,408.1055,8.68,8.72
Antalya,Alanya,Hüseyin Girenes Fen Lisesi,fen,455.1691,3.25,2.54
Antalya,Elmalı,İbrahim Bedrettin Elmalı Fen Lisesi,fen,384.1332,13.23,13.01
Antalya,Alanya,İrfan Bileydi Mesleki Ve Teknik Anadolu Lisesi (Siber Güvenlik Alanı),mesleki,409.9625,14.6,8.41
Antalya,Alanya,İrfan Bileydi Mesleki Ve Teknik Anadolu Lisesi (Bilişim Teknolojileri Alanı),mesleki,393.4421,14.6,11.26
Antalya,Kaş,Kaş Anadolu İmam Hatip Lisesi,imamHatip,222.7444,90.43,71.07
Antalya,Kaş,Kaş Turizm Mesleki Ve Teknik Anadolu Lisesi (Konaklama Ve Seyahat Hizmetleri Alanı),mesleki,157.3153,91.96,100
Antalya,Kaş,Kaş Turizm Mesleki Ve Teknik Anadolu Lisesi (Yiyecek İçecek Hizmetleri Alanı),mesleki,180.9096,88.25,95.25
Antalya,Kemer,Kemer Turizm Mesleki Ve Teknik Anadolu Lisesi (Konaklama Ve Seyahat Hizmetleri Alanı),mesleki,220.5111,76.68,72.59
Antalya,Kemer,Kemer Turizm Mesleki Ve Teknik Anadolu Lisesi (Yiyecek İçecek Hizmetleri Alanı),mesleki,209.6643,81.81,80.2
Antalya,Alanya,Kestel Sultan Alparslan Anadolu Lisesi,anadolu,390.7698,11.82,11.75
Antalya,Konyaaltı,Konyaaltı Bahtılı Mesleki Ve Teknik Anadolu Lisesi,mesleki,259.8006,51.96,50.58
Antalya,Konyaaltı,Konyaaltı Mehmet Zeki Balcı Turizm Mesleki Ve Teknik Anadolu Lisesi (Konaklama Ve Seyahat Hizmetleri Alanı),mesleki,278.2145,49.54,42.98
Antalya,Konyaaltı,Konyaaltı Mehmet Zeki Balcı Turizm Mesleki Ve Teknik Anadolu Lisesi (Yiyecek İçecek Hizmetleri Alanı),mesleki,284.3413,43.02,40.67
Antalya,Kumluca,Kumluca Anadolu İmam Hatip Lisesi,imamHatip,178.7827,76.99,95.76
Antalya,Kumluca,Kumluca Sosyal Bilimler Lisesi,sosyal,375.6235,14.59,14.75
Antalya,Kepez,"Mahmud Celaleddin Ökten Anadolu İmam Hatip Lisesi (FEN VE SOSYAL BİLİMLER PROGRAMI, 5 yıl)",imamHatip,453.7278,2.73,2.69
Antalya,Kepez,"Mahmud Celaleddin Ökten Anadolu İmam Hatip Lisesi (FEN VE SOSYAL BİLİMLER PROGRAMI, 4 yıl)",imamHatip,426.2286,7.56,5.96
Antalya,Manavgat,Manavgat Anadolu İmam Hatip Lisesi,imamHatip,311.925,32.68,31.39
Antalya,Manavgat,Manavgat Anadolu Lisesi,anadolu,413.8569,8.12,7.8
Antalya,Manavgat,Manavgat Evliya Çelebi Turizm Mesleki Ve Teknik Anadolu Lisesi (Konaklama Ve Seyahat Hizmetleri Alanı),mesleki,224.0555,84.23,70.18
Antalya,Manavgat,Manavgat Evliya Çelebi Turizm Mesleki Ve Teknik Anadolu Lisesi (Yiyecek İçecek Hizmetleri Alanı),mesleki,216.5693,85.03,75.33
Antalya,Manavgat,Manavgat Rukiye-Raşit Meşhur Mesleki Ve Teknik Anadolu Lisesi,mesleki,241.4002,63.38,59.67
Antalya,Manavgat,Mehmet Akif Ersoy Anadolu Lisesi,anadolu,171.372,88.67,98.29
Antalya,Manavgat,Namık Karamancı Fen Lisesi,fen,448.5809,3.31,3.22
Antalya,Kepez,Neriman-Erol Yılmaz Sosyal Bilimler Lisesi,sosyal,415.248,8.67,7.57
Antalya,Kepez,Neriman-Erol Yılmaz Sosyal Bilimler Lisesi (2),sosyal,392.4778,11.08,11.41
Antalya,Kepez,Nevzat İnan Mesleki ve Teknik Anadolu Lisesi (SİBER GÜVENLİK ALANI),mesleki,358.9049,,18.47
Antalya,Kepez,Nevzat İnan Mesleki ve Teknik Anadolu Lisesi (BİLİŞİM TEKNOLOJİLERİ ALANI),mesleki,332.3925,,25.32
Antalya,Kepez,Prof. Dr. Raşit Küçük Anadolu İmam Hatip Lisesi,imamHatip,367.8492,18.92,16.43
Antalya,Muratpaşa,Şehit Muhammet Oğuz Kılınç Anadolu İmam Hatip Lisesi,imamHatip,218.3796,96.63,74.07
Antalya,Kepez,Şehit Özcan Şenol Mesleki Ve Teknik Anadolu Lisesi (Bilişim Teknolojileri Alanı),mesleki,254.0824,66.14,53.21
Antalya,Kepez,Şehit Özcan Şenol Mesleki Ve Teknik Anadolu Lisesi (Motorlu Araçlar Teknolojisi Alanı),mesleki,244.0713,76.87,58.22
Antalya,Kepez,Şehit Özcan Şenol Mesleki Ve Teknik Anadolu Lisesi (Gıda Teknolojisi Alanı),mesleki,204.2684,89.79,83.89
Antalya,Kepez,Şehit Özcan Şenol Mesleki Ve Teknik Anadolu Lisesi (Yenilenebilir Enerji Teknolojileri Alanı),mesleki,219.413,88.57,73.35
Antalya,Döşemealtı,Şehit Volkan Canöz Anadolu İmam Hatip Lisesi,imamHatip,340.5951,29.61,23.09
Antalya,Korkuteli,Şehit Yasin Naci Ağaroğlu Anadolu İmam Hatip Lisesi,imamHatip,251.0492,87.35,54.67
Antalya,Serik,Serik Anadolu İmam Hatip Lisesi,imamHatip,190.4414,66.3,92.17
Antalya,Serik,Serik Borsa İstanbul Turizm Mesleki Ve Teknik Anadolu Lisesi (Yiyecek İçecek Hizmetleri Alanı),mesleki,218.3383,85.08,74.1
Antalya,Serik,Serik Borsa İstanbul Turizm Mesleki Ve Teknik Anadolu Lisesi (Konaklama Ve Seyahat Hizmetleri Alanı),mesleki,197.9836,82.33,87.98
Antalya,Serik,Serik Fen Lisesi,fen,411.3583,8.27,8.19
Antalya,Serik,Serik Kız Anadolu İmam Hatip Lisesi,imamHatip,265.2342,89.1,48.22
Antalya,Serik,Serik Orhangazi Mesleki Ve Teknik Anadolu Lisesi,mesleki,204.0121,81.65,84.06
Antalya,Manavgat,Şule-Muzaffer Büyük Kız Mesleki Ve Teknik Anadolu Lisesi,mesleki,177.1943,87.73,97.07
Antalya,Muratpaşa,Tez-Tur Turizm Mesleki Ve Teknik Anadolu Lisesi (Konaklama Ve Seyahat Hizmetleri Alanı),mesleki,262.4386,52.15,49.43
Antalya,Muratpaşa,Tez-Tur Turizm Mesleki Ve Teknik Anadolu Lisesi (Yiyecek İçecek Hizmetleri Alanı),mesleki,244.2457,71.71,58.13
Antalya,Kaş,Turan Erdoğan Yılmaz Fen Lisesi,fen,390.1433,11.58,11.86
Antalya,Alanya,Türkler Borsa İstanbul Sosyal Bilimler Lisesi,sosyal,352.8004,23.32,19.95
Antalya,Alanya,Türkler Borsa İstanbul Sosyal Bilimler Lisesi (2),sosyal,327.5828,27.4,26.68
Antalya,Kemer,Ünal Aysal Anadolu Lisesi,anadolu,383.6503,14.42,13.11
Antalya,Döşemealtı,Yeşilbayır Borsa İstanbul Turizm Mesleki Ve Teknik Anadolu Lisesi (Yiyecek İçecek Hizmetleri Alanı),mesleki,227.4075,72.53,68
Antalya,Döşemealtı,Yeşilbayır Borsa İstanbul Turizm Mesleki Ve Teknik Anadolu Lisesi (Konaklama Ve Seyahat Hizmetleri Alanı),mesleki,215.0661,81.2,75.53
Antalya,Döşemealtı,Yusuf Ziya Öner Fen Lisesi,fen,479.2143,0.64,0.7
Antalya,Gazipaşa,Zeliha Tuncer Anadolu İmam Hatip Lisesi,imamHatip,184.0902,94.23,94.94
Ardahan,Merkez,Ardahan Fen Lisesi,fen,361.6423,18.01,17.84
Ardahan,Merkez,Ardahan Salim Dursunoğlu Anadolu İmam Hatip Lisesi,imamHatip,194.0651,93.09,90.26
Ardahan,Merkez,Ardahan Yunus Emre Anadolu Lisesi,anadolu,335.8442,26.29,24.38
Ardahan,Göle,Göle Bedirhan Bey Anadolu İmam Hatip Lisesi,imamHatip,188.5642,87.6,93.06
Ardahan,Göle,Nilüfer Göle Sosyal Bilimler Lisesi,sosyal,249.1261,55.4,55.61
Ardahan,Merkez,Şehit Er Serhat Şanlı Ticaret Mesleki Ve Teknik Anadolu Lisesi (Adalet Alanı),mesleki,164.7786,90.74,99.25
Ardahan,Merkez,Şehit Er Serhat Şanlı Ticaret Mesleki Ve Teknik Anadolu Lisesi (Bilişim Teknolojileri Alanı),mesleki,184.2889,90.74,94.86
Ardahan,Merkez,Şehit Türkmen Tekin Kız Mesleki Ve Teknik Anadolu Lisesi (Yiyecek İçecek Hizmetleri Alanı),mesleki,313.5044,86.58,30.89
Ardahan,Merkez,Şehit Türkmen Tekin Kız Mesleki Ve Teknik Anadolu Lisesi (Çocuk Gelişimi Ve Eğitimi Alanı),mesleki,177.653,86.58,96.95
Artvin,Merkez,15 Temmuz Şehitleri Anadolu Lisesi,anadolu,342.5893,21.82,22.57
Artvin,Merkez,Artvin Anadolu İmam Hatip Lisesi,imamHatip,270.7153,59.55,45.94
Artvin,Merkez,Artvin Fen Lisesi,fen,363.5273,15.56,17.4
Artvin,Merkez,Artvin Sosyal Bilimler Lisesi,sosyal,320.2259,27.82,28.84
Artvin,Merkez,Artvin Türkiye Odalar Ve Borsalar Birliği Mesleki Ve Teknik Anadolu Lisesi,mesleki,246.3284,54.62,57.05
Artvin,Arhavi,Ertuğrul Kurdoğlu Fen Lisesi,fen,370.1107,16.22,15.93
Artvin,Hopa,Hopa Anadolu İmam Hatip Lisesi,imamHatip,207.2831,84.82,81.85
Artvin,Arhavi,Nurettin Çarmıklı Anadolu İmam Hatip Lisesi,imamHatip,288.83,65.03,39.09
Artvin,Murgul,Şöhret Cengiz Anadolu İmam Hatip Lisesi,imamHatip,232.6916,68.78,64.7
Aydın,Efeler,Adnan Menderes Anadolu İmam Hatip Lisesi,imamHatip,397.6557,10.88,10.49
Aydın,Nazilli,Asımın Nesli Anadolu İmam Hatip Lisesi,imamHatip,368.6687,16.45,16.26
Aydın,İncirliova,Aydın Bey Anadolu İmam Hatip Lisesi,imamHatip,352.8999,21.62,19.93
Aydın,Efeler,Aydın Fen Lisesi,fen,473.9786,0.9,1.03
Aydın,Efeler,Aydın Lisesi,anadolu,421.6771,5.84,6.6
Aydın,Efeler,Aydın Mesleki Ve Teknik Anadolu Lisesi (Harita-Tapu-Kadastro Alanı),mesleki,181.3961,67.31,95.25
Aydın,Efeler,Aydın Mesleki Ve Teknik Anadolu Lisesi (Elektrik-Elektronik Teknolojisi Alanı),mesleki,219.6187,67.31,73.21
Aydın,Efeler,Aydın Sosyal Bilimler Lisesi,sosyal,402.1375,8.81,9.72
Aydın,Bozdoğan,Bahattin-Gülten Çırpanlı Anadolu İmam Hatip Lisesi,imamHatip,203.2016,91.1,84.61
Aydın,Çine,Çine Anadolu İmam Hatip Lisesi,imamHatip,174.9577,86.1,97.58
Aydın,Çine,Çine Madran Anadolu Lisesi,anadolu,347.6785,23.09,21.23
Aydın,Didim,Didim Anadolu İmam Hatip Lisesi,imamHatip,212.7853,72.56,78
Aydın,Didim,Esra Karakaya Anadolu Lisesi,anadolu,381.5608,14.59,13.53
Aydın,Kuşadası,Güvercinada Turizm Mesleki Ve Teknik Anadolu Lisesi (Konaklama Ve Seyahat Hizmetleri Alanı),mesleki,251.4176,76.8,54.48
Aydın,Kuşadası,Güvercinada Turizm Mesleki Ve Teknik Anadolu Lisesi (Yiyecek İçecek Hizmetleri Alanı),mesleki,216.4465,76.8,75.42
Aydın,Efeler,Kadıköy Abdülhamid Han Turizm Mesleki Ve Teknik Anadolu Lisesi (Yiyecek İçecek Hizmetleri Alanı),mesleki,236.4406,86.3,62.47
Aydın,Efeler,Kadıköy Abdülhamid Han Turizm Mesleki Ve Teknik Anadolu Lisesi (Konaklama Ve Seyahat Hizmetleri Alanı),mesleki,218.0042,86.3,74.33
Aydın,Kuşadası,Kuşadası Makbule Hasan Uçar Anadolu Lisesi,anadolu,385.1708,14.86,12.81
Aydın,Efeler,Mimar Sinan Mesleki Ve Teknik Anadolu Lisesi (Biyomedikal Cihaz Teknolojileri Alanı),mesleki,234.0304,52.48,63.89
Aydın,Efeler,Mimar Sinan Mesleki Ve Teknik Anadolu Lisesi (Yenilenebilir Enerji Teknolojileri Alanı),mesleki,247.8539,52.48,56.26
Aydın,Nazilli,Nazilli Anadolu Lisesi,anadolu,418.4869,8.55,7.07
Aydın,Nazilli,Nazilli Fen Lisesi,fen,463.3474,1.68,1.8
Aydın,Nazilli,Nazilli Mesleki Ve Teknik Anadolu Lisesi (Makine Ve Tasarım Teknolojisi Alanı),mesleki,291.8269,73.53,38.02
Aydın,Nazilli,Nazilli Mesleki Ve Teknik Anadolu Lisesi (Motorlu Araçlar Teknolojisi Alanı),mesleki,262.5196,73.53,49.39
Aydın,Nazilli,Nazilli Sosyal Bilimler Lisesi,sosyal,378.4769,14.86,14.16
Aydın,Germencik,Ortaklar Fen Lisesi,fen,446.8713,2.94,3.41
Aydın,Söke,Şehit Faruk Demir Anadolu İmam Hatip Lisesi,imamHatip,183.5279,84.87,95.15
Aydın,Söke,Söke Fen Lisesi,fen,420.6934,,6.79
Aydın,Didim,Zeynep-Mehmet Dönmez Turizm Mesleki Ve Teknik Anadolu Lisesi (Konaklama Ve Seyahat Hizmetleri Alanı),mesleki,238.1733,68.13,61.46
Aydın,Didim,Zeynep-Mehmet Dönmez Turizm Mesleki Ve Teknik Anadolu Lisesi (Yiyecek İçecek Hizmetleri Alanı),mesleki,207.4168,68.13,81.75
Aydın,Efeler,Zübeyde Hanım Kız Mesleki Ve Teknik Anadolu Lisesi,mesleki,175.3726,86.93,97.5
Balıkesir,Altıeylül,100. Yıl Mesleki Ve Teknik Anadolu Lisesi,mesleki,288.1219,40.4,39.32
Balıkesir,Erdek,Ahmet Vehbi Çıkrıkçıoğlu Anadolu İmam Hatip Lisesi,imamHatip,186.8467,86.88,93.95
Balıkesir,Bandırma,"Ali Öztaylan Anadolu İmam Hatip Lisesi (Fen Ve Sosyal Bilimler Programı, 5 yıl)",imamHatip,398.8256,11.96,10.29
Balıkesir,Bandırma,"Ali Öztaylan Anadolu İmam Hatip Lisesi (Fen Ve Sosyal Bilimler Programı, 4 yıl)",imamHatip,376.8603,15.75,14.58
Balıkesir,Altıeylül,Altıeylül Fen Lisesi,fen,447.5379,2.93,3.33
Balıkesir,Karesi,Atatürk Mesleki Ve Teknik Anadolu Lisesi,mesleki,343.8094,19.13,22.24
Balıkesir,Ayvalık,Ayvalık Anadolu Lisesi,anadolu,352.9773,21.86,19.91
Balıkesir,Ayvalık,Ayvalık Zeynep Perkit Fen Lisesi,fen,404.0328,10.37,9.39
Balıkesir,Karesi,Balıkesir Anadolu İmam Hatip Lisesi,imamHatip,222.4414,87.92,71.27
Balıkesir,Karesi,Balıkesir Borsa İstanbul Mesleki Ve Teknik Anadolu Lisesi (Elektrik-Elektronik Teknolojisi Alanı),mesleki,341.0626,24.24,22.97
Balıkesir,Karesi,Balıkesir Borsa İstanbul Mesleki Ve Teknik Anadolu Lisesi (Matbaa Teknolojisi Alanı),mesleki,170.2936,24.24,98.46
Balıkesir,Karesi,Balıkesir Borsa İstanbul Mesleki Ve Teknik Anadolu Lisesi (Gıda Teknolojisi Alanı),mesleki,238.9881,24.24,61.15
Balıkesir,Karesi,Balıkesir Lisesi,anadolu,397.0275,11.85,10.61
Balıkesir,Bandırma,Bandırma Yavuz Sultan Selim Anadolu Lisesi,anadolu,410.5581,8.88,8.32
Balıkesir,Bigadiç,Bigadiç Anadolu İmam Hatip Lisesi,imamHatip,303.581,54.92,34.05
Balıkesir,Bigadiç,Bigadiç Mesleki Ve Teknik Anadolu Lisesi,mesleki,231.1098,84.83,65.67
Balıkesir,Burhaniye,Burhaniye Hacı Mehmet Fevzi Köylü Anadolu İmam Hatip Lisesi,imamHatip,208.2837,86.17,81.15
Balıkesir,Burhaniye,Burhaniye Kuvâ-Yı Milliye Fen Lisesi,fen,407.5241,9.02,8.81
Balıkesir,Burhaniye,Celal Toraman Anadolu Lisesi,anadolu,381.8486,14.65,13.47
Balıkesir,Ayvalık,Cunda Turizm Mesleki Ve Teknik Anadolu Lisesi (Yiyecek İçecek Hizmetleri Alanı),mesleki,230.4781,73.31,66.07
Balıkesir,Ayvalık,Cunda Turizm Mesleki Ve Teknik Anadolu Lisesi (Konaklama Ve Seyahat Hizmetleri Alanı),mesleki,183.051,73.31,95.25
Balıkesir,Dursunbey,Dursunbey Sarı Hoca Anadolu İmam Hatip Lisesi,imamHatip,263.2529,,49.07
Balıkesir,Bandırma,Edincik Recep Gencer Mesleki Ve Teknik Anadolu Lisesi (Elektrik-Elektronik Teknolojisi Alanı),mesleki,263.6674,31.25,48.89
Balıkesir,Bandırma,Edincik Recep Gencer Mesleki Ve Teknik Anadolu Lisesi (KİMYA TEKNOLOJİSİ ALANI),mesleki,229.3247,,66.79
Balıkesir,Bandırma,Edincik Recep Gencer Mesleki Ve Teknik Anadolu Lisesi (BİLİŞİM TEKNOLOJİLERİ ALANI),mesleki,250.5268,,54.92
Balıkesir,Bandırma,Edincik Recep Gencer Mesleki Ve Teknik Anadolu Lisesi (Kimya Teknolojisi Alanı),mesleki,283.015,31.25,41.16
Balıkesir,Bandırma,Edincik Recep Gencer Mesleki Ve Teknik Anadolu Lisesi (MAKİNE VE TASARIM TEKNOLOJİSİ ALANI),mesleki,238.2731,,61.41
Balıkesir,Edremit,Edremit Anadolu İmam Hatip Lisesi,imamHatip,290.4323,40.51,39.09
Balıkesir,Edremit,Edremit Anadolu Lisesi,anadolu,367.851,17.48,16.43
Balıkesir,Bandırma,Enerjisa Bandırma Fen Lisesi,fen,435.6101,4.65,4.73
Balıkesir,Karesi,Fatma-Emin Kutvar Anadolu Lisesi (Almanca),anadolu,432.9382,5.52,5.07
Balıkesir,Karesi,Fatma-Emin Kutvar Anadolu Lisesi (İngilizce),anadolu,435.6597,5,4.72
Balıkesir,Karesi,Gazi Mustafa Kemal Turizm Mesleki Ve Teknik Anadolu Lisesi (Konaklama Ve Seyahat Hizmetleri Alanı),mesleki,239.2036,60.12,61.15
Balıkesir,Karesi,Gazi Mustafa Kemal Turizm Mesleki Ve Teknik Anadolu Lisesi (Yiyecek İçecek Hizmetleri Alanı),mesleki,260.3786,60.12,50.44
Balıkesir,Gönen,Gönen Anadolu İmam Hatip Lisesi,imamHatip,252.5128,60.29,53.95
Balıkesir,Gönen,Gönen Anadolu Lisesi,anadolu,362.4476,19.78,17.65
Balıkesir,Gönen,Gönen Ömer Seyfettin Fen Lisesi,fen,385.5089,13.11,12.75
Balıkesir,Gönen,Gönen Ticaret Odası Mesleki Ve Teknik Anadolu Lisesi,mesleki,214.922,65.2,75.53
Balıkesir,Altıeylül,Gülser-Mehmet Bolluk Anadolu Lisesi,anadolu,411.2025,12.45,8.21
Balıkesir,Karesi,İstanbulluoğlu Sosyal Bilimler Lisesi,sosyal,384.6028,12.99,12.92
Balıkesir,Altıeylül,Mimar Sinan Mesleki Ve Teknik Anadolu Lisesi (Motorlu Araçlar Teknolojisi Alanı),mesleki,275.244,31.94,44.14
Balıkesir,Altıeylül,Mimar Sinan Mesleki Ve Teknik Anadolu Lisesi (Elektrik-Elektronik Teknolojisi Alanı),mesleki,306.9726,31.94,32.92
Balıkesir,Altıeylül,Mimar Sinan Mesleki Ve Teknik Anadolu Lisesi (Makine Ve Tasarım Teknolojisi Alanı),mesleki,249.9989,31.94,55.19
Balıkesir,İvrindi,Nurettin Çarmıklı Madencilik Mesleki Ve Teknik Anadolu Lisesi,mesleki,173.9652,86.88,97.79
Balıkesir,Altıeylül,Organize Sanayi Mesleki Ve Teknik Anadolu Lisesi (Ulaştırma Hizmetleri Alanı),mesleki,174.3929,46.13,97.7
Balıkesir,Altıeylül,Organize Sanayi Mesleki Ve Teknik Anadolu Lisesi (Endüstriyel Otomasyon Teknolojileri Alanı),mesleki,259.8797,46.13,50.55
Balıkesir,Karesi,Rahmi Kula Anadolu Lisesi,anadolu,422.595,7.18,6.49
Balıkesir,Manyas,Salur Mesleki Ve Teknik Anadolu Lisesi,mesleki,191.4799,85.31,91.64
Balıkesir,Savaştepe,Savaştepe Tarım Meslekî Ve Teknik Anadolu Lisesi,anadolu,214.4148,73.72,77.61
Balıkesir,Edremit,Şehit Mustafa Serin Fen Lisesi,fen,426.2595,6.35,5.95
Balıkesir,Karesi,Şehit Turgut Solak Fen Lisesi,fen,463.2077,1.6,1.82
Balıkesir,Sındırgı,Sındırgı Anadolu İmam Hatip Lisesi,imamHatip,213.8001,58.49,77.61
Balıkesir,Karesi,Sırrı Yırcalı Anadolu Lisesi,anadolu,439.5794,4.16,4.24
Balıkesir,Karesi,Şule Yüksel Şenler Kız Anadolu İmam Hatip Lisesi,imamHatip,359.6382,19.11,18.3
Balıkesir,Susurluk,Susurluk Anadolu Lisesi,anadolu,328.6252,27.93,26.38
Balıkesir,Ayvalık,Ustalı Anadolu İmam Hatip Lisesi,imamHatip,183.3507,89.05,95.21
Bartın,Amasra,Amasra Turizm Mesleki Ve Teknik Anadolu Lisesi (Yiyecek İçecek Hizmetleri Alanı),mesleki,179.874,90.2,95.25
Bartın,Amasra,Amasra Turizm Mesleki Ve Teknik Anadolu Lisesi (Konaklama Ve Seyahat Hizmetleri Alanı),mesleki,149.3707,90.2,100
Bartın,Merkez,Bartın Lisesi,anadolu,373.2863,16.7,15.26
Bartın,Merkez,Bartın Madencilik Mesleki Ve Teknik Anadolu Lisesi,mesleki,182.2716,86.82,95.25
Bartın,Merkez,Bartın Nene Hatun Kız Anadolu İmam Hatip Lisesi,imamHatip,310.1115,29.18,31.96
Bartın,Merkez,Fatih Sultan Mehmet Anadolu Lisesi,anadolu,396.8753,10.95,10.63
Bartın,Merkez,Fuat Sezgin Mesleki Ve Teknik Anadolu Lisesi,mesleki,289.0759,,39.09
Bartın,Merkez,Hasan Sabri Çavuşoğlu Fen Lisesi,fen,432.9462,5.1,5.07
Bartın,Merkez,Şehit Mustafa Yaman Anadolu İmam Hatip Lisesi,imamHatip,310.9745,27.81,31.56
Bartın,Merkez,Şerife Bacı Kız Mesleki Ve Teknik Anadolu Lisesi,mesleki,156.686,89.16,100
Batman,Merkez,Abdülhamid Han Anadolu Lisesi,anadolu,356.8687,17.53,18.96
Batman,Merkez,Ahmedi Hani Anadolu İmam Hatip Lisesi,imamHatip,195.2502,85.2,89.59
Batman,Merkez,Batman Anadolu Lisesi,anadolu,404.2459,8.28,9.35
Batman,Merkez,Batman Fen Lisesi,fen,440.9094,3.8,4.11
Batman,Merkez,Batman Kız Anadolu İmam Hatip Lisesi,imamHatip,279.521,34.89,42.48
Batman,Merkez,Batman Mesleki Ve Teknik Anadolu Lisesi (Bilişim Teknolojileri Alanı),mesleki,270.5606,50.03,46.01
Batman,Merkez,Batman Mesleki Ve Teknik Anadolu Lisesi (Kimya Teknolojisi Alanı),mesleki,217.4514,50.03,74.71
Batman,Merkez,Batman Mesleki Ve Teknik Anadolu Lisesi (Metal Teknolojisi Alanı),mesleki,221.3654,50.03,72
Batman,Merkez,Batman Mesleki Ve Teknik Anadolu Lisesi (Mobilya Ve İç Mekân Tasarımı Alanı),mesleki,234.3881,50.03,63.67
Batman,Merkez,Batman Mesleki Ve Teknik Anadolu Lisesi (Makine Ve Tasarım Teknolojisi Alanı),mesleki,231.956,50.03,65.14
Batman,Merkez,Batman Mesleki Ve Teknik Anadolu Lisesi (Motorlu Araçlar Teknolojisi Alanı),mesleki,242.4936,50.03,59.07
Batman,Merkez,Batman Mesleki Ve Teknik Anadolu Lisesi (Elektrik-Elektronik Teknolojisi Alanı),mesleki,262.7635,50.03,49.29
Batman,Merkez,Batman Sosyal Bilimler Lisesi,sosyal,324.6656,23.13,27.3
Batman,Merkez,Fatma Aliye Fen Lisesi,fen,419.283,6.93,6.95
Batman,Merkez,Gazi Anadolu İmam Hatip Lisesi,imamHatip,179.1334,87.52,95.25
Batman,Kozluk,Kozluk Kız Anadolu İmam Hatip Lisesi,imamHatip,277.061,57.06,43.42
Batman,Merkez,Mevlana Anadolu Lisesi,anadolu,375.2575,13.41,14.83
Batman,Merkez,Salih Günaydın Anadolu İmam Hatip Lisesi,imamHatip,176.7126,92.96,97.19
Batman,Kozluk,Şehit Şenay Aybüke Yalçın Fen Lisesi,fen,342.4926,21.65,22.59
Batman,Merkez,Tp Fatıma Zehra Kız Anadolu İmam Hatip Lisesi,imamHatip,349.7209,18.05,20.71
Batman,Merkez,Türk Telekom Anadolu Lisesi,anadolu,388.6304,10.6,12.14
Batman,Merkez,Veysel Karani Anadolu İmam Hatip Lisesi,imamHatip,209.506,84.5,80.31
Bayburt,Merkez,Bayburt Anadolu İmam Hatip Lisesi,imamHatip,301.1602,32.71,34.86
Bayburt,Merkez,Bayburt Fen Lisesi,fen,387.8666,12.87,12.29
Bayburt,Merkez,Bayburt Kız Anadolu İmam Hatip Lisesi,imamHatip,296.1835,37.92,36.52
Bayburt,Merkez,Bayburt Mesleki Ve Teknik Anadolu Lisesi (Elektrik-Elektronik Teknolojisi Alanı),mesleki,266.5137,52.7,47.69
Bayburt,Merkez,Bayburt Mesleki Ve Teknik Anadolu Lisesi (Makine Ve Tasarım Teknolojisi Alanı),mesleki,237.0028,52.7,62.15
Bayburt,Merkez,Bayburt Millî İrade Anadolu Lisesi,anadolu,353.7113,21.87,19.72
Bilecik,Merkez,Bilecik Kız Anadolu İmam Hatip Lisesi,imamHatip,254.794,55.98,52.88
Bilecik,Merkez,Bilecik Mesleki Ve Teknik Anadolu Lisesi (Makine Ve Tasarım Teknolojisi Alanı),mesleki,276.9208,32.64,43.48
Bilecik,Merkez,Bilecik Mesleki Ve Teknik Anadolu Lisesi (Elektrik-Elektronik Teknolojisi Alanı),mesleki,304.266,32.64,33.82
Bilecik,Merkez,Bilecik Şeyh Edebali Anadolu İmam Hatip Lisesi,imamHatip,275.2386,51.39,44.14
Bilecik,Bozüyük,Bozüyük Anadolu İmam Hatip Lisesi,imamHatip,213.4324,95.63,77.63
Bilecik,Bozüyük,Bozüyük Fen Lisesi,fen,425.5755,6.36,6.05
Bilecik,Bozüyük,Bozüyük Mesleki Ve Teknik Anadolu Lisesi (Endüstriyel Otomasyon Teknolojileri Alanı),mesleki,199.9103,91.31,86.77
Bilecik,Bozüyük,Bozüyük Mesleki Ve Teknik Anadolu Lisesi (Elektrik-Elektronik Teknolojisi Alanı),mesleki,206.5794,91.31,82.33
Bilecik,Bozüyük,Bozüyük Mesleki Ve Teknik Anadolu Lisesi (Makine Ve Tasarım Teknolojisi Alanı),mesleki,187.8828,91.31,93.95
Bilecik,Merkez,Ertuğrulgazi Lisesi,anadolu,383.7351,14.28,13.09
Bilecik,Merkez,Refik Arslan Öztürk Fen Lisesi,fen,417.6318,7.93,7.2
Bingöl,Merkez,15 Temmuz Milli İrade Anadolu İmam Hatip Lisesi,imamHatip,355.8205,19.86,19.21
Bingöl,Merkez,60. Yıl Mesleki Ve Teknik Anadolu Lisesi,mesleki,346.5534,21.93,21.53
Bingöl,Merkez,Bingöl Mesleki Ve Teknik Anadolu Lisesi,mesleki,252.5269,47.04,53.94
Bingöl,Merkez,Cumhuriyet Kız Anadolu İmam Hatip Lisesi,imamHatip,335.3211,25.8,24.52
Bingöl,Genç,Genç Anadolu İmam Hatip Lisesi,imamHatip,223.4592,56.23,70.58
Bingöl,Genç,Genç Fen Lisesi,fen,329.9786,22.05,25.99
Bingöl,Merkez,Karşıyaka Anadolu Lisesi,anadolu,407.8831,9.12,8.76
Bingöl,Merkez,Mevlana Kız Anadolu Lisesi,anadolu,355.8017,19.74,19.21
Bingöl,Solhan,Sabiha Bahçıvan Fen Lisesi,fen,351.6377,21.34,20.23
Bingöl,Solhan,Solhan Kız Anadolu İmam Hatip Lisesi,imamHatip,266.5032,46.1,47.7
Bingöl,Merkez,Türkiye Büyük Millet Meclisi Vakfı Bingöl Fen Lisesi,fen,438.1665,4.89,4.42
Bingöl,Merkez,Yunus Emre Anadolu Lisesi,anadolu,375.3173,14.69,14.82
Bitlis,Ahlat,Ahlat Mesleki Ve Teknik Anadolu Lisesi,mesleki,166.7396,89.7,98.97
Bitlis,Ahlat,Ahlat Selçuklu Fen Lisesi,fen,373.7639,15.6,15.15
Bitlis,Merkez,Bitlis Cemil Özgür Mesleki Ve Teknik Anadolu Lisesi (Kimya Teknolojisi Alanı),mesleki,171.9397,71.53,98.2
Bitlis,Merkez,Bitlis Cemil Özgür Mesleki Ve Teknik Anadolu Lisesi (Bilişim Teknolojileri Alanı),mesleki,225.3517,71.53,69.34
Bitlis,Merkez,Bitlis Cemil Özgür Mesleki Ve Teknik Anadolu Lisesi (Elektrik-Elektronik Teknolojisi Alanı),mesleki,200.8712,71.53,86.15
Bitlis,Merkez,Bitlis Said Nursi Anadolu İmam Hatip Lisesi,imamHatip,176.9433,76.85,97.13
Bitlis,Merkez,Hatuniye Kız Anadolu İmam Hatip Lisesi,imamHatip,271.4556,41.16,45.66
Bitlis,Merkez,Hikmet Kiler Fen Lisesi,fen,420.4027,7.13,6.79
Bitlis,Merkez,Nurullah Eren Anadolu Lisesi,anadolu,390.3508,11.1,11.82
Bitlis,Tatvan,Sadullah Gencer Sosyal Bilimler Lisesi,sosyal,341.9085,22.87,22.74
Bitlis,Tatvan,Sadullah Gencer Sosyal Bilimler Lisesi (2),sosyal,357.1902,19.16,18.89
Bitlis,Tatvan,Tatvan Anadolu Lisesi,anadolu,364.6842,17.6,17.13
Bitlis,Tatvan,Tatvan Fen Lisesi,fen,397.3755,11.03,10.54
Bitlis,Tatvan,Tatvan Kız Anadolu İmam Hatip Lisesi,imamHatip,250.6522,52.4,54.86
Bitlis,Tatvan,Tatvan Mesleki Ve Teknik Anadolu Lisesi (İnşaat Teknolojisi Alanı),mesleki,190.0351,78.48,92.37
Bitlis,Tatvan,Tatvan Mesleki Ve Teknik Anadolu Lisesi (Elektrik-Elektronik Teknolojisi Alanı),mesleki,197.0038,78.48,88.58
Bolu,Merkez,Ankara Altındağ Belediyesi Kız Anadolu İmam Hatip Lisesi,imamHatip,246.247,47.52,57.09
Bolu,Mengen,Aşcılar Turizm Mesleki Ve Teknik Anadolu Lisesi (Konaklama Ve Seyahat Hizmetleri Alanı),mesleki,184.7458,68.18,94.69
Bolu,Mengen,Aşcılar Turizm Mesleki Ve Teknik Anadolu Lisesi (Yiyecek İçecek Hizmetleri Alanı),mesleki,233.9181,68.18,63.96
Bolu,Merkez,Bolu Anadolu İmam Hatip Lisesi,imamHatip,165.8313,84.36,99.1
Bolu,Merkez,Bolu Fen Lisesi,fen,440.8009,4.17,4.11
Bolu,Merkez,Bolu Sosyal Bilimler Lisesi,sosyal,361.9384,16.92,17.77
Bolu,Gerede,Gerede Anadolu İmam Hatip Lisesi,imamHatip,195.7018,87.16,89.34
Bolu,Gerede,Gerede Fen Lisesi,fen,354.2703,18.45,19.58
Bolu,Gerede,Gerede Habibullah Üstün Kız Anadolu İmam Hatip Lisesi,imamHatip,247.7732,65.73,56.3
Bolu,Merkez,İzzet Baysal Abant Turizm Mesleki Ve Teknik Anadolu Lisesi (Konaklama Ve Seyahat Hizmetleri Alanı),mesleki,208.5061,80.76,81
Bolu,Merkez,İzzet Baysal Abant Turizm Mesleki Ve Teknik Anadolu Lisesi (Yiyecek İçecek Hizmetleri Alanı),mesleki,231.2614,80.76,65.57
Bolu,Merkez,İzzet Baysal Anadolu Lisesi,anadolu,409.5277,9,8.68
Bolu,Merkez,İzzet Baysal Mesleki Ve Teknik Anadolu Lisesi,mesleki,223.381,61.72,70.64
Burdur,Merkez,15 Temmuz Şehitler Anadolu Lisesi,anadolu,380.7206,16.51,13.7
Burdur,Tefenni,Barutlusu Şehit Ömer Kızılkaya Mesleki Ve Teknik Anadolu Lisesi,mesleki,179.3354,92.47,95.25
Burdur,Bucak,Bucak Adem Tolunay Fen Lisesi,fen,423.3106,5.76,6.37
Burdur,Bucak,Bucak Şehit Muhittin Talha Çalışkan Anadolu İmam Hatip Lisesi,imamHatip,310.1169,39.33,31.96
Burdur,Merkez,Burdur Mesleki Ve Teknik Anadolu Lisesi (Makine Ve Tasarım Teknolojisi Alanı),mesleki,203.3995,45.8,84.48
Burdur,Merkez,Burdur Mesleki Ve Teknik Anadolu Lisesi (Elektrik-Elektronik Teknolojisi Alanı),mesleki,246.0111,45.8,57.22
Burdur,Merkez,Ercan Akın Fen Lisesi,fen,430.1781,4.9,5.43
Burdur,Gölhisar,Gölhisar Fen Lisesi,fen,391.9222,12.63,11.52
Burdur,Karamanlı,Hakan Sevim Fen Lisesi,fen,375.18,15.78,14.85
Burdur,Bucak,Mehmet Cadıl Anadolu Lisesi,anadolu,389.7223,11.9,11.94
Burdur,Merkez,Mehmet Uzal Sosyal Bilimler Lisesi,sosyal,358.407,18.55,18.59
Burdur,Bucak,Oğuzhan Kız Mesleki Ve Teknik Anadolu Lisesi,mesleki,187.3746,88.2,93.95
Burdur,Merkez,Recep Tayyip Erdoğan Anadolu İmam Hatip Lisesi,imamHatip,353.1709,22.47,19.86
Burdur,Merkez,Türkiye Odalar Ve Borsalar Birliği Anadolu Lisesi,anadolu,402.1292,13.94,9.72
Bursa,Yıldırım,6 Nisan Anadolu Lisesi,anadolu,404.9475,9.25,9.23
Bursa,Nilüfer,Ahmet Erdem Anadolu Lisesi,anadolu,459.039,2.61,2.17
Bursa,Nilüfer,Ali Kuşçu Anadolu İmam Hatip Lisesi,imamHatip,384.0835,13.2,13.03
Bursa,Osmangazi,Ali Osman Sönmez Mesleki Ve Teknik Anadolu Lisesi (Endüstriyel Otomasyon Teknolojileri Alanı),mesleki,365.4312,18.12,16.97
Bursa,Osmangazi,Ali Osman Sönmez Mesleki Ve Teknik Anadolu Lisesi (Makine Ve Tasarım Teknolojisi Alanı),mesleki,339.5201,23.52,23.37
Bursa,Osmangazi,Ali Osman Sönmez Mesleki Ve Teknik Anadolu Lisesi (Elektrik-Elektronik Teknolojisi Alanı),mesleki,340.8243,24.38,23.03
Bursa,Nilüfer,Atatürk Mesleki Ve Teknik Anadolu Lisesi,mesleki,325.2522,27.21,27.3
Bursa,Osmangazi,Btso Ali Osman Sönmez Sosyal Bilimler Lisesi,sosyal,392.7397,11.91,11.37
Bursa,Osmangazi,Btso Ali Osman Sönmez Sosyal Bilimler Lisesi (2),sosyal,396.9129,11.77,10.63
Bursa,Osmangazi,Btso Hayri Terzioğlu Mesleki Ve Teknik Anadolu Lisesi,mesleki,249.8953,49.02,55.24
Bursa,Osmangazi,Btso Hüseyin Sungur Anadolu Lisesi,anadolu,397.7389,11.19,10.47
Bursa,Yıldırım,Bursa Ahmet Vefik Paşa Anadolu Lisesi,anadolu,402.9622,9.96,9.58
Bursa,Osmangazi,Bursa Anadolu Lisesi,anadolu,468.4525,1.39,1.39
Bursa,Osmangazi,Bursa Erkek Lisesi,anadolu,437.0879,5,4.55
Bursa,Yıldırım,"Bursa İpekçilik Anadolu İmam Hatip Lisesi (FEN VE SOSYAL BİLİMLER PROGRAMI, İngilizce)",imamHatip,416.7154,,7.34
Bursa,Yıldırım,Bursa İpekçilik Anadolu İmam Hatip Lisesi (Fen Ve Sosyal Bilimler Programı),imamHatip,419.9532,8.28,6.85
Bursa,Yıldırım,"Bursa İpekçilik Anadolu İmam Hatip Lisesi (FEN VE SOSYAL BİLİMLER PROGRAMI, Almanca)",imamHatip,411.7912,,8.11
Bursa,Osmangazi,Bursa Kız Lisesi,anadolu,405.1355,9.02,9.2
Bursa,Yıldırım,Bursa Merkez Anadolu İmam Hatip Lisesi,imamHatip,389.3564,13.17,12.01
Bursa,Osmangazi,Bursa Türkiye Odalar Ve Borsalar Birliği Anadolu İmam Hatip Lisesi,imamHatip,344.6599,25.04,22.02
Bursa,Osmangazi,Cavit Çağlar Mesleki Ve Teknik Anadolu Lisesi,mesleki,286.7704,39.66,39.8
Bursa,Osmangazi,Demirtaşpaşa Mesleki Ve Teknik Anadolu Lisesi (Makine Ve Tasarım Teknolojisi Alanı),mesleki,336.0794,30.14,24.32
Bursa,Osmangazi,Demirtaşpaşa Mesleki Ve Teknik Anadolu Lisesi (MAKİNE VE TASARIM TEKNOLOJİSİ ALANI),mesleki,321.715,,28.37
Bursa,Osmangazi,Demirtaşpaşa Mesleki Ve Teknik Anadolu Lisesi (ELEKTRİK-ELEKTRONİK TEKNOLOJİSİ ALANI),mesleki,327.3999,,26.73
Bursa,Yıldırım,Faik Çelik Kız Mesleki Ve Teknik Anadolu Lisesi,mesleki,196.6159,82.93,88.81
Bursa,Gemlik,Gemlik Anadolu İmam Hatip Lisesi,imamHatip,236.584,58.78,62.38
Bursa,Gemlik,Gemlik Fen Lisesi,fen,417.535,7.38,7.22
Bursa,Gemlik,Gemlik Mesleki Ve Teknik Anadolu Lisesi,mesleki,262.8096,56.33,49.27
Bursa,Gemlik,Gemport Gemlik Anadolu Lisesi,anadolu,379.9239,15.48,13.8
Bursa,Osmangazi,Gökmen Uzay Havacılık Eğitim Merkezi (GUHEM) Havacılık ve Uzay Teknolojileri Mesleki ve Teknik Anadolu Lisesi,mesleki,424.4581,,6.25
Bursa,İnegöl,Hacı Sevim Yıldız-1 Mesleki Ve Teknik Anadolu Lisesi,mesleki,233.4793,68.37,64.22
Bursa,İnegöl,Hacı Sevim Yıldız-2 Mesleki Ve Teknik Anadolu Lisesi,mesleki,208.0335,87.29,81.33
Bursa,İnegöl,Hacı Sevim Yıldız-4 Turizm Mesleki Ve Teknik Anadolu Lisesi (Konaklama Ve Seyahat Hizmetleri Alanı),mesleki,177.7097,87.27,96.94
Bursa,İnegöl,Hacı Sevim Yıldız-4 Turizm Mesleki Ve Teknik Anadolu Lisesi (Yiyecek İçecek Hizmetleri Alanı),mesleki,214.3131,87.27,77.61
Bursa,İnegöl,Hacı Sevim Yıldız Mobilya Ve İç Mekan Tasarımı Teknolojisi Mesleki Ve Teknik Anadolu Lisesi,mesleki,177.4581,89.47,97
Bursa,İnegöl,Halil İnalcık Sosyal Bilimler Lisesi,sosyal,366.0589,17.63,16.82
Bursa,Osmangazi,Hamidiye Tarım Mesleki Ve Teknik Anadolu Lisesi (Tarım Alanı),mesleki,226.9044,70.89,68.32
Bursa,Osmangazi,Hamidiye Tarım Mesleki Ve Teknik Anadolu Lisesi (Gıda Teknolojisi Alanı),mesleki,239.6666,70.76,61.15
Bursa,Osmangazi,Hamidiye Tarım Mesleki Ve Teknik Anadolu Lisesi (Hayvan Yetiştiriciliği Ve Sağlığı),mesleki,248.2691,53.7,56.05
Bursa,Nilüfer,Havva Aslanoba Turizm Mesleki Ve Teknik Anadolu Lisesi (Yiyecek İçecek Hizmetleri Alanı),mesleki,286.1077,39.78,40.04
Bursa,Nilüfer,Havva Aslanoba Turizm Mesleki Ve Teknik Anadolu Lisesi (Konaklama Ve Seyahat Hizmetleri Alanı),mesleki,277.9949,44.72,43.06
Bursa,Osmangazi,Hürriyet Mesleki Ve Teknik Anadolu Lisesi (Endüstriyel Otomasyon Teknolojileri Alanı),mesleki,351.9197,21.48,20.16
Bursa,Osmangazi,Hürriyet Mesleki Ve Teknik Anadolu Lisesi (Uçak Bakım Alanı),mesleki,376.2345,15.54,14.64
Bursa,Nilüfer,Hüseyin Özdilek Mesleki Ve Teknik Anadolu Lisesi,mesleki,248.5671,50.09,55.9
Bursa,Mustafakemalpaşa,İbrahim Önal Fen Lisesi,fen,407.9252,8.8,8.75
Bursa,İnegöl,İnegöl Mediha-Hayri Çelik Fen Lisesi,fen,445.58,3.86,3.55
Bursa,İznik,İznik Anadolu İmam Hatip Lisesi,imamHatip,230.602,84.45,65.99
Bursa,İznik,İznik Anadolu Lisesi,anadolu,360.2649,21.27,18.16
Bursa,Karacabey,Karacabey Anadolu İmam Hatip Lisesi,imamHatip,204.348,84.44,83.84
Bursa,Karacabey,Karacabey Anadolu Lisesi,anadolu,359.854,19.66,18.25
Bursa,Karacabey,Karacabey Mesleki Ve Teknik Anadolu Lisesi (Endüstriyel Otomasyon Teknolojileri Alanı),mesleki,264.768,46.77,48.43
Bursa,Karacabey,Karacabey Mesleki Ve Teknik Anadolu Lisesi (Makine Ve Tasarım Teknolojisi Alanı),mesleki,219.1464,64.82,73.54
Bursa,Karacabey,Karacabey Ulviye Matlı Fen Lisesi,fen,418.5,6.93,7.07
Bursa,Osmangazi,Mihraplı Abdulkadir Can Anadolu İmam Hatip Lisesi,imamHatip,363.0515,19.69,17.51
Bursa,Yıldırım,Mimar Sinan Mesleki Ve Teknik Anadolu Lisesi (Metal Teknolojisi Alanı),mesleki,241.8714,68.82,59.4
Bursa,Yıldırım,Mimar Sinan Mesleki Ve Teknik Anadolu Lisesi (Makine Ve Tasarım Teknolojisi Alanı),mesleki,265.9526,44.46,47.91
Bursa,Nilüfer,M. Kemal Coşkunöz Mesleki Ve Teknik Anadolu Lisesi (Elektrik-Elektronik Teknolojisi Alanı),mesleki,380.641,14.54,13.72
Bursa,Nilüfer,M. Kemal Coşkunöz Mesleki Ve Teknik Anadolu Lisesi (Biyomedikal Cihaz Teknolojileri Alanı),mesleki,356.6507,19.69,19.02
Bursa,Mudanya,Mudanya Anadolu İmam Hatip Lisesi,imamHatip,168.4073,86.16,98.73
Bursa,Osmangazi,Mümin Canbaz Fen Lisesi,fen,465.9551,1.63,1.59
Bursa,Osmangazi,Muradiye Turizm Mesleki Ve Teknik Anadolu Lisesi (Yiyecek İçecek Hizmetleri Alanı),mesleki,237.4709,58.38,61.87
Bursa,Osmangazi,Muradiye Turizm Mesleki Ve Teknik Anadolu Lisesi (Konaklama Ve Seyahat Hizmetleri Alanı),mesleki,250.6468,62.04,54.86
Bursa,Mustafakemalpaşa,Mustafakemalpaşa Kız Anadolu İmam Hatip Lisesi,imamHatip,203.8628,88.68,84.16
Bursa,Mustafakemalpaşa,Mustafakemalpaşa Mesleki Ve Teknik Anadolu Lisesi (Makine Ve Tasarım Teknolojisi Alanı),mesleki,242.4116,53.71,59.12
Bursa,Mustafakemalpaşa,Mustafakemalpaşa Mesleki Ve Teknik Anadolu Lisesi (Metal Teknolojisi Alanı),mesleki,187.2621,87.75,93.95
Bursa,Osmangazi,Necatibey Kız Mesleki Ve Teknik Anadolu Lisesi,mesleki,214.6466,79.89,77.61
Bursa,Nilüfer,"Nilüfer Anadolu İmam Hatip Lisesi (Fen Ve Sosyal Bilimler Programı, 4 yıl)",imamHatip,415.5665,9.97,7.51
Bursa,Nilüfer,"Nilüfer Anadolu İmam Hatip Lisesi (Fen Ve Sosyal Bilimler Programı, 5 yıl)",imamHatip,428.5521,6.76,5.64
Bursa,Nilüfer,Nilüfer Borsa İstanbul Fen Lisesi,fen,478.5732,0.63,0.73
Bursa,Osmangazi,Nizam Karasu Anadolu İmam Hatip Lisesi,imamHatip,376.0313,15.79,14.68
Bursa,Orhangazi,Orhangazi Fen Lisesi,fen,403.0298,10.28,9.57
Bursa,Orhangazi,Orhangazi Mesleki Ve Teknik Anadolu Lisesi,mesleki,243.7288,65.3,58.41
Bursa,Osmangazi,Osmangazi Gazi Anadolu Lisesi,anadolu,445.245,4.05,3.59
Bursa,Nilüfer,Otomotiv Endüstrisi İhracatçıları Birliği Mesleki Ve Teknik Anadolu Lisesi (Elektrik-Elektronik Teknolojisi Alanı),mesleki,409.3914,9.84,8.68
Bursa,Nilüfer,Otomotiv Endüstrisi İhracatçıları Birliği Mesleki Ve Teknik Anadolu Lisesi (Endüstriyel Otomasyon Teknolojileri Alanı),mesleki,418.9477,7.03,7
Bursa,Nilüfer,Otomotiv Endüstrisi İhracatçıları Birliği Mesleki Ve Teknik Anadolu Lisesi (Motorlu Araçlar Teknolojisi Alanı),mesleki,398.9302,11.83,10.27
Bursa,Nilüfer,Otomotiv Endüstrisi İhracatçıları Birliği Mesleki Ve Teknik Anadolu Lisesi (Metal Teknolojisi Alanı),mesleki,381.361,13.68,13.57
Bursa,Nilüfer,Otomotiv Endüstrisi İhracatçıları Birliği Mesleki Ve Teknik Anadolu Lisesi (Makine Ve Tasarım Teknolojisi Alanı),mesleki,403.9708,10.62,9.4
Bursa,Nilüfer,Otomotiv Endüstrisi İhracatçıları Birliği Mesleki Ve Teknik Anadolu Lisesi (Bilişim Teknolojileri Alanı),mesleki,412.7661,8.96,7.96
Bursa,Nilüfer,Özlüce Rasim Özdenören Anadolu İmam Hatip Lisesi,imamHatip,291.0845,42.35,38.28
Bursa,Nilüfer,Özlüce Şehit Aykut Yurtsever Anadolu Lisesi,anadolu,435.0155,5.25,4.8
Bursa,Osmangazi,Öztimurlar Mesleki Ve Teknik Anadolu Lisesi,mesleki,308.7748,26.96,32.38
Bursa,Mustafakemalpaşa,Sedat Karan Anadolu Lisesi,anadolu,358.6755,19.15,18.48
Bursa,Kestel,Şehit Emre Karaaslan Kız Mesleki Ve Teknik Anadolu Lisesi,mesleki,224.3733,64.74,69.97
Bursa,Osmangazi,Şehit Erol Olçok Turizm Mesleki Ve Teknik Anadolu Lisesi,mesleki,261.7153,48.69,49.87
Bursa,İnegöl,Şehit Fevzi Başaran Anadolu İmam Hatip Lisesi,imamHatip,389.5311,13.61,11.98
Bursa,Osmangazi,Şehit Hakan Ünver Mesleki Ve Teknik Anadolu Lisesi,mesleki,276.9892,21.28,43.46
Bursa,Osmangazi,Şehit Ömer Halisdemir Mesleki Ve Teknik Anadolu Lisesi (Motorlu Araçlar Teknolojisi Alanı),mesleki,276.9576,43.99,43.47
Bursa,Osmangazi,Şehit Ömer Halisdemir Mesleki Ve Teknik Anadolu Lisesi (Makine Ve Tasarım Teknolojisi Alanı),mesleki,249.0543,50.98,55.65
Bursa,Osmangazi,Şükrü Şankaya Anadolu Lisesi,anadolu,453.4022,3.16,2.71
Bursa,Orhangazi,Süleymanşah Anadolu İmam Hatip Lisesi,imamHatip,176.8351,85.12,97.16
Bursa,Gürsu,Ticaret Ve Sanayi Odası Gürsu Mesleki Ve Teknik Anadolu Lisesi,mesleki,257.4035,47.2,51.68
Bursa,Nilüfer,Tofaş Fen Lisesi,fen,487.5172,0.3,0.33
Bursa,Osmangazi,Tophane Mesleki Ve Teknik Anadolu Lisesi (Elektrik-Elektronik Teknolojisi Alanı),mesleki,323.8035,27.4,27.77
Bursa,Osmangazi,Tophane Mesleki Ve Teknik Anadolu Lisesi (Makine Ve Tasarım Teknolojisi Alanı),mesleki,299.0689,33.88,35.56
Bursa,Osmangazi,Tophane Mesleki Ve Teknik Anadolu Lisesi (Mikromekanik Alanı),mesleki,274.9899,39.37,44.24
Bursa,Mudanya,Turhan Tayan Anadolu Lisesi,anadolu,426.8969,6.51,5.87
Bursa,Osmangazi,Türk Eğitim Vakfı Hayri Tokaman Mesleki Ve Teknik Anadolu Lisesi,mesleki,349.2474,46.49,20.84
Bursa,Yıldırım,Ulubatlı Hasan Anadolu Lisesi,anadolu,427.0352,5.74,5.85
Bursa,Kestel,Uludağ Anadolu İmam Hatip Lisesi,imamHatip,356.3318,21.7,19.09
Bursa,Osmangazi,"Uluslararası Murat Hüdavendigar Anadolu İmam Hatip Lisesi (Fen Ve Sosyal Bilimler Programı, 5 yıl)",imamHatip,393.7104,11.8,11.26
Bursa,Osmangazi,"Uluslararası Murat Hüdavendigar Anadolu İmam Hatip Lisesi (Fen Ve Sosyal Bilimler Programı, 4 yıl)",imamHatip,385.4951,12.99,12.75
Bursa,Yenişehir,Yenişehir Şişecam Mesleki Ve Teknik Anadolu Lisesi,mesleki,238.5987,53.44,61.22
Bursa,Yenişehir,Yenişehir Yusuf Ateş Anadolu İmam Hatip Lisesi,imamHatip,249.6429,29.53,55.36
Bursa,Yıldırım,Yeşil Devlet Hatun Anadolu İmam Hatip Lisesi,imamHatip,332.1442,26.47,25.39
Bursa,Yıldırım,Yıldırım Beyazıt Borsa İstanbul Mesleki Ve Teknik Anadolu Lisesi,mesleki,242.3575,56.77,59.15
Bursa,Yıldırım,Yıldırım Fen Lisesi,fen,440.0974,3.97,4.18
Bursa,Gürsu,Yıldız Anadolu Lisesi,anadolu,386.3971,12.81,12.58
Bursa,İnegöl,Zeki Konukoğlu Anadolu Lisesi,anadolu,404.6444,10.36,9.29
Çanakkale,Ayvacık,Ayvacık Fen Lisesi,fen,388.4621,12.7,12.18
Çanakkale,Biga,Biga Anadolu İmam Hatip Lisesi,imamHatip,254.0072,85.12,53.24
Çanakkale,Biga,Biga İçdaş Fen Lisesi,fen,431.4048,5.21,5.32
Çanakkale,Merkez,Çanakkale Anadolu İmam Hatip Lisesi,imamHatip,294.4735,42.62,37.1
Çanakkale,Merkez,Çanakkale Fen Lisesi,fen,456.2615,3.09,2.43
Çanakkale,Merkez,Çanakkale Kepez Turizm Mesleki Ve Teknik Anadolu Lisesi (Konaklama Ve Seyahat Hizmetleri Alanı),mesleki,232.537,71.76,64.79
Çanakkale,Merkez,Çanakkale Kepez Turizm Mesleki Ve Teknik Anadolu Lisesi (Yiyecek İçecek Hizmetleri Alanı),mesleki,242.0126,71.76,59.33
Çanakkale,Merkez,Çanakkale Mesleki Ve Teknik Anadolu Lisesi,mesleki,275.3943,44.14,44.08
Çanakkale,Merkez,Çanakkale Türkiye Odalar Ve Borsalar Birliği Sosyal Bilimler Lisesi,sosyal,375.7465,17.14,14.73
Çanakkale,Merkez,Çanakkale Türkiye Odalar Ve Borsalar Birliği Sosyal Bilimler Lisesi (2),sosyal,362.0725,20.75,17.74
Çanakkale,Çan,Çan Fen Lisesi,fen,404.7733,9.75,9.26
Çanakkale,Gelibolu,Gelibolu Fen Lisesi,fen,406.5776,9.04,8.97
Çanakkale,Biga,İçdaş Biga Mesleki Ve Teknik Anadolu Lisesi,mesleki,206.3133,50.22,82.51
Çanakkale,Merkez,Merkez Çanakkale Anadolu Lisesi,anadolu,412.6116,9.93,7.99
Çanakkale,Merkez,Tacettin Aslan Mesleki Ve Teknik Anadolu Lisesi (Bilişim Teknolojileri Alanı),mesleki,349.2307,20.94,20.85
Çanakkale,Merkez,Tacettin Aslan Mesleki Ve Teknik Anadolu Lisesi (Endüstriyel Otomasyon Teknolojileri Alanı),mesleki,343.93,20.94,22.21
Çanakkale,Yenice,Yenice Vali Muhterem İnce Fen Lisesi,fen,385.4842,13.56,12.75
Çankırı,Merkez,Çankırı 15 Temmuz Şehitler Anadolu Lisesi,anadolu,369.858,17.71,15.99
Çankırı,Merkez,Çankırı Hacı Murad-İ Veli Anadolu İmam Hatip Lisesi,imamHatip,284.7423,45.1,40.53
Çankırı,Merkez,Çankırı Mesleki Ve Teknik Anadolu Lisesi (Elektrik-Elektronik Teknolojisi Alanı),mesleki,259.5744,57.54,50.69
Çankırı,Merkez,Çankırı Mesleki Ve Teknik Anadolu Lisesi (Makine Ve Tasarım Teknolojisi Alanı),mesleki,273.7021,57.54,44.76
Çankırı,Merkez,Çankırı Şehit Mehmet Ata Tarım Mesleki Ve Teknik Anadolu Lisesi,mesleki,155.394,90.38,100
Çankırı,Merkez,Çankırı Türkiye Odalar Ve Borsalar Birliği Fen Lisesi,fen,410.3434,7.79,8.35
Çankırı,Ilgaz,Ilgaz Şehit Nizamettin Yaman Anadolu Lisesi,anadolu,200.5049,70.36,86.38
Çankırı,Merkez,Nevzat Ayaz Sosyal Bilimler Lisesi,sosyal,340.2306,23.79,23.18
Çorum,Merkez,15 Temmuz Şehitleri Fen Lisesi,fen,448.4038,3.12,3.24
Çorum,Merkez,Atatürk Anadolu Lisesi,anadolu,419.6741,6.52,6.95
Çorum,Merkez,Buharaevler Kız Mesleki Ve Teknik Anadolu Lisesi,mesleki,207.1115,88.89,81.96
Çorum,Merkez,Çorum Belediyesi Prof. Dr. Hayreddin Karaman Anadolu İmam Hatip Lisesi,imamHatip,342.8307,26.26,22.5
Çorum,İskilip,Danışmend Fen Lisesi,fen,296.2331,40.02,36.5
Çorum,Merkez,Hitit Turizm Mesleki Ve Teknik Anadolu Lisesi (Konaklama Ve Seyahat Hizmetleri Alanı),mesleki,165.656,60.3,99.13
Çorum,Merkez,Hitit Turizm Mesleki Ve Teknik Anadolu Lisesi (Yiyecek İçecek Hizmetleri Alanı),mesleki,240.3119,60.3,60.26
Çorum,Kargı,Kargı Fen Lisesi,fen,310.3442,32.71,31.88
Çorum,Osmancık,Ömer Derindere Fen Lisesi,fen,397.3098,10.17,10.55
Çorum,Osmancık,Osmancık Anadolu İmam Hatip Lisesi,imamHatip,321.0199,71.9,28.37
Çorum,Osmancık,Osmancık Borsa İstanbul Mesleki Ve Teknik Anadolu Lisesi,mesleki,181.6958,87.84,95.25
Çorum,Merkez,Özejder Sosyal Bilimler Lisesi,sosyal,355.8283,17.59,19.21
Çorum,Merkez,Şehit Emin Güner Mesleki Ve Teknik Anadolu Lisesi (Makine Ve Tasarım Teknolojisi Alanı),mesleki,214.1917,58.39,77.61
Çorum,Merkez,Şehit Emin Güner Mesleki Ve Teknik Anadolu Lisesi (Elektrik-Elektronik Teknolojisi Alanı),mesleki,246.2181,58.39,57.11
Çorum,Alaca,Şehit Mehmet Kocakaya Fen Lisesi,fen,342.8793,22.6,22.49
Çorum,Merkez,Şehit Osman Arslan Kız Anadolu İmam Hatip Lisesi,imamHatip,345.7789,22.68,21.73
Çorum,Sungurlu,Sungurlu Fen Lisesi,fen,378.1085,13.32,14.25
Çorum,Merkez,Tobb-Osb Mesleki Ve Teknik Anadolu Lisesi (Elektrik-Elektronik Teknolojisi Alanı),mesleki,216.7325,80.19,75.22
Çorum,Merkez,Tobb-Osb Mesleki Ve Teknik Anadolu Lisesi (Makine Ve Tasarım Teknolojisi Alanı),mesleki,200.1691,80.19,86.6
Denizli,Acıpayam,Acıpayam Cumhuriyet Fen Lisesi,fen,392.4017,12.05,11.43
Denizli,Babadağ,Ahmet Nazif Zorlu Fen Lisesi,fen,411.6949,8.22,8.18
Denizli,Merkezefendi,Albayrak Borsa İstanbul Kız Mesleki Ve Teknik Anadolu Lisesi,mesleki,182.224,89.91,95.25
Denizli,Pamukkale,Atatürk Mesleki Ve Teknik Anadolu Lisesi,mesleki,261.253,46.12,50.44
Denizli,Merkezefendi,Aydem Fen Lisesi,fen,465.9336,1.47,1.59
Denizli,Pamukkale,Bağbaşı Anadolu İmam Hatip Lisesi,imamHatip,337.556,27,23.91
Denizli,Baklan,Baklan Tarım Mesleki Ve Teknik Anadolu Lisesi,mesleki,158.8979,92.66,100
Denizli,Merkezefendi,Cedide Abalıoğlu Anadolu İmam Hatip Lisesi (Hafızlık Projesi (Fen Ve Sosyal Bilimler Programı)),imamHatip,191.6816,99.24,91.54
Denizli,Merkezefendi,Cedide Abalıoğlu Anadolu İmam Hatip Lisesi (Fen Ve Sosyal Bilimler Programı),imamHatip,359.4767,21.62,18.34
Denizli,Çivril,Çivril Anadolu İmam Hatip Lisesi,imamHatip,202.2147,70.47,85.26
Denizli,Merkezefendi,Denizli Anadolu İmam Hatip Lisesi,imamHatip,379.7134,18.98,13.91
Denizli,Merkezefendi,Durmuş Ali Çoban Anadolu Lisesi,anadolu,428.902,5.7,5.6
Denizli,Merkezefendi,Erbakır Fen Lisesi,fen,480.0752,0.69,0.65
Denizli,Pamukkale,Gülay Kaynak Sarıkaya Mesleki Ve Teknik Anadolu Lisesi (Elektrik-Elektronik Teknolojisi Alanı),mesleki,300.1849,33.44,35.18
Denizli,Pamukkale,Gülay Kaynak Sarıkaya Mesleki Ve Teknik Anadolu Lisesi (Tekstil Teknolojisi Alanı),mesleki,188.0625,33.44,93.4
Denizli,Pamukkale,Gülay Kaynak Sarıkaya Mesleki Ve Teknik Anadolu Lisesi (Kimya Teknolojisi Alanı),mesleki,163.0639,33.44,99.5
Denizli,Merkezefendi,Hatipzade Veli Başer Anadolu İmam Hatip Lisesi,imamHatip,374.4739,20.1,15
Denizli,Merkezefendi,İbrahim Cinkaya Sosyal Bilimler Lisesi,sosyal,413.884,8.06,7.8
Denizli,Merkezefendi,İbrahim Cinkaya Sosyal Bilimler Lisesi (2),sosyal,425.4262,6.59,6.06
Denizli,Merkezefendi,Lütfi Ege Anadolu Lisesi,anadolu,444.7889,3.42,3.65
Denizli,Merkezefendi,Merkezefendi Belediyesi Anadolu İmam Hatip Lisesi,imamHatip,429.1735,6.12,5.56
Denizli,Merkezefendi,Mustafa Kaynak Anadolu Lisesi,anadolu,436.218,4.24,4.65
Denizli,Merkezefendi,Necla-Ergun Abalıoğlu Ticaret Mesleki Ve Teknik Anadolu Lisesi,mesleki,178.595,89.08,96.08
Denizli,Pamukkale,Orhan Abalıoğlu Mesleki Ve Teknik Anadolu Lisesi,mesleki,316.3005,27.18,30.01
Denizli,Pamukkale,Osman Aydınlı Kız Mesleki Ve Teknik Anadolu Lisesi,mesleki,148.6007,87.41,100
Denizli,Tavas,Özay Gönlüm Fen Lisesi,fen,401.0485,11.09,9.9
Denizli,Pamukkale,Pamukkale Belediyesi Muhammet Serter Anadolu İmam Hatip Lisesi,imamHatip,347.018,24.94,21.41
Denizli,Pamukkale,Sema-Abdurrahman Karamanlıoğlu Turizm Mesleki Ve Teknik Anadolu Lisesi (Yiyecek İçecek Hizmetleri Alanı),mesleki,219.9817,84.31,72.95
Denizli,Pamukkale,Sema-Abdurrahman Karamanlıoğlu Turizm Mesleki Ve Teknik Anadolu Lisesi (Konaklama Ve Seyahat Hizmetleri Alanı),mesleki,218.5953,84.31,73.92
Denizli,Merkezefendi,Servergazi Borsa İstanbul Kız Mesleki Ve Teknik Anadolu Lisesi,mesleki,198.8256,89.04,87.46
Denizli,Çivril,Şevkiye Özel Fen Lisesi,fen,404.6889,10.52,9.28
Denizli,Tavas,Tavas Anadolu İmam Hatip Lisesi,imamHatip,218.4871,91.33,73.99
Denizli,Pamukkale,Yaşar Kımıl Fen Lisesi,fen,455.9712,2.3,2.46
Diyarbakır,Silvan,1. Kılıçarslan Fen Lisesi,fen,343.1946,22.14,22.41
Diyarbakır,Yenişehir,70. Yıl Mesleki Ve Teknik Anadolu Lisesi,mesleki,334.838,25.63,24.65
Diyarbakır,Kayapınar,Adnan Menderes Anadolu Lisesi,anadolu,392.7054,11.5,11.38
Diyarbakır,Bismil,Bismil Anadolu Lisesi,anadolu,322.5712,27.76,28.14
Diyarbakır,Bismil,Bismil Fen Lisesi,fen,361.3313,18.56,17.91
Diyarbakır,Bismil,Bismil Mecit Çelik Kız Anadolu İmam Hatip Lisesi,imamHatip,206.8896,75.65,82.12
Diyarbakır,Bağlar,Borsa İstanbul Fen Lisesi,fen,458.6972,2.38,2.21
Diyarbakır,Bağlar,Burhanettin Yıldız Mesleki Ve Teknik Anadolu Lisesi,mesleki,211.2212,88.65,79.1
Diyarbakır,Çermik,Çermik Fen Lisesi,fen,350.7163,21.16,20.46
Diyarbakır,Çınar,Çınar Kız Anadolu İmam Hatip Lisesi,imamHatip,192.6134,84.55,91.04
Diyarbakır,Yenişehir,"Diyarbakır Abdullah Tivnikli Fen, Sosyal Bilimler Ve Teknoloji Anadolu İmam Hatip Lisesi (Fen Ve Teknoloji Programı)",imamHatip,358.4707,18.53,18.48
Diyarbakır,Yenişehir,"Diyarbakır Abdullah Tivnikli Fen, Sosyal Bilimler Ve Teknoloji Anadolu İmam Hatip Lisesi (Fen Ve Sosyal Bilimler Programı)",imamHatip,364.2883,19.65,17.23
Diyarbakır,Yenişehir,Diyarbakır Anadolu İmam Hatip Lisesi,imamHatip,167.2364,93.24,98.9
Diyarbakır,Yenişehir,Diyarbakır Anadolu Lisesi,anadolu,421.0261,6.94,6.79
Diyarbakır,Bağlar,Diyarbakır Kız Anadolu İmam Hatip Lisesi,imamHatip,175.8124,89.31,97.41
Diyarbakır,Yenişehir,Diyarbakır Mesleki Ve Teknik Anadolu Lisesi (Elektrik-Elektronik Teknolojisi Alanı),mesleki,226.9815,77.74,68.28
Diyarbakır,Yenişehir,Diyarbakır Mesleki Ve Teknik Anadolu Lisesi (İnşaat Teknolojisi Alanı),mesleki,160.409,90.49,99.88
Diyarbakır,Yenişehir,Diyarbakır Sosyal Bilimler Lisesi,sosyal,343.3738,21.65,22.37
Diyarbakır,Ergani,Ergani Fen Lisesi,fen,402.0848,11.3,9.72
Diyarbakır,Bağlar,Fatih Anadolu İmam Hatip Lisesi,imamHatip,143.3818,88.93,100
Diyarbakır,Kayapınar,Fatih Sultan Mehmet Anadolu Lisesi,anadolu,388.7974,12.27,12.12
Diyarbakır,Bağlar,Güler Şevki Özbek Anadolu Lisesi,anadolu,384.8613,12.98,12.87
Diyarbakır,Kayapınar,Kayapınar Fen Lisesi,fen,430.6785,5.69,5.36
Diyarbakır,Kayapınar,Kayapınar Kız Anadolu İmam Hatip Lisesi,imamHatip,332.8674,27.05,25.18
Diyarbakır,Kulp,Kulp Anadolu İmam Hatip Lisesi,imamHatip,197.9945,85.68,87.97
Diyarbakır,Kayapınar,Mehmet Akif Ersoy Anadolu İmam Hatip Lisesi,imamHatip,307.5545,33.81,32.76
Diyarbakır,Sur,Melik Ahmet Anadolu İmam Hatip Lisesi,imamHatip,171.7839,88.9,98.23
Diyarbakır,Ergani,Molla Gürani Anadolu İmam Hatip Lisesi,imamHatip,306.8682,30.49,32.92
Diyarbakır,Yenişehir,Nevzat Ayaz Anadolu Lisesi,anadolu,410.2935,8.74,8.36
Diyarbakır,Yenişehir,Rekabet Kurumu Anadolu Lisesi,anadolu,435.7421,5.01,4.71
Diyarbakır,Yenişehir,Rekabet Kurumu Cumhuriyet Fen Lisesi,fen,472.7471,1.26,1.1
Diyarbakır,Kayapınar,Şehit Abdulvahap Çokur Mesleki Ve Teknik Anadolu Lisesi,mesleki,175.0088,94.1,97.57
Diyarbakır,Dicle,Şehit Bilal Dicle Anadolu İmam Hatip Lisesi,imamHatip,171.2689,92.07,98.31
Diyarbakır,Kayapınar,Şehit Halit Gülser Kız Anadolu İmam Hatip Lisesi,imamHatip,370.1782,16.96,15.92
Diyarbakır,Silvan,Şehit Özkan Özendi Anadolu İmam Hatip Lisesi,imamHatip,281.0239,47.95,41.92
Diyarbakır,Bismil,Selahaddin Eyyubi Anadolu İmam Hatip Lisesi,imamHatip,171.1356,91.08,98.33
Diyarbakır,Yenişehir,Selahaddini Eyyubi Anadolu Lisesi,anadolu,396.1811,11.07,10.75
Diyarbakır,Ergani,Sermet Yalçın Anadolu Lisesi,anadolu,353.8238,19.69,19.7
Diyarbakır,Yenişehir,Sezai Karakoç Anadolu Lisesi,anadolu,407.0705,9.3,8.97
Diyarbakır,Silvan,Silvan Sosyal Bilimler Lisesi,sosyal,268.8326,49.05,46.72
Diyarbakır,Bağlar,Tobb Ferdi Yiğit Anadolu İmam Hatip Lisesi,imamHatip,348.7584,23.75,20.96
Diyarbakır,Kayapınar,Türk Telekom Mesleki Ve Teknik Anadolu Lisesi (Elektrik-Elektronik Teknolojisi Alanı),mesleki,217.7992,80.33,74.47
Diyarbakır,Kayapınar,Türk Telekom Mesleki Ve Teknik Anadolu Lisesi (Bilişim Teknolojileri Alanı),mesleki,253.083,59.05,53.68
Diyarbakır,Yenişehir,Üçkuyu Turizm Mesleki Ve Teknik Anadolu Lisesi (Konaklama Ve Seyahat Hizmetleri Alanı),mesleki,146.7525,89.86,100
Diyarbakır,Yenişehir,Üçkuyu Turizm Mesleki Ve Teknik Anadolu Lisesi (Yiyecek İçecek Hizmetleri Alanı),mesleki,160.6347,90.6,99.85
Diyarbakır,Sur,Vali Aydın Arslan Fen Lisesi,fen,445.1177,3.86,3.61
Diyarbakır,Kayapınar,Vali Gökhan Aydıner Mesleki Ve Teknik Anadolu Lisesi,mesleki,227.0194,68.76,68.26
Diyarbakır,Bağlar,Yeniköy Anadolu Lisesi,anadolu,379.6116,14.58,13.93
Diyarbakır,Yenişehir,Yenişehir Dicle Kız Mesleki Ve Teknik Anadolu Lisesi,mesleki,169.747,88.15,98.54
Diyarbakır,Yenişehir,Yenişehir Kız Anadolu İmam Hatip Lisesi,imamHatip,244.1704,48.97,58.17
Düzce,Akçakoca,Akçakoca Emine Sevil Anadolu İmam Hatip Lisesi,imamHatip,237.5291,48.85,61.84
Düzce,Akçakoca,Akçakoca Fedai Karabıyık Mesleki Ve Teknik Anadolu Lisesi,mesleki,181.7715,91.9,95.25
Düzce,Akçakoca,Akçakoca Orhan Özdemir Fen Lisesi,fen,420.5532,7.52,6.79
Düzce,Akçakoca,Akçakoca Sosyal Bilimler Lisesi,sosyal,331.1603,22.66,25.65
Düzce,Akçakoca,Akçakoca Süha Güven Turizm Mesleki Ve Teknik Anadolu Lisesi (Konaklama Ve Seyahat Hizmetleri Alanı),mesleki,207.4968,87.07,81.7
Düzce,Akçakoca,Akçakoca Süha Güven Turizm Mesleki Ve Teknik Anadolu Lisesi (Yiyecek İçecek Hizmetleri Alanı),mesleki,148.953,87.07,100
Düzce,Merkez,Düzce Borsa İstanbul Mesleki Ve Teknik Anadolu Lisesi (Elektrik-Elektronik Teknolojisi Alanı),mesleki,246.5968,53.53,56.91
Düzce,Merkez,Düzce Borsa İstanbul Mesleki Ve Teknik Anadolu Lisesi (Makine Ve Tasarım Teknolojisi Alanı),mesleki,232.6416,53.53,64.73
Düzce,Merkez,Düzce Fatih Mesleki Ve Teknik Anadolu Lisesi,mesleki,256.0219,49.78,52.31
Düzce,Merkez,Düzce Fen Lisesi,fen,450.3714,3.41,3.03
Düzce,Merkez,Düzce Fen Ve Teknoloji Hafız Anadolu İmam Hatip Lisesi,imamHatip,395.4145,11.62,10.88
Düzce,Merkez,Düzce Mevlana Kız Mesleki Ve Teknik Anadolu Lisesi,mesleki,215.1083,82.21,75.53
Düzce,Merkez,Esin Olcay Anadolu Lisesi,anadolu,415.1532,8.82,7.58
Düzce,Merkez,Mehmet Akif İnan Hafız Anadolu İmam Hatip Lisesi,imamHatip,380.0897,15.29,13.74
Düzce,Merkez,Mehmet Zahid Kevseri Anadolu İmam Hatip Lisesi,imamHatip,343.402,,22.35
Edirne,Merkez,Edirne Lisesi,anadolu,404.2316,9.64,9.35
Edirne,Merkez,Edirne Lisesi (2),anadolu,413.72,9.29,7.82
Edirne,Merkez,Edirne Sosyal Bilimler Lisesi,sosyal,354.0951,19.06,19.63
Edirne,Merkez,Edirne Süleyman Demirel Fen Lisesi,fen,443.622,3.87,3.77
Edirne,Merkez,Edirne Yıldırım Beyazıt Anadolu Lisesi,anadolu,381.8598,13.17,13.47
Edirne,Merkez,Emel-Özgür Subaşıay Ticaret Mesleki Ve Teknik Anadolu Lisesi,mesleki,221.1607,88.13,72.14
Edirne,Keşan,Hersekzade Ahmet Paşa Anadolu İmam Hatip Lisesi,imamHatip,186.0074,84.73,94.19
Edirne,Uzunköprü,Kemal Unakıtan Anadolu İmam Hatip Lisesi,imamHatip,180.6771,87.28,95.25
Edirne,Keşan,Keşan Anadolu Lisesi,anadolu,359.4026,20.32,18.36
Edirne,Keşan,Keşan Fen Lisesi,fen,414.8298,8.88,7.63
Edirne,Keşan,Keşan Mesleki Ve Teknik Anadolu Lisesi,mesleki,218.7955,73.08,73.79
Edirne,Uzunköprü,Tev Orhan Çetin Fen Lisesi,fen,391.7541,11.41,11.56
Edirne,Merkez,Uluslararası Edirne Akmercan Anadolu İmam Hatip Lisesi,imamHatip,310.8167,32.05,31.74
Edirne,Uzunköprü,Uzunköprü Mimar Muslihiddin Mesleki Ve Teknik Anadolu Lisesi (Kimya Teknolojisi Alanı),mesleki,187.3537,79.88,93.95
Edirne,Uzunköprü,Uzunköprü Mimar Muslihiddin Mesleki Ve Teknik Anadolu Lisesi (Bilişim Teknolojileri Alanı),mesleki,166.82,79.88,98.96
Elazığ,Merkez,Ahmet Kabaklı Fen Lisesi,fen,424.4714,6.03,6.25
Elazığ,Karakoçan,Bahçelievler Anadolu Lisesi,anadolu,315.0179,30.37,30.42
Elazığ,Merkez,Cemil Meriç Fen Lisesi,fen,441.1287,4.11,4.11
Elazığ,Merkez,Çubukbey Anadolu Lisesi,anadolu,398.0881,10.53,10.42
Elazığ,Merkez,Cumhuriyet Kız Anadolu İmam Hatip Lisesi,imamHatip,253.9881,52.71,53.25
Elazığ,Merkez,Elazığ Ahmet Yesevi Sosyal Bilimler Lisesi,sosyal,345.188,22.5,21.88
Elazığ,Merkez,Elazığ Anadolu İmam Hatip Lisesi,imamHatip,217.7234,87.39,74.52
Elazığ,Merkez,Elazığ Anadolu Lisesi,anadolu,386.3262,12.74,12.59
Elazığ,Merkez,Elazığ Lisesi,anadolu,375.7986,15.36,14.72
Elazığ,Merkez,Elazığ Mesleki Ve Teknik Anadolu Lisesi (Makine Ve Tasarım Teknolojisi Alanı),mesleki,226.7822,46.03,68.4
Elazığ,Merkez,Elazığ Mesleki Ve Teknik Anadolu Lisesi (Elektrik-Elektronik Teknolojisi Alanı),mesleki,266.1751,46.03,47.82
Elazığ,Merkez,Gazi Mesleki Ve Teknik Anadolu Lisesi,mesleki,238.6996,64.52,61.17
Elazığ,Merkez,Hacı Hulusi Yahyagil Anadolu İmam Hatip Lisesi,imamHatip,178.0871,88.27,96.84
Elazığ,Merkez,Kaya Karakaya Fen Lisesi,fen,457.971,2.19,2.27
Elazığ,Kovancılar,Kovancılar Anadolu Lisesi,anadolu,325.9926,30.08,27.14
Elazığ,Merkez,Mehmet Koloğlu Anadolu Lisesi,anadolu,410.1493,8.69,8.38
Elazığ,Merkez,Necip Güngör Kısaparmak Ticaret Mesleki Ve Teknik Anadolu Lisesi,mesleki,206.6665,93.92,82.27
Elazığ,Merkez,Necip Güngör Kısaparmak Ticaret Mesleki Ve Teknik Anadolu Lisesi (Halkla İlişkiler Alanı),mesleki,203.9033,93.92,84.14
Elazığ,Merkez,Necip Güngör Kısaparmak Ticaret Mesleki Ve Teknik Anadolu Lisesi (Gazetecilik Alanı),mesleki,174.5784,93.92,97.66
Elazığ,Merkez,Şehit Eyyüp Oğuz Anadolu İmam Hatip Lisesi,imamHatip,394.9086,11.25,10.97
Elazığ,Merkez,Şehit Mehmet Öter Turizm Mesleki Ve Teknik Anadolu Lisesi (Konaklama Ve Seyahat Hizmetleri Alanı),mesleki,137.4988,86.32,100
Elazığ,Merkez,Şehit Mehmet Öter Turizm Mesleki Ve Teknik Anadolu Lisesi (Yiyecek İçecek Hizmetleri Alanı),mesleki,163.1231,86.32,99.49
Erzincan,Merkez,15 Temmuz Şehitleri Anadolu İmam Hatip Lisesi,imamHatip,285.6532,39.48,40.2
Erzincan,Merkez,Ertuğrulgazi Anadolu Lisesi,anadolu,396.7239,11.22,10.66
Erzincan,Merkez,Erzincan Fen Lisesi,fen,442.1779,4.09,3.94
Erzincan,Merkez,Erzincan Lisesi,anadolu,408.8594,8.71,8.68
Erzincan,Merkez,Erzincan Mesleki Ve Teknik Anadolu Lisesi (Elektrik-Elektronik Teknolojisi Alanı),mesleki,259.732,62.8,50.61
Erzincan,Merkez,Erzincan Mesleki Ve Teknik Anadolu Lisesi (Raylı Sistemler Teknolojisi Alanı),mesleki,220.8289,62.8,72.36
Erzincan,Merkez,Erzincan Sosyal Bilimler Lisesi,sosyal,352.9895,19.5,19.91
Erzincan,Merkez,Gül-Celal Toraman Tarım Mesleki Ve Teknik Anadolu Lisesi,mesleki,172.1935,89.53,98.15
Erzincan,Merkez,Hezarfen Ahmet Çelebi Mesleki Ve Teknik Anadolu Lisesi,mesleki,280.5334,40.11,42.09
Erzincan,Refahiye,Refahiye Fen Lisesi,fen,297.8926,34.27,35.95
Erzincan,Merkez,Tobb Binali Yıldırım Kız Anadolu İmam Hatip Lisesi,imamHatip,337.9964,27.74,23.78
Erzurum,Aşkale,Aşkale Anadolu İmam Hatip Lisesi,imamHatip,278.9216,49.08,42.71
Erzurum,Yakutiye,Atatürk Mesleki Ve Teknik Anadolu Lisesi,mesleki,197.8518,88.1,88.06
Erzurum,Aziziye,Aziziye Anadolu İmam Hatip Lisesi,imamHatip,328.4313,26.6,26.44
Erzurum,Aziziye,Aziziye Yavuz Selim Tarım Mesleki Ve Teknik Anadolu Lisesi (Laboratuvar Hizmetleri Alanı),mesleki,211.1692,88.85,79.14
Erzurum,Aziziye,Aziziye Yavuz Selim Tarım Mesleki Ve Teknik Anadolu Lisesi (Hayvan Yetiştiriciliği Ve Sağlığı),mesleki,179.5035,88.85,95.25
Erzurum,Aziziye,Aziziye Yavuz Selim Tarım Mesleki Ve Teknik Anadolu Lisesi (Tarım Alanı),mesleki,176.2876,88.85,97.3
Erzurum,Yakutiye,Erzurum Anadolu İmam Hatip Lisesi,imamHatip,330.6794,26.26,25.65
Erzurum,Yakutiye,Erzurum Anadolu Lisesi,anadolu,416.0295,7.5,7.44
Erzurum,Palandöken,Erzurum Dedeman Turizm Mesleki Ve Teknik Anadolu Lisesi (Yiyecek İçecek Hizmetleri Alanı),mesleki,235.1007,66.01,63.24
Erzurum,Palandöken,Erzurum Dedeman Turizm Mesleki Ve Teknik Anadolu Lisesi (Konaklama Ve Seyahat Hizmetleri Alanı),mesleki,213.2853,66.01,77.68
Erzurum,Yakutiye,Erzurum Kız Anadolu İmam Hatip Lisesi,imamHatip,347.6515,22.25,21.24
Erzurum,Yakutiye,Erzurum Lisesi,anadolu,396.4291,10.83,10.71
Erzurum,Palandöken,Erzurum Türk Telekom Nurettin Topçu Sosyal Bilimler Lisesi,sosyal,379.8936,13.83,13.84
Erzurum,Yakutiye,Erzurum Yakutiye Elektrik-Elektronik Teknolojisi Mesleki Ve Teknik Anadolu Lisesi (Elektrik-Elektronik Teknolojisi Alanı),mesleki,245.3963,79.71,57.53
Erzurum,Yakutiye,Erzurum Yakutiye Elektrik-Elektronik Teknolojisi Mesleki Ve Teknik Anadolu Lisesi (Elektrik-Elektronik Teknolojisi Alanı) (2),mesleki,229.8279,79.71,66.47
Erzurum,Yakutiye,Erzurum Yakutiye Elektrik-Elektronik Teknolojisi Mesleki Ve Teknik Anadolu Lisesi (Yenilenebilir Enerji Teknolojileri Alanı),mesleki,202.2536,79.71,85.24
Erzurum,Yakutiye,Evyap İbrahim Hakkı Fen Lisesi,fen,464.166,,1.73
Erzurum,Hınıs,Hınıs Anadolu İmam Hatip Lisesi,imamHatip,187.8441,73.72,93.95
Erzurum,Hınıs,Hınıs Erdoğan Eren Fen Lisesi,fen,323.3073,28.59,27.92
Erzurum,Horasan,Horasan Fen Lisesi,fen,337.2583,23.4,23.99
Erzurum,Aziziye,Ilıca Borsa İstanbul Yavuz Selim Sosyal Bilimler Lisesi,sosyal,348.9247,19.78,20.92
Erzurum,Palandöken,Mümtaz Turhan Anadolu Lisesi,anadolu,390.2531,11.72,11.84
Erzurum,Palandöken,Nevzat Karabağ Anadolu Lisesi,anadolu,432.5398,5.29,5.12
Erzurum,Oltu,Oltu Fen Lisesi,fen,370.0657,15.29,15.94
Erzurum,Oltu,Oltu Kız Anadolu İmam Hatip Lisesi,imamHatip,193.13,87.08,90.77
Erzurum,Pasinler,Pasinler Anadolu İmam Hatip Lisesi,imamHatip,248.0075,91.93,56.18
Erzurum,Yakutiye,Prof. Dr. Necmeddin Erbakan Fen Lisesi,fen,446.2582,3.64,3.48
Erzurum,Palandöken,"Şehit Hasan Yılmaz Kız Anadolu İmam Hatip Lisesi (Fen Ve Sosyal Bilimler Programı, 4 yıl)",imamHatip,370.2241,16.27,15.91
Erzurum,Palandöken,"Şehit Hasan Yılmaz Kız Anadolu İmam Hatip Lisesi (Fen Ve Sosyal Bilimler Programı, 5 yıl)",imamHatip,361.6113,87.08,17.84
Erzurum,Aziziye,Sultan Abdulhamid Raylı Sistemler Teknolojisi Mesleki Ve Teknik Anadolu Lisesi (Raylı Sistemler Teknolojisi Alanı),mesleki,270.5401,62.04,46.02
Erzurum,Aziziye,Sultan Abdulhamid Raylı Sistemler Teknolojisi Mesleki Ve Teknik Anadolu Lisesi (Ulaştırma Hizmetleri Alanı),mesleki,250.4073,62.04,54.98
Erzurum,Yakutiye,Yakutiye Anadolu İmam Hatip Lisesi,imamHatip,407.6497,8.81,8.79
Eskişehir,Tepebaşı,Ali Güven Turizm Mesleki Ve Teknik Anadolu Lisesi (Yiyecek İçecek Hizmetleri Alanı),mesleki,262.2479,51.85,49.52
Eskişehir,Tepebaşı,Ali Güven Turizm Mesleki Ve Teknik Anadolu Lisesi (Konaklama Ve Seyahat Hizmetleri Alanı),mesleki,261.7537,51.85,49.75
Eskişehir,Odunpazarı,Atatürk Lisesi,anadolu,439.9815,4.86,4.19
Eskişehir,Odunpazarı,Atatürk Mesleki Ve Teknik Anadolu Lisesi (Motorlu Araçlar Teknolojisi Alanı),mesleki,320.7714,23.38,28.37
Eskişehir,Odunpazarı,Atatürk Mesleki Ve Teknik Anadolu Lisesi (Makine Ve Tasarım Teknolojisi Alanı),mesleki,345.0823,20.94,21.92
Eskişehir,Odunpazarı,Atatürk Mesleki Ve Teknik Anadolu Lisesi (Raylı Sistemler Teknolojisi Alanı),mesleki,330.1975,20.52,25.93
Eskişehir,Odunpazarı,Atatürk Mesleki Ve Teknik Anadolu Lisesi (Endüstriyel Otomasyon Teknolojileri Alanı),mesleki,363.9666,16.68,17.3
Eskişehir,Odunpazarı,Atatürk Mesleki Ve Teknik Anadolu Lisesi (ELEKTRİK-ELEKTRONİK TEKNOLOJİSİ ALANI),mesleki,333.9943,,24.87
Eskişehir,Beylikova,Beylikova Fen Lisesi,fen,345.1588,21.12,21.89
Eskişehir,Tepebaşı,Borsa İstanbul Fen Lisesi,fen,455.1598,3.24,2.54
Eskişehir,Tepebaşı,Cemal Mümtaz Sosyal Bilimler Lisesi,sosyal,365.6842,16.46,16.91
Eskişehir,Tepebaşı,Devlet Malzeme Ofisi Mesleki Ve Teknik Anadolu Lisesi,mesleki,228.2284,,67.48
Eskişehir,Odunpazarı,Eskişehir Anadolu İmam Hatip Lisesi (Fen Ve Sosyal Bilimler Programı),imamHatip,289.6845,49.11,39.09
Eskişehir,Odunpazarı,Eskişehir Anadolu İmam Hatip Lisesi (FEN VE SOSYAL BİLİMLER PROGRAMI),imamHatip,319.1408,,29.16
Eskişehir,Tepebaşı,Eskişehir Anadolu Lisesi,anadolu,462.9636,2.34,1.83
Eskişehir,Odunpazarı,Eskişehir Eti Sosyal Bilimler Lisesi,sosyal,402.8311,9.55,9.6
Eskişehir,Odunpazarı,Eskişehir Fatih Fen Lisesi,fen,473.8124,1.15,1.04
Eskişehir,Tepebaşı,Eskişehir Kız Anadolu İmam Hatip Lisesi,imamHatip,322.4806,32.04,28.17
Eskişehir,Odunpazarı,Firuz Kanatlı Mesleki ve Teknik Anadolu Lisesi (ENDÜSTRİYEL OTOMASYON TEKNOLOJİLERİ ALANI),mesleki,351.1386,,20.36
Eskişehir,Odunpazarı,Firuz Kanatlı Mesleki ve Teknik Anadolu Lisesi (ELEKTRİK-ELEKTRONİK TEKNOLOJİSİ ALANI),mesleki,329.7754,,26.05
Eskişehir,Odunpazarı,Gazi Mesleki Ve Teknik Anadolu Lisesi (Grafik Ve Fotoğraf Alanı),mesleki,222.3333,62.26,71.34
Eskişehir,Odunpazarı,Gazi Mesleki Ve Teknik Anadolu Lisesi (KİMYA TEKNOLOJİSİ ALANI (SINAVLI)),mesleki,220.4696,,72.62
Eskişehir,Odunpazarı,Hacı Süleyman Çakır Kız Anadolu Lisesi,anadolu,390.3338,13.41,11.82
Eskişehir,Odunpazarı,Mustafa Kemal Atatürk Mesleki Ve Teknik Anadolu Lisesi,mesleki,316.2177,22.83,30.04
Eskişehir,Tepebaşı,Sabiha Gökçen Mesleki Ve Teknik Anadolu Lisesi (Bilişim Teknolojileri Alanı),mesleki,394.2211,11.34,11.09
Eskişehir,Tepebaşı,Sabiha Gökçen Mesleki Ve Teknik Anadolu Lisesi (Havacılık Ve Uzay Teknolojisi),mesleki,428.7637,6.67,5.62
Eskişehir,Tepebaşı,Sabiha Gökçen Mesleki Ve Teknik Anadolu Lisesi (Uçak Bakım Alanı),mesleki,416.783,11.34,7.34
Eskişehir,Tepebaşı,Sabiha Gökçen Mesleki Ve Teknik Anadolu Lisesi (Uçak Bakım Alanı) (2),mesleki,425.5133,11.34,6.05
Eskişehir,Tepebaşı,Şehit Mehmet Şengül Fen Lisesi,fen,448.9984,3.8,3.18
Eskişehir,Tepebaşı,Şehit Murat Tuzsuz Mesleki Ve Teknik Anadolu Lisesi (Biyomedikal Cihaz Teknolojileri Alanı),mesleki,191.7062,66.62,91.52
Eskişehir,Tepebaşı,Şehit Murat Tuzsuz Mesleki Ve Teknik Anadolu Lisesi (Yenilenebilir Enerji Teknolojileri Alanı),mesleki,188.1915,66.62,93.24
Eskişehir,Sivrihisar,Sivrihisar Fahri Keskin Fen Lisesi,fen,371.7241,14.44,15.59
Eskişehir,Odunpazarı,Türk Telekom Mesleki Ve Teknik Anadolu Lisesi (YAPAY ZEKÂ),mesleki,292.5185,,37.78
Eskişehir,Odunpazarı,Türk Telekom Mesleki Ve Teknik Anadolu Lisesi (Elektrik-Elektronik Teknolojisi Alanı),mesleki,272.5145,38.99,45.23
Eskişehir,Odunpazarı,Türk Telekom Mesleki Ve Teknik Anadolu Lisesi (Bilişim Teknolojileri Alanı),mesleki,247.2227,38.99,56.57
Eskişehir,Tepebaşı,Uluslararası Cevat Ülger Anadolu İmam Hatip Lisesi (Fen Ve Sosyal Bilimler Programı),imamHatip,181.8042,88.01,95.25
Eskişehir,Tepebaşı,Uluslararası Cevat Ülger Anadolu İmam Hatip Lisesi (Fen Ve Teknoloji Programı),imamHatip,370.0811,16.41,15.93
Gaziantep,Nizip,Abdulhamit Han Kız Anadolu İmam Hatip Lisesi,imamHatip,303.0932,39.75,34.21
Gaziantep,Şahinbey,Abdülhamithan Mesleki Ve Teknik Anadolu Lisesi,mesleki,221.2579,81.19,72.08
Gaziantep,Şehitkamil,Abdulkadir Konukoğlu Fen Lisesi,fen,451.2213,2.78,2.94
Gaziantep,Şahinbey,Abdulkadir Özgül Meslekî Ve Teknik Anadolu Lisesi (Uçak Bakım Alanı),anadolu,296.1857,34.03,36.52
Gaziantep,Şahinbey,Abdulkadir Özgül Meslekî Ve Teknik Anadolu Lisesi (Makine Ve Tasarım Teknolojisi Alanı),anadolu,266.6929,48.56,47.66
Gaziantep,Şahinbey,Ali Tiryakioğlu Ticaret Mesleki Ve Teknik Anadolu Lisesi,mesleki,264.1038,50.31,48.71
Gaziantep,Nizip,Alkan Kız Mesleki Ve Teknik Anadolu Lisesi,mesleki,172.0094,90.69,98.19
Gaziantep,Şehitkamil,Ayten Kemal Akınal Anadolu Lisesi,anadolu,433.2958,5.48,5.02
Gaziantep,Şahinbey,Bedreddin Ayni Anadolu İmam Hatip Lisesi,imamHatip,337.2251,22.9,24
Gaziantep,Şehitkamil,Beşir Hasan-Feride İnal Anadolu İmam Hatip Lisesi,imamHatip,172.3119,84.48,98.13
Gaziantep,Şahinbey,Binbaşı Dündar Taşer Mesleki Ve Teknik Anadolu Lisesi,mesleki,336.4775,24.78,24.2
Gaziantep,Şahinbey,Borsa İstanbul Anadolu Lisesi,anadolu,404.8184,9.37,9.26
Gaziantep,İslahiye,Borsa İstanbul İslahiye Fen Lisesi,fen,385.6829,14.27,12.72
Gaziantep,Şehitkamil,Fadıloğlu Anadolu İmam Hatip Lisesi,imamHatip,312.2176,26.58,31.29
Gaziantep,Şehitkamil,Fatih Kız Mesleki Ve Teknik Anadolu Lisesi,mesleki,174.5084,84.73,97.68
Gaziantep,İslahiye,Fatih Sultan Mehmet Mesleki Ve Teknik Anadolu Lisesi (Bilişim Teknolojileri Alanı),mesleki,182.418,87.78,95.25
Gaziantep,İslahiye,Fatih Sultan Mehmet Mesleki Ve Teknik Anadolu Lisesi (Elektrik-Elektronik Teknolojisi Alanı),mesleki,193.858,84.84,90.38
Gaziantep,Şehitkamil,Fuat Sezgin Teknoloji Anadolu İmam Hatip Lisesi,imamHatip,374.0652,,15.09
Gaziantep,Şehitkamil,Gahib Halıcılık Mesleki Ve Teknik Anadolu Lisesi,mesleki,191.5515,79.9,91.6
Gaziantep,Şehitkamil,Gaziantep Anadolu Lisesi,anadolu,435.5339,5.16,4.73
Gaziantep,Şahinbey,Gaziantep Lisesi,anadolu,387.4187,12.92,12.37
Gaziantep,Şehitkamil,Gaziantep Sabahattin Zaim Sosyal Bilimler Lisesi,sosyal,360.5995,17.14,18.08
Gaziantep,Şehitkamil,Gaziantep Sabahattin Zaim Sosyal Bilimler Lisesi (2),sosyal,377.0573,14.53,14.58
Gaziantep,Şahinbey,Gülşen Batar Anadolu Lisesi,anadolu,394.3021,11.31,11.08
Gaziantep,Şahinbey,Hacı Muzaffer Bakbak Kız Mesleki Ve Teknik Anadolu Lisesi,mesleki,172.2941,87.84,98.13
Gaziantep,İslahiye,Hacı Sani Konukoğlu Anadolu İmam Hatip Lisesi,imamHatip,207.2302,90.15,81.88
Gaziantep,Şehitkamil,Hacı Sani Konukoğlu Mesleki Ve Teknik Anadolu Lisesi (Tekstil Teknolojisi Alanı),mesleki,161.922,85.83,99.66
Gaziantep,Şehitkamil,Hacı Sani Konukoğlu Mesleki Ve Teknik Anadolu Lisesi (Elektrik-Elektronik Teknolojisi Alanı),mesleki,289.1228,39.11,39.09
Gaziantep,Nizip,Hasan Çapan Anadolu Lisesi,anadolu,361.8513,17.34,17.79
Gaziantep,Şehitkamil,Hatice-Lütfü Akcan Anadolu Lisesi,anadolu,423.707,7.08,6.31
Gaziantep,Şehitkamil,İbrahimli Bilişim Teknolojileri Ve Siber Güvenlik Mesleki Ve Teknik Anadolu Lisesi (Siber Güvenlik Alanı),mesleki,365.3842,20.04,16.98
Gaziantep,Şehitkamil,İbrahimli Bilişim Teknolojileri Ve Siber Güvenlik Mesleki Ve Teknik Anadolu Lisesi (Bilişim Teknolojileri Alanı),mesleki,355.7962,20.04,19.21
Gaziantep,Şehitkamil,İbrahimli Bilişim Teknolojileri Ve Siber Güvenlik Mesleki Ve Teknik Anadolu Lisesi (YAPAY ZEKÂ),mesleki,358.7237,,18.48
Gaziantep,İslahiye,İslahiye Opet Anadolu Lisesi,anadolu,328.5333,32.11,26.41
Gaziantep,Şehitkamil,Kanuni Sultan Süleyman Mesleki Ve Teknik Anadolu Lisesi (Yenilenebilir Enerji Teknolojileri Alanı),mesleki,172.8066,92.18,98.03
Gaziantep,Şehitkamil,Kanuni Sultan Süleyman Mesleki Ve Teknik Anadolu Lisesi (Biyomedikal Cihaz Teknolojileri Alanı),mesleki,156.1269,91.19,100
Gaziantep,Şehitkamil,Mahmudiye Anadolu İmam Hatip Lisesi,imamHatip,145.6486,71.09,100
Gaziantep,Şehitkamil,Mehmet Akif Ersoy Mesleki Ve Teknik Anadolu Lisesi (Makine Ve Tasarım Teknolojisi Alanı),mesleki,163.1263,88.88,99.49
Gaziantep,Şehitkamil,Mehmet Akif Ersoy Mesleki Ve Teknik Anadolu Lisesi (Motorlu Araçlar Teknolojisi Alanı),mesleki,161.1336,88.88,99.78
Gaziantep,Şehitkamil,Mehmet Nurettin Horoz Lojistik Mesleki Ve Teknik Anadolu Lisesi,mesleki,236.0104,57.99,62.71
Gaziantep,Şahinbey,Mehmet Rüştü Uzel Mesleki Ve Teknik Anadolu Lisesi (Endüstriyel Otomasyon Teknolojileri Alanı),mesleki,225.0694,74.64,69.52
Gaziantep,Şahinbey,Mehmet Rüştü Uzel Mesleki Ve Teknik Anadolu Lisesi (Makine Ve Tasarım Teknolojisi Alanı),mesleki,181.3403,89.64,95.25
Gaziantep,Şahinbey,Mennan Usta Mesleki Ve Teknik Anadolu Lisesi,mesleki,237.263,70.93,62
Gaziantep,Nizip,Mevlana Ticaret Mesleki Ve Teknik Anadolu Lisesi,mesleki,190.7842,91.31,91.99
Gaziantep,Şahinbey,Mustafa Gürbüz Necat Bayel Anadolu Lisesi,anadolu,419.7909,7.16,6.95
Gaziantep,Nizip,Necibe Kemal Akdoğan Anadolu İmam Hatip Lisesi,imamHatip,188.7076,90.21,93
Gaziantep,Nizip,Nizip Anadolu İmam Hatip Lisesi,imamHatip,259.6117,64.35,50.67
Gaziantep,Nizip,Nizip Fen Lisesi,fen,423.9874,6.86,6.27
Gaziantep,Nizip,Nizip Mesleki Ve Teknik Anadolu Lisesi,mesleki,195.1487,89.84,89.65
Gaziantep,Nizip,Nizip Sosyal Bilimler Lisesi,sosyal,330.7166,24.64,25.65
Gaziantep,Nurdağı,Nurdağı Anadolu İmam Hatip Lisesi,imamHatip,154.6975,87.91,100
Gaziantep,Oğuzeli,Oğuzeli Mesleki Ve Teknik Anadolu Lisesi,mesleki,196.9587,87.91,88.61
Gaziantep,Şahinbey,Prof. Dr. Mehmet Görmez Anadolu İmam Hatip Lisesi,imamHatip,439.5554,4.86,4.25
Gaziantep,Şahinbey,Şahinbey Belediyesi Mehmet Emin Er Kız Anadolu İmam Hatip Lisesi,imamHatip,336.3611,26.27,24.24
Gaziantep,Şahinbey,Şahinbey Kız Mesleki Ve Teknik Anadolu Lisesi (Hasta Ve Yaşlı Hizmetleri Alanı),mesleki,168.7437,89.33,98.68
Gaziantep,Şahinbey,Şahinbey Kız Mesleki Ve Teknik Anadolu Lisesi (Bilişim Teknolojileri Alanı),mesleki,224.8079,84.94,69.69
Gaziantep,Şahinbey,Şahinbey Kız Mesleki Ve Teknik Anadolu Lisesi (Çocuk Gelişimi Ve Eğitimi Alanı),mesleki,237.007,60.48,62.15
Gaziantep,Şahinbey,Şahinbey Sosyal Bilimler Lisesi,sosyal,344.5553,19.69,22.05
Gaziantep,Şahinbey,Şehit Cuma Akıl Anadolu İmam Hatip Lisesi,imamHatip,369.1888,16.95,16.13
Gaziantep,Şehitkamil,Şehitkamil Belediyesi Kız Anadolu İmam Hatip Lisesi,imamHatip,334.2562,28.17,24.81
Gaziantep,Şahinbey,Şehit Karayılan Turizm Mesleki Ve Teknik Anadolu Lisesi (Yiyecek İçecek Hizmetleri Alanı),mesleki,218.0585,57.31,74.3
Gaziantep,Şahinbey,Şehit Karayılan Turizm Mesleki Ve Teknik Anadolu Lisesi (Konaklama Ve Seyahat Hizmetleri Alanı),mesleki,168.4716,85.44,98.72
Gaziantep,Şehitkamil,Şehit Mehmet Demir Kız Anadolu İmam Hatip Lisesi,imamHatip,379.9234,14.42,13.8
Gaziantep,Şehitkamil,Şehit Ömer Harun Demir Kız Anadolu İmam Hatip Lisesi,imamHatip,366.1564,19.39,16.8
Gaziantep,Şehitkamil,Servi Erdemoğlu Kız Mesleki Ve Teknik Anadolu Lisesi,mesleki,189.2112,87.61,92.76
Gaziantep,Şahinbey,Sevinç Bahattin Teymur Kız Anadolu İmam Hatip Lisesi,imamHatip,349.4004,22.2,20.8
Gaziantep,Şahinbey,Tobb Fen Lisesi,fen,466.7918,1.88,1.52
Gaziantep,Şahinbey,Uluslararası Gaziantep Anadolu İmam Hatip Lisesi (Fen Ve Sosyal Bilimler Programı),imamHatip,319.5514,24.08,29.04
Gaziantep,Şahinbey,Uluslararası Gaziantep Anadolu İmam Hatip Lisesi (Fen Ve Teknoloji Programı),imamHatip,320.0186,24.03,28.9
Gaziantep,Şehitkamil,Vedat Topçuoğlu Anadolu Lisesi,anadolu,404.6147,9.79,9.29
Gaziantep,Şehitkamil,Vehbi Dinçerler Fen Lisesi,fen,476.0281,1.06,0.88
Gaziantep,Şehitkamil,Yasemin Erman Balsu Anadolu Lisesi,anadolu,450.2634,3.38,3.03
Giresun,Bulancak,Bulancak Anadolu İmam Hatip Lisesi,imamHatip,203.093,85.95,84.68
Giresun,Bulancak,Bulancak Fen Lisesi,fen,405.4473,9.39,9.15
Giresun,Bulancak,Bulancak Kız Anadolu İmam Hatip Lisesi,imamHatip,286.0247,52.28,40.07
Giresun,Eynesil,Eynesil Borsa İstanbul Anadolu İmam Hatip Lisesi,imamHatip,203.7558,56.62,84.24
Giresun,Merkez,Giresun 125. Yıl Mesleki Ve Teknik Anadolu Lisesi,mesleki,218.0666,89.89,74.29
Giresun,Merkez,Giresun Fen Lisesi,fen,439.3973,4.08,4.3
Giresun,Merkez,Giresun Kız Anadolu İmam Hatip Lisesi,imamHatip,196.6087,85.17,88.81
Giresun,Merkez,Giresun Mesleki ve Teknik Anadolu Lisesi,mesleki,224.0605,,70.18
Giresun,Merkez,Giresun Nurettin Canikli Anadolu İmam Hatip Lisesi,imamHatip,365.8635,18.79,16.86
Giresun,Merkez,Giresun Sosyal Bilimler Lisesi,sosyal,358.4106,18.73,18.59
Giresun,Merkez,Giresun Sosyal Bilimler Lisesi (2),sosyal,363.5298,17.14,17.4
Giresun,Merkez,Giresun Zübeyde Hanım Kız Mesleki Ve Teknik Anadolu Lisesi,mesleki,172.5615,89.47,98.08
Giresun,Görele,Görele Nihat Gürel Fen Lisesi,fen,386.243,12.92,12.61
Giresun,Merkez,Hamdi Bozbağ Anadolu Lisesi,anadolu,386.3071,13.01,12.59
Giresun,Keşap,Keşap Fen Lisesi,fen,423.9642,6.44,6.27
Giresun,Piraziz,Piraziz İsmail Yücel Mesleki Ve Teknik Anadolu Lisesi,mesleki,188.3657,77.81,93.16
Giresun,Piraziz,Piraziz Şehit Öner Güner Anadolu İmam Hatip Lisesi,imamHatip,209.0721,81.11,80.62
Giresun,Şebinkarahisar,Şebinkarahisar Fen Lisesi,fen,312.2276,31.51,31.29
Giresun,Şebinkarahisar,Şebinkarahisar Sait Tonbul Anadolu İmam Hatip Lisesi,imamHatip,172.1488,88.88,98.16
Giresun,Espiye,Şehit Murat Şahin Anadolu İmam Hatip Lisesi,imamHatip,201.5391,82.76,85.69
Giresun,Görele,Şehit Teğmen Furkan Yayla Anadolu İmam Hatip Lisesi,imamHatip,190.743,87.54,92.01
Giresun,Tirebolu,Şehit Yunus Yılmaz Anadolu İmam Hatip Lisesi,imamHatip,180.0804,89.05,95.25
Giresun,Tirebolu,Tirebolu Kız Anadolu İmam Hatip Lisesi,imamHatip,269.6792,61.29,46.38
Giresun,Tirebolu,Tirebolu Piri Reis Denizcilik Mesleki Ve Teknik Anadolu Lisesi,mesleki,180.0356,,95.25
Giresun,Merkez,Yeşil Giresun Turizm Mesleki Ve Teknik Anadolu Lisesi (Konaklama Ve Seyahat Hizmetleri Alanı),mesleki,212.0678,68.54,78.5
Giresun,Merkez,Yeşil Giresun Turizm Mesleki Ve Teknik Anadolu Lisesi (Yiyecek İçecek Hizmetleri Alanı),mesleki,228.0379,68.54,67.6
Gümüşhane,Merkez,Fatih Anadolu İmam Hatip Lisesi,imamHatip,209.4318,84.83,80.37
Gümüşhane,Merkez,Gümüşhane Lisesi,anadolu,342.2128,21.24,22.67
Gümüşhane,Merkez,Gümüşhane Mesleki Ve Teknik Anadolu Lisesi (Elektrik-Elektronik Teknolojisi Alanı),mesleki,227.3519,90.09,68.04
Gümüşhane,Merkez,Gümüşhane Mesleki Ve Teknik Anadolu Lisesi (Bilişim Teknolojileri Alanı),mesleki,183.7786,90.09,95.05
Gümüşhane,Merkez,Gümüşhane Türk Telekom Fen Lisesi,fen,388.1889,10.34,12.22
Gümüşhane,Kelkit,Kelkit 15 Temmuz Şehitler Anadolu Lisesi,anadolu,319.3606,26.23,29.09
Gümüşhane,Kelkit,Kelkit Abdulhamit Han Anadolu İmam Hatip Lisesi,imamHatip,187.103,89.6,93.95
Gümüşhane,Merkez,Mareşal Çakmak Sosyal Bilimler Lisesi,sosyal,324.2072,27.18,27.66
Gümüşhane,Şiran,Şiran Fen Lisesi,fen,297.3695,35.03,36.12
Gümüşhane,Merkez,Türkiye Odalar Ve Borsalar Birliği Kız Anadolu İmam Hatip Lisesi,imamHatip,221.0312,83.91,72.22
Hakkari,Merkez,Hakkari Anadolu Lisesi,anadolu,313.2614,30.61,30.97
Hakkari,Merkez,Hakkari Fen Lisesi,fen,345.1588,21.66,21.89
Hakkari,Merkez,Hakkari Kız Anadolu İmam Hatip Lisesi,imamHatip,223.1354,82.65,70.81
Hakkari,Merkez,Hakkari Ticaret Mesleki Ve Teknik Anadolu Lisesi (Adalet Alanı),mesleki,212.6505,73.9,78.09
Hakkari,Merkez,Hakkari Ticaret Mesleki Ve Teknik Anadolu Lisesi (Büro Yönetimi Ve Yönetici Asistanlığı Alanı),mesleki,203.3221,73.9,84.53
Hakkari,Yüksekova,Mehmet Akif Ersoy Anadolu İmam Hatip Lisesi,imamHatip,226.1988,,68.78
Hakkari,Merkez,Mehmet Akif Ersoy Kız Mesleki Ve Teknik Anadolu Lisesi (Bilişim Teknolojileri Alanı),mesleki,191.8497,84.21,91.45
Hakkari,Merkez,Mehmet Akif Ersoy Kız Mesleki Ve Teknik Anadolu Lisesi (Çocuk Gelişimi Ve Eğitimi Alanı),mesleki,214.9898,84.21,75.53
Hakkari,Yüksekova,Şemsettin Onay Anadolu Lisesi,anadolu,330.9207,25.84,25.65
Hakkari,Şemdinli,Seyyid Abdullah Şemdini Anadolu İmam Hatip Lisesi,imamHatip,190.644,89.48,92.06
Hakkari,Derecik,Seyyid Taha Anadolu İmam Hatip Lisesi,imamHatip,200.2309,91.08,86.56
Hakkari,Merkez,Tobb Hüseyin Çelik Anadolu İmam Hatip Lisesi,imamHatip,173.3874,92.3,97.91
Hakkari,Merkez,Türk Telekom Sosyal Bilimler Lisesi,sosyal,282.0101,40.35,41.54
Hakkari,Yüksekova,Yüksekova Anadolu İmam Hatip Lisesi,imamHatip,258.7755,49.68,51.06
Hakkari,Yüksekova,Yüksekova Fen Lisesi,fen,361.3783,19.25,17.9
Hatay,Samandağ,Adem Nural Mesleki Ve Teknik Anadolu Lisesi,mesleki,172.8556,90.23,98.02
Hatay,Altınözü,Altınözü Fen Lisesi,fen,347.1856,25.1,21.37
Hatay,Antakya,Antakya Hz.Ayşe Kız Anadolu İmam Hatip Lisesi,imamHatip,260.3159,58.83,50.44
Hatay,Antakya,Antakya Türkiye Odalar Ve Borsalar Birliği Anadolu İmam Hatip Lisesi,imamHatip,193.739,85.3,90.44
Hatay,Hassa,Ardıçlı Anadolu Lisesi,anadolu,303.1264,48.06,34.2
Hatay,Arsuz,Ayla-Naci Uyar Anadolu Lisesi,anadolu,340.1286,24.26,23.21
Hatay,Yayladağı,Cem Eren Anadolu Lisesi,anadolu,260.3356,56.94,50.44
Hatay,Dörtyol,Dörtyol Cennet Ana Kız Anadolu İmam Hatip Lisesi,imamHatip,295.3066,44.17,36.81
Hatay,Dörtyol,Dörtyol Fen Lisesi,fen,434.0124,5.33,4.92
Hatay,Dörtyol,Dörtyol Mevlana Anadolu İmam Hatip Lisesi,imamHatip,388.0032,17.19,12.26
Hatay,Dörtyol,Dörtyol Recep Atakaş Mesleki Ve Teknik Anadolu Lisesi (Makine Ve Tasarım Teknolojisi Alanı),mesleki,301.5328,40.14,34.73
Hatay,Dörtyol,Dörtyol Recep Atakaş Mesleki Ve Teknik Anadolu Lisesi (Elektrik-Elektronik Teknolojisi Alanı),mesleki,330.3992,30.62,25.88
Hatay,Reyhanlı,Enerjisa Hatay Mesleki Ve Teknik Anadolu Lisesi (Yenilenebilir Enerji Teknolojileri Alanı),mesleki,226.657,64.06,68.48
Hatay,Reyhanlı,Enerjisa Hatay Mesleki Ve Teknik Anadolu Lisesi (Elektrik-Elektronik Teknolojisi Alanı),mesleki,220.1564,69.83,72.83
Hatay,Erzin,Erzin Anadolu İmam Hatip Lisesi,imamHatip,372.6325,19.5,15.39
Hatay,Erzin,Erzin Fen Lisesi,fen,415.9573,9.1,7.46
Hatay,Erzin,Erzin Yeşilkent Anadolu Lisesi,anadolu,333.5892,38.4,24.98
Hatay,Antakya,Habib-İ Neccar Kız Anadolu İmam Hatip Lisesi,imamHatip,204.6819,88.21,83.61
Hatay,Antakya,Hatay Anadolu İmam Hatip Lisesi,imamHatip,174.7311,,97.63
Hatay,Antakya,Hatay Besim Ömer Akalın Mesleki Ve Teknik Anadolu Lisesi,mesleki,278.3458,46.25,42.93
Hatay,Antakya,Hatay Erol Bilecik Mesleki Ve Teknik Anadolu Lisesi (Motorlu Araçlar Teknolojisi Alanı),mesleki,233.0073,78.65,64.5
Hatay,Antakya,Hatay Erol Bilecik Mesleki Ve Teknik Anadolu Lisesi (Makine Ve Tasarım Teknolojisi Alanı),mesleki,212.9784,85.08,77.86
Hatay,Antakya,Hatay Fen Lisesi,fen,452.4487,3.58,2.82
Hatay,Antakya,Hatay Saadet Yusuf Mıstıkoğlu Tarım Mesleki Ve Teknik Anadolu Lisesi,mesleki,173.5472,86.47,97.87
Hatay,Antakya,Hatay Sosyal Bilimler Lisesi,sosyal,300.0313,47.13,35.23
Hatay,Antakya,Hüseyin Özbuğday Anadolu Lisesi,anadolu,381.6785,17.24,13.5
Hatay,Antakya,Hüsnü Özyeğin Anadolu Lisesi,anadolu,402.2338,11.27,9.7
Hatay,İskenderun,İskenderun Cumhuriyet Anadolu Lisesi,anadolu,384.6026,13.37,12.92
Hatay,İskenderun,İskenderun Mesleki Ve Teknik Anadolu Lisesi (Elektrik-Elektronik Teknolojisi Alanı),mesleki,298.4058,36.23,35.78
Hatay,İskenderun,İskenderun Mesleki Ve Teknik Anadolu Lisesi (Makine Ve Tasarım Teknolojisi Alanı),mesleki,264.531,51.43,48.53
Hatay,İskenderun,İskenderun Paşa Karaca Anadolu İmam Hatip Lisesi,imamHatip,365.361,19.22,16.98
Hatay,İskenderun,İskenderun Tosçelik Fen Lisesi,fen,452.8309,3.07,2.77
Hatay,Reyhanlı,İsmet Ayşe Behzatoğlu Anadolu Lisesi,anadolu,337.8474,26.85,23.83
Hatay,İskenderun,İstiklal Makzume Anadolu Lisesi,anadolu,408.054,9.31,8.73
Hatay,Reyhanlı,Mehmet Fatih Tosyalı Anadolu İmam Hatip Lisesi,imamHatip,199.7688,85.7,86.86
Hatay,Kırıkhan,Melikşah Anadolu İmam Hatip Lisesi,imamHatip,331.1477,30.12,25.65
Hatay,Samandağ,Mevlüt Gümüş Fen Lisesi,fen,416.3431,9.16,7.4
Hatay,Kırıkhan,Naim Atakaş Anadolu Lisesi,anadolu,343.0293,23.18,22.45
Hatay,Antakya,Nihal-Turgut Anlar Anadolu Lisesi,anadolu,403.9293,11.13,9.4
Hatay,Defne,Nimet-Fahri Öksüz Turizm Mesleki Ve Teknik Anadolu Lisesi (Konaklama Ve Seyahat Hizmetleri Alanı),mesleki,241.0248,68.23,59.87
Hatay,Defne,Nimet-Fahri Öksüz Turizm Mesleki Ve Teknik Anadolu Lisesi (Yiyecek İçecek Hizmetleri Alanı),mesleki,219.0272,80.27,73.62
Hatay,Payas,Payas Fen Lisesi,fen,416.7819,8.96,7.34
Hatay,Payas,Payas Mesleki Ve Teknik Anadolu Lisesi,mesleki,215.0629,81.58,75.53
Hatay,Kırıkhan,Recep Atakaş Fen Lisesi,fen,382.4479,14.46,13.35
Hatay,Reyhanlı,Reyhanlı Mehmet Akif Ersoy Kız Anadolu İmam Hatip Lisesi,imamHatip,242.1883,54.61,59.24
Hatay,Samandağ,Samandağ Atatürk Anadolu Lisesi,anadolu,369.9328,17.71,15.97
Hatay,Antakya,Şehit Ahmet Benli Mesleki Ve Teknik Anadolu Lisesi,mesleki,162.4314,93.41,99.59
Hatay,Defne,Şehit Serkan Talan Mesleki Ve Teknik Anadolu Lisesi (Biyomedikal Cihaz Teknolojileri Alanı),mesleki,213.1417,85.19,77.75
Hatay,Defne,Şehit Serkan Talan Mesleki Ve Teknik Anadolu Lisesi (Elektrik-Elektronik Teknolojisi Alanı),mesleki,220.3454,73.95,72.7
Hatay,Defne,Selim Nevzat Şahin Anadolu Lisesi,anadolu,432.5711,5.85,5.11
Hatay,Dörtyol,Süleyman Demirel Anadolu Lisesi,anadolu,383.3373,16.51,13.17
Hatay,Reyhanlı,Yahya Turan Fen Lisesi,fen,362.9709,18.38,17.54
Hatay,Antakya,Yıldız-Selahattin Mıstıkoğlu Kız Mesleki Ve Teknik Anadolu Lisesi,mesleki,154.9674,89.51,100
Hatay,Kırıkhan,Zübeyde Hanım Kız Mesleki Ve Teknik Anadolu Lisesi,mesleki,159.6653,88.21,99.99
Iğdır,Merkez,Aras Ticaret Mesleki Ve Teknik Anadolu Lisesi (Muhasebe Ve Finansman Alanı),mesleki,178.0166,88.48,96.86
Iğdır,Merkez,Aras Ticaret Mesleki Ve Teknik Anadolu Lisesi (Bilişim Teknolojileri Alanı),mesleki,219.9096,88.48,73
Iğdır,Merkez,Haydar Aliyev Fen Lisesi,fen,397.4774,10.19,10.52
Iğdır,Merkez,Iğdır Mesleki Ve Teknik Anadolu Lisesi (Tesisat Teknolojisi Ve İklimlendirme Alanı),mesleki,208.3838,72.39,81.08
Iğdır,Merkez,Iğdır Mesleki Ve Teknik Anadolu Lisesi (Elektrik-Elektronik Teknolojisi Alanı),mesleki,223.3846,72.39,70.64
Iğdır,Merkez,Iğdır Milli Eğitim Vakfı Anadolu Lisesi,anadolu,370.8747,17.19,15.77
Iğdır,Merkez,Mehmet Murat İşler Sosyal Bilimler Lisesi,sosyal,328.3089,25.34,26.47
Iğdır,Merkez,Şehit Emin Güner Anadolu İmam Hatip Lisesi,imamHatip,347.9833,22,21.16
Isparta,Merkez,Borsa İstanbul Mesleki Ve Teknik Anadolu Lisesi (Bilişim Teknolojileri Alanı),mesleki,252.1242,59.39,54.14
Isparta,Merkez,Borsa İstanbul Mesleki Ve Teknik Anadolu Lisesi (Biyomedikal Cihaz Teknolojileri Alanı),mesleki,200.9215,59.39,86.11
Isparta,Merkez,Borsa İstanbul Mesleki Ve Teknik Anadolu Lisesi (Yenilenebilir Enerji Teknolojileri Alanı),mesleki,202.4038,59.39,85.14
Isparta,Gönen,Gönen Fen Lisesi,fen,437.5164,4.85,4.49
Isparta,Merkez,Gül Kız Mesleki Ve Teknik Anadolu Lisesi,mesleki,192.4045,86.89,91.15
Isparta,Merkez,Işıkkent Anadolu İmam Hatip Lisesi,imamHatip,323.6183,28.95,27.83
Isparta,Merkez,Isparta Anadolu İmam Hatip Lisesi,imamHatip,220.1561,85.2,72.83
Isparta,Merkez,Isparta Gazi Sosyal Bilimler Lisesi,sosyal,374.4467,15.39,15.01
Isparta,Merkez,Isparta Süleyman Demirel Fen Lisesi,fen,459.7629,2.04,2.11
Isparta,Keçiborlu,Keçiborlu Şehit İsa Baydilli Uçak Bakım Teknolojisi Mesleki Ve Teknik Anadolu Lisesi,mesleki,360.0855,20.12,18.2
Isparta,Yalvaç,Mustafa Büyükkutlu Anadolu İmam Hatip Lisesi,imamHatip,277.814,44.68,43.13
Isparta,Şarkikaraağaç,Şarkikaraağaç Fen Lisesi,fen,378.6686,15.93,14.12
Isparta,Merkez,Şehit Ahmet Hilmi Yiğit Mesleki Ve Teknik Anadolu Lisesi,mesleki,261.6728,54.6,50
Isparta,Merkez,Şehit Tevhit Akkan Kız Anadolu İmam Hatip Lisesi,imamHatip,350.847,22.22,20.43
Isparta,Merkez,Tenzile Erdoğan Anadolu Lisesi,anadolu,429.6053,5,5.5
Isparta,Merkez,Tobb Mesleki Ve Teknik Anadolu Lisesi,mesleki,248.8207,52.32,55.77
Isparta,Yalvaç,Yalvaç Fen Lisesi,fen,407.9168,9.41,8.75
İstanbul,Bahçelievler,"15 Temmuz Şehitleri Anadolu İmam Hatip Lisesi (Fen Ve Sosyal Bilimler Programı, İngilizce, 4 yıl)",imamHatip,418.0196,8.81,7.14
İstanbul,Bahçelievler,15 Temmuz Şehitleri Anadolu İmam Hatip Lisesi (Fen Ve Teknoloji Programı),imamHatip,427.9841,7.02,5.69
İstanbul,Bahçelievler,"15 Temmuz Şehitleri Anadolu İmam Hatip Lisesi (Fen Ve Sosyal Bilimler Programı, Arapça, 5 yıl)",imamHatip,401.4458,11.06,9.83
İstanbul,Kadıköy,50. Yıl Cumhuriyet Feridun Tümer Mesleki Ve Teknik Anadolu Lisesi,mesleki,172.9447,70.47,98
İstanbul,Bağcılar,Abdurrahman Ve Nermin Bilimli Mesleki Ve Teknik Anadolu Lisesi,mesleki,292.2694,34.87,37.87
İstanbul,Zeytinburnu,Adile Mermerci Anadolu Lisesi,anadolu,432.1309,5.81,5.17
İstanbul,Bahçelievler,Adnan Menderes Anadolu Lisesi,anadolu,466.5282,1.75,1.54
İstanbul,Tuzla,Ahmet Fikret Evyap Mesleki ve Teknik Anadolu Lisesi (KİMYA TEKNOLOJİSİ ALANI),mesleki,283.0239,,41.16
İstanbul,Tuzla,Ahmet Fikret Evyap Mesleki ve Teknik Anadolu Lisesi (ENDÜSTRİYEL OTOMASYON TEKNOLOJİLERİ ALANI),mesleki,324.5813,,27.42
İstanbul,Tuzla,Ahmet Fikret Evyap Mesleki ve Teknik Anadolu Lisesi (YENİLENEBİLİR ENERJİ TEKNOLOJİLERİ ALANI (SINAVLI)),mesleki,257.1054,,51.81
İstanbul,Tuzla,Ahmet Fikret Evyap Mesleki ve Teknik Anadolu Lisesi (KİMYA TEKNOLOJİSİ ALANI (SINAVLI)),mesleki,246.5814,,56.91
İstanbul,Tuzla,Ahmet Fikret Evyap Mesleki ve Teknik Anadolu Lisesi (ENDÜSTRİYEL OTOMASYON TEKNOLOJİLERİ ALANI (SINAVLI)),mesleki,280.5607,,42.08
İstanbul,Tuzla,Ahmet Fikret Evyap Mesleki ve Teknik Anadolu Lisesi (YENİLENEBİLİR ENERJİ TEKNOLOJİLERİ ALANI),mesleki,279.5603,,42.46
İstanbul,Ataşehir,Ahmet Keleşoğlu Fen Lisesi,fen,461.6789,2.45,1.95
İstanbul,Bahçelievler,Ahmet Şişman Kız Anadolu İmam Hatip Lisesi,imamHatip,299.2927,40.52,35.48
İstanbul,Başakşehir,Akif İnan Anadolu İmam Hatip Lisesi (Fen Ve Teknoloji Programı),imamHatip,452.7916,3.69,2.78
İstanbul,Başakşehir,"Akif İnan Anadolu İmam Hatip Lisesi (Fen Ve Sosyal Bilimler Programı, 4 yıl)",imamHatip,438.7269,6.64,4.35
İstanbul,Başakşehir,"Akif İnan Anadolu İmam Hatip Lisesi (Fen Ve Sosyal Bilimler Programı, 5 yıl)",imamHatip,443.5502,5.71,3.78
İstanbul,Bağcılar,Alaattin-Nilüfer Kadayıfcıoğlu Kız Mesleki Ve Teknik Anadolu Lisesi,mesleki,219.7342,81.35,73.13
İstanbul,Başakşehir,Alev Alatlı Anadolu Lisesi,anadolu,423.5655,7.74,6.33
İstanbul,Sarıyer,Ali Akkanat Anadolu Lisesi,anadolu,377.1961,16.24,14.58
İstanbul,Eyüpsultan,Alibeyköy Mesleki Ve Teknik Anadolu Lisesi (Elektrik-Elektronik Teknolojisi Alanı),mesleki,269.7676,47.8,46.34
İstanbul,Eyüpsultan,Alibeyköy Mesleki Ve Teknik Anadolu Lisesi (Makine Ve Tasarım Teknolojisi Alanı),mesleki,248.4237,57.92,55.97
İstanbul,Esenyurt,Ali Kul Mesleki Ve Teknik Anadolu Lisesi (Elektrik-Elektronik Teknolojisi Alanı),mesleki,252.0667,52.65,54.17
İstanbul,Esenyurt,Ali Kul Mesleki Ve Teknik Anadolu Lisesi (Kimya Teknolojisi Alanı),mesleki,209.7707,90.54,80.13
İstanbul,Esenyurt,Alkop Mesleki Ve Teknik Anadolu Lisesi,mesleki,146.4301,91.07,100
İstanbul,Beşiktaş,Arnavutköy Korkmaz Yiğit Anadolu Lisesi,anadolu,439.1419,5.12,4.3
İstanbul,Arnavutköy,Arnavutköy Mesleki Ve Teknik Anadolu Lisesi,mesleki,190.7104,87.45,92.03
İstanbul,Tuzla,Asım Kibar Turizm Mesleki Ve Teknik Anadolu Lisesi (Yiyecek İçecek Hizmetleri Alanı),mesleki,247.2666,55.18,56.55
İstanbul,Tuzla,Asım Kibar Turizm Mesleki Ve Teknik Anadolu Lisesi (Konaklama Ve Seyahat Hizmetleri Alanı),mesleki,233.7564,62.53,64.06
İstanbul,Bakırköy,Ataköy Cumhuriyet Anadolu Lisesi,anadolu,426.3913,6.39,5.93
İstanbul,Kartal,Atalar Mesleki Ve Teknik Anadolu Lisesi (Elektrik-Elektronik Teknolojisi Alanı),mesleki,241.9465,51.83,59.36
İstanbul,Kartal,Atalar Mesleki Ve Teknik Anadolu Lisesi (Mobilya Ve İç Mekân Tasarımı Alanı),mesleki,164.4675,85.88,99.3
İstanbul,Kartal,Atalar Mesleki Ve Teknik Anadolu Lisesi (Motorlu Araçlar Teknolojisi Alanı),mesleki,257.7842,50.17,51.5
İstanbul,Ataşehir,Ataşehir Dilek Sabancı Ticaret Mesleki Ve Teknik Anadolu Lisesi (Bilişim Teknolojileri Alanı),mesleki,358.3175,17.84,18.61
İstanbul,Ataşehir,Ataşehir Dilek Sabancı Ticaret Mesleki Ve Teknik Anadolu Lisesi (Bilişim Teknolojileri Alanı) (2),mesleki,330.4406,17.84,25.86
İstanbul,Ataşehir,Ataşehir Kız Anadolu İmam Hatip Lisesi,imamHatip,337.4545,24.42,23.93
İstanbul,Avcılar,Avcılar Kız Anadolu İmam Hatip Lisesi,imamHatip,305.1733,34,33.53
İstanbul,Avcılar,Avcılar Mesleki Ve Teknik Anadolu Lisesi (Makine Ve Tasarım Teknolojisi Alanı),mesleki,271.4957,41.36,45.64
İstanbul,Avcılar,Avcılar Mesleki Ve Teknik Anadolu Lisesi (Elektrik-Elektronik Teknolojisi Alanı),mesleki,300.2999,33.49,35.14
İstanbul,Esenyurt,Aydoğan Öztiryaki Tim Sander Dış Ticaret Mesleki Ve Teknik Anadolu Lisesi (Elektrik-Elektronik Teknolojisi Alanı),mesleki,223.4841,70.53,70.57
İstanbul,Esenyurt,Aydoğan Öztiryaki Tim Sander Dış Ticaret Mesleki Ve Teknik Anadolu Lisesi (Endüstriyel Otomasyon Teknolojileri Alanı),mesleki,205.0306,83.61,83.38
İstanbul,Esenyurt,Aydoğan Öztiryaki Tim Sander Dış Ticaret Mesleki Ve Teknik Anadolu Lisesi (Muhasebe Ve Finansman Alanı),mesleki,203.3381,89.53,84.52
İstanbul,Esenyurt,Aydoğan Öztiryaki Tim Sander Dış Ticaret Mesleki Ve Teknik Anadolu Lisesi (Makine Ve Tasarım Teknolojisi Alanı),mesleki,208.8939,76.01,80.74
İstanbul,Sultanbeyli,Aziz Sancar Anadolu Lisesi,anadolu,407.0891,9.79,8.97
İstanbul,Bağcılar,Bağcılar Mesleki Ve Teknik Anadolu Lisesi (Uçak Bakım Alanı),mesleki,381.5975,14.75,13.52
İstanbul,Bağcılar,Bağcılar Mesleki Ve Teknik Anadolu Lisesi (İnşaat Teknolojisi Alanı),mesleki,225.1637,70.55,69.46
İstanbul,Bağcılar,Bağcılar Mesleki Ve Teknik Anadolu Lisesi (Makine Ve Tasarım Teknolojisi Alanı),mesleki,262.8027,48.69,49.27
İstanbul,Üsküdar,Bağlarbaşı Pazarlama Ve Perakende Ticaret Mesleki Ve Teknik Anadolu Lisesi (Muhasebe Ve Finansman Alanı),mesleki,170.5455,88.55,98.42
İstanbul,Üsküdar,Bağlarbaşı Pazarlama Ve Perakende Ticaret Mesleki Ve Teknik Anadolu Lisesi (Pazarlama Ve Perakende Alanı),mesleki,177.651,88.55,96.95
İstanbul,Bahçelievler,Bahçelievler Anadolu Lisesi (İngilizce),anadolu,459.6336,2.66,2.12
İstanbul,Bahçelievler,Bahçelievler Anadolu Lisesi (Almanca),anadolu,464.2734,2.17,1.73
İstanbul,Bahçelievler,Bahçelievler Aydın Doğan Ticaret Mesleki Ve Teknik Anadolu Lisesi (Radyo-Televizyon Alanı),mesleki,234.7469,43.37,63.45
İstanbul,Bahçelievler,Bahçelievler Aydın Doğan Ticaret Mesleki Ve Teknik Anadolu Lisesi (Radyo-Televizyon Alanı) (2),mesleki,245.1994,43.37,57.64
İstanbul,Bahçelievler,Bahçelievler Aydın Doğan Ticaret Mesleki Ve Teknik Anadolu Lisesi (Gazetecilik Alanı),mesleki,216.0332,86.16,75.53
İstanbul,Bahçelievler,Bahçelievler Mesleki Ve Teknik Anadolu Lisesi (Biyomedikal Cihaz Teknolojileri Alanı),mesleki,251.661,75.62,54.37
İstanbul,Bahçelievler,Bahçelievler Mesleki Ve Teknik Anadolu Lisesi (Sağlık Hizmetleri Alanı),mesleki,276.855,39.9,43.51
İstanbul,Başakşehir,Bahçeşehir Borsa İstanbul Mesleki Ve Teknik Anadolu Lisesi,mesleki,297.4393,32.44,36.1
İstanbul,Bakırköy,"Bakırköy Anadolu İmam Hatip Lisesi (Fen Ve Sosyal Bilimler Programı, İngilizce, 4 yıl)",imamHatip,369.3337,18.69,16.1
İstanbul,Bakırköy,"Bakırköy Anadolu İmam Hatip Lisesi (Fen Ve Sosyal Bilimler Programı, Fransızca, 5 yıl)",imamHatip,378.3548,15.29,14.2
İstanbul,Bayrampaşa,"Bayrampaşa Aliya İzzetbegoviç Kız Anadolu İmam Hatip Lisesi (Fen Ve Sosyal Bilimler Programı, İngilizce, 4 yıl)",imamHatip,389.9608,13.46,11.9
İstanbul,Bayrampaşa,"Bayrampaşa Aliya İzzetbegoviç Kız Anadolu İmam Hatip Lisesi (Fen Ve Sosyal Bilimler Programı, Korece, 5 yıl)",imamHatip,375.2492,17.34,14.83
İstanbul,Bayrampaşa,"Bayrampaşa Aliya İzzetbegoviç Kız Anadolu İmam Hatip Lisesi (Fen Ve Sosyal Bilimler Programı, İngilizce, 5 yıl)",imamHatip,398.2877,11.47,10.38
İstanbul,Bayrampaşa,Bayrampaşa Kız Mesleki Ve Teknik Anadolu Lisesi,mesleki,226.1716,75.23,68.8
İstanbul,Sarıyer,Behçet Kemal Çağlar Anadolu Lisesi,anadolu,402.3433,11.26,9.68
İstanbul,Tuzla,Behiye Dr.Nevhiz Işıl Anadolu Lisesi,anadolu,445.1693,4.14,3.6
İstanbul,Beşiktaş,Beşiktaş Anadolu İmam Hatip Lisesi,imamHatip,186.7671,83.1,93.95
İstanbul,Beşiktaş,Beşiktaş Anadolu Lisesi,anadolu,478.899,1.03,0.72
İstanbul,Beşiktaş,Beşiktaş Atatürk Anadolu Lisesi,anadolu,463.8104,2.43,1.76
İstanbul,Beşiktaş,Beşiktaş Kız Anadolu İmam Hatip Lisesi,imamHatip,387.5793,14.1,12.35
İstanbul,Beşiktaş,Beşiktaş Sakıp Sabancı Anadolu Lisesi,anadolu,486.2803,0.5,0.37
İstanbul,Beykoz,Beykoz Anadolu İmam Hatip Lisesi,imamHatip,297.6576,65.27,36.03
İstanbul,Beykoz,Beykoz Barbaros Hayrettin Paşa Mesleki Ve Teknik Anadolu Lisesi,mesleki,281.7433,40.64,41.65
İstanbul,Beykoz,Beykoz Fen Lisesi,fen,441.5387,4.82,4.01
İstanbul,Beylikdüzü,Beylikdüzü Azem Yükseloğlu Anadolu İmam Hatip Lisesi,imamHatip,285.0249,58.76,40.42
İstanbul,Beylikdüzü,Beylikdüzü Borsa İstanbul Çok Programlı Anadolu Lisesi,anadolu,161.1476,79.89,99.77
İstanbul,Beylikdüzü,Beylikdüzü Şehit Şafak Evran Ticaret Mesleki Ve Teknik Anadolu Lisesi (Konaklama Ve Seyahat Hizmetleri Alanı),mesleki,230.8014,61.86,65.85
İstanbul,Beylikdüzü,Beylikdüzü Şehit Şafak Evran Ticaret Mesleki Ve Teknik Anadolu Lisesi (Yiyecek İçecek Hizmetleri Alanı),mesleki,250.1693,51.9,55.1
İstanbul,Beyoğlu,"Beyoğlu Anadolu İmam Hatip Lisesi (Fen Ve Sosyal Bilimler Programı, Arapça)",imamHatip,449.1473,3.48,3.16
İstanbul,Beyoğlu,"Beyoğlu Anadolu İmam Hatip Lisesi (Fen Ve Sosyal Bilimler Programı, İngilizce)",imamHatip,454.7816,2.43,2.58
İstanbul,Beyoğlu,Beyoğlu Anadolu Lisesi,anadolu,406.5803,9.67,8.97
İstanbul,Beykoz,"Boğaziçi Kız Anadolu İmam Hatip Lisesi (Fen Ve Sosyal Bilimler Programı, 4 yıl)",imamHatip,291.9982,49.3,37.96
İstanbul,Beykoz,"Boğaziçi Kız Anadolu İmam Hatip Lisesi (Fen Ve Sosyal Bilimler Programı, 5 yıl)",imamHatip,212.8977,72.87,77.92
İstanbul,Beykoz,Boğaziçi Kız Mesleki Ve Teknik Anadolu Lisesi,mesleki,196.9587,90.91,88.61
İstanbul,Başakşehir,Borsa İstanbul Başakşehir Mesleki Ve Teknik Anadolu Lisesi (Bilişim Teknolojileri Alanı),mesleki,321.8886,25.74,28.34
İstanbul,Başakşehir,Borsa İstanbul Başakşehir Mesleki Ve Teknik Anadolu Lisesi (Elektrik-Elektronik Teknolojisi Alanı),mesleki,310.331,33.46,31.89
İstanbul,Başakşehir,Borsa İstanbul Başakşehir Mesleki Ve Teknik Anadolu Lisesi (Motorlu Araçlar Teknolojisi Alanı),mesleki,284.2827,40.29,40.7
İstanbul,Başakşehir,Borsa İstanbul Başakşehir Mesleki Ve Teknik Anadolu Lisesi (Kimya Teknolojisi Alanı),mesleki,142.2117,83.72,100
İstanbul,Başakşehir,Borsa İstanbul Başakşehir Mesleki Ve Teknik Anadolu Lisesi (Makine Ve Tasarım Teknolojisi Alanı),mesleki,256.4243,49.22,52.12
İstanbul,Zeytinburnu,Borsa İstanbul Zeytinburnu Anadolu Lisesi,anadolu,414.927,8.68,7.62
İstanbul,Esenyurt,"Borusan Asım Kocabıyık Mesleki Ve Teknik Anadolu Lisesi (Bilişim Teknolojileri Alanı, 4 yıl)",mesleki,375.8047,15.65,14.72
İstanbul,Esenyurt,Borusan Asım Kocabıyık Mesleki Ve Teknik Anadolu Lisesi (Makine Ve Tasarım Teknolojisi Alanı),mesleki,345.7274,21.02,21.75
İstanbul,Esenyurt,Borusan Asım Kocabıyık Mesleki Ve Teknik Anadolu Lisesi (Bilişim Teknolojileri Alanı),mesleki,390.2902,12.47,11.83
İstanbul,Esenyurt,Borusan Asım Kocabıyık Mesleki Ve Teknik Anadolu Lisesi (Elektrik-Elektronik Teknolojisi Alanı),mesleki,386.0837,14.53,12.64
İstanbul,Esenyurt,"Borusan Asım Kocabıyık Mesleki Ve Teknik Anadolu Lisesi (Elektrik-Elektronik Teknolojisi Alanı, 4 yıl)",mesleki,365.1661,18.4,17.03
İstanbul,Esenyurt,Borusan Asım Kocabıyık Mesleki Ve Teknik Anadolu Lisesi (Motorlu Araçlar Teknolojisi Alanı),mesleki,349.8591,19.93,20.68
İstanbul,Kartal,Burak Bora Anadolu Lisesi (Fransızca),anadolu,476.0414,1.07,0.88
İstanbul,Kartal,Burak Bora Anadolu Lisesi (İngilizce),anadolu,477.0937,1.02,0.81
İstanbul,Büyükçekmece,Büyükçekmece Atatürk Anadolu Lisesi,anadolu,424.5206,6.86,6.25
İstanbul,Büyükçekmece,Büyükçekmece Hayriye Duruk Kız Mesleki Ve Teknik Anadolu Lisesi (Gıda Teknolojisi Alanı),mesleki,165.398,89.52,99.16
İstanbul,Büyükçekmece,Büyükçekmece Hayriye Duruk Kız Mesleki Ve Teknik Anadolu Lisesi (Yiyecek İçecek Hizmetleri Alanı),mesleki,220.483,66.99,72.61
İstanbul,Büyükçekmece,Büyükçekmece Mesleki Ve Teknik Anadolu Lisesi,mesleki,189.1411,85.61,92.79
İstanbul,Beylikdüzü,Büyükşehir Hüseyin Yıldız Anadolu Lisesi,anadolu,434.5992,5.33,4.85
İstanbul,Zeytinburnu,Büyükyalı Mesleki Ve Teknik Anadolu Lisesi (Bilişim Teknolojileri Alanı),mesleki,395.3278,11.21,10.89
İstanbul,Zeytinburnu,Büyükyalı Mesleki Ve Teknik Anadolu Lisesi (Makine Ve Tasarım Teknolojisi Alanı),mesleki,384.5523,14.07,12.93
İstanbul,Fatih,Cağaloğlu Anadolu Lisesi,anadolu,493.3585,0.14,0.13
İstanbul,Fatih,Cağaloğlu Hüsamettin Yivlik Geleneksel Türk Sanatları Mesleki Ve Teknik Anadolu Lisesi (Moda Tasarım Teknolojileri),mesleki,173.5483,96.35,97.87
İstanbul,Fatih,Cağaloğlu Hüsamettin Yivlik Geleneksel Türk Sanatları Mesleki Ve Teknik Anadolu Lisesi (Geleneksel Türk Sanatları),mesleki,163.8528,96.35,99.39
İstanbul,Fatih,Cağaloğlu Kız Mesleki Ve Teknik Anadolu Lisesi,mesleki,180.0291,87.25,95.25
İstanbul,Üsküdar,Çamlıca Kız Anadolu İmam Hatip Lisesi,imamHatip,383.6257,14.39,13.12
İstanbul,Üsküdar,Çamlıca Kız Lisesi,anadolu,396.8041,11.83,10.65
İstanbul,Fatih,Çapa Fen Lisesi,fen,482.8016,0.4,0.5
İstanbul,Çatalca,Çatalca Anadolu Lisesi,anadolu,398.4513,11.84,10.36
İstanbul,Çatalca,Çatalca Arif Nihat Asya Mesleki Ve Teknik Anadolu Lisesi,mesleki,231.521,61.35,65.41
İstanbul,Çatalca,Çatalca Fen Lisesi,fen,434.8833,5.17,4.82
İstanbul,Çatalca,Çatalca Şehit Halil İbrahim Gürel Anadolu İmam Hatip Lisesi,imamHatip,192.7285,84.89,90.98
İstanbul,Çekmeköy,"Çekmeköy Anadolu İmam Hatip Lisesi (Fen Ve Sosyal Bilimler Programı, 4 yıl)",imamHatip,328.9647,47.48,26.28
İstanbul,Çekmeköy,"Çekmeköy Anadolu İmam Hatip Lisesi (Fen Ve Sosyal Bilimler Programı, 5 yıl)",imamHatip,312.589,27.67,31.18
İstanbul,Fatih,Çemberlitaş Anadolu Lisesi,anadolu,457.9532,2.59,2.27
İstanbul,Güngören,Cemil Meriç Kız Mesleki Ve Teknik Anadolu Lisesi,mesleki,176.673,88.88,97.21
İstanbul,Sultangazi,Cumhuriyet Anadolu Lisesi,anadolu,394.9364,12.52,10.96
İstanbul,Bahçelievler,Dede Korkut Anadolu Lisesi,anadolu,418.2659,7.82,7.11
İstanbul,Bağcılar,Demirören Medya Ve Teknoloji Mesleki Ve Teknik Anadolu Lisesi (RADYO-TELEVİZYON ALANI),mesleki,419.359,8.02,6.95
İstanbul,Bağcılar,Demirören Medya Ve Teknoloji Mesleki Ve Teknik Anadolu Lisesi (Yapay Zekâ),mesleki,440.2559,4.29,4.16
İstanbul,Büyükçekmece,Doç. Dr. Burhan Bahriyeli Mesleki Ve Teknik Anadolu Lisesi (Tekstil Teknolojisi Alanı),mesleki,166.4728,89.01,99.01
İstanbul,Büyükçekmece,Doç. Dr. Burhan Bahriyeli Mesleki Ve Teknik Anadolu Lisesi (Ulaştırma Hizmetleri Alanı),mesleki,167.6947,86.55,98.83
İstanbul,Büyükçekmece,Doç. Dr. Burhan Bahriyeli Mesleki Ve Teknik Anadolu Lisesi (Moda Tasarım Teknolojileri),mesleki,158.7309,91.52,100
İstanbul,Küçükçekmece,Doğan Cüceloğlu Fen Lisesi,fen,459.7762,2.37,2.11
İstanbul,Bağcılar,Dr. Kemal Naci Ekşi Anadolu Lisesi,anadolu,391.8894,12.4,11.53
İstanbul,Ataşehir,Dr. Nureddin Erk-Perihan Erk Mesleki Ve Teknik Anadolu Lisesi,mesleki,243.7799,55.92,58.38
İstanbul,Küçükçekmece,Dr.Oktay Duran Mesleki Ve Teknik Anadolu Lisesi (Grafik Ve Fotoğraf Alanı),mesleki,237.7331,54.15,61.73
İstanbul,Küçükçekmece,Dr.Oktay Duran Mesleki Ve Teknik Anadolu Lisesi (Matbaa Teknolojisi Alanı),mesleki,166.2685,96.51,99.04
İstanbul,Şile,Dr.Vasıf Topçu Fen Lisesi,fen,412.0874,8.5,8.06
İstanbul,Ümraniye,Dudullu Amanetoğlu Anadolu İmam Hatip Lisesi,imamHatip,367.2513,21.13,16.56
İstanbul,Ümraniye,Dudullu OSB Mesleki ve Teknik Anadolu Lisesi (ELEKTRİK-ELEKTRONİK TEKNOLOJİSİ ALANI),mesleki,264.2095,,48.66
İstanbul,Ümraniye,Dudullu OSB Mesleki ve Teknik Anadolu Lisesi (ENDÜSTRİYEL OTOMASYON TEKNOLOJİLERİ ALANI),mesleki,286.1272,,40.03
İstanbul,Kağıthane,Ekrem Cevahir Anadolu İmam Hatip Lisesi,imamHatip,167.1743,70.89,98.91
İstanbul,Ataşehir,Enerjisa İstanbul Meslekî Ve Teknik Anadolu Lisesi (Yenilenebilir Enerji Teknolojileri Alanı),anadolu,381.1557,13.4,13.61
İstanbul,Ataşehir,Enerjisa İstanbul Meslekî Ve Teknik Anadolu Lisesi (YENİLENEBİLİR ENERJİ TEKNOLOJİLERİ ALANI),anadolu,390.8815,,11.72
İstanbul,Kadıköy,Erenköy Kız Lisesi,anadolu,390.094,13.9,11.87
İstanbul,Güngören,Ergün Öner - Mehmet Öner Anadolu Lisesi,anadolu,409.9387,9.4,8.42
İstanbul,Esenler,Esenler 15 Temmuz Şehitleri Anadolu İmam Hatip Lisesi,imamHatip,274.2296,73.41,44.54
İstanbul,Esenler,Esenler Mesleki Ve Teknik Anadolu Lisesi (Tekstil Teknolojisi Alanı),mesleki,207.9566,86.05,81.39
İstanbul,Esenler,Esenler Mesleki Ve Teknik Anadolu Lisesi (Elektrik-Elektronik Teknolojisi Alanı),mesleki,251.689,52.95,54.35
İstanbul,Esenyurt,Esenyurt Fen Lisesi,fen,435.9349,5.04,4.69
İstanbul,Esenyurt,Esenyurt Nakipoğlu Cumhuriyet Anadolu Lisesi,anadolu,416.4213,8.85,7.39
İstanbul,Beşiktaş,Etiler Turizm Mesleki Ve Teknik Anadolu Lisesi (Yiyecek İçecek Hizmetleri Alanı),mesleki,248.8173,56.06,55.77
İstanbul,Beşiktaş,Etiler Turizm Mesleki Ve Teknik Anadolu Lisesi (Konaklama Ve Seyahat Hizmetleri Alanı),mesleki,254.4574,53.61,53.04
İstanbul,Eyüpsultan,Eyüpsultan Anadolu Lisesi,anadolu,434.0739,5.63,4.91
İstanbul,Eyüpsultan,Eyüpsultan Hacı Osman Torun Anadolu İmam Hatip Lisesi,imamHatip,329.7327,48.22,26.07
İstanbul,Eyüpsultan,"Eyüpsultan Kız Anadolu İmam Hatip Lisesi (Fen Ve Sosyal Bilimler Programı, 4 yıl)",imamHatip,345.4925,23.18,21.8
İstanbul,Eyüpsultan,"Eyüpsultan Kız Anadolu İmam Hatip Lisesi (Fen Ve Sosyal Bilimler Programı, 5 yıl)",imamHatip,366.3495,17.6,16.76
İstanbul,Eyüpsultan,Eyüpsultan Şehit Furkan Doğan Anadolu İmam Hatip Lisesi,imamHatip,306.7829,38.26,32.92
İstanbul,Küçükçekmece,Fahreddin Kerim Gökay Anadolu Lisesi,anadolu,429.497,6.15,5.52
İstanbul,Fatih,Fatih Kız Anadolu İmam Hatip Lisesi,imamHatip,315.4301,32.51,30.29
İstanbul,Sancaktepe,Fehmi Yılmaz Mesleki Ve Teknik Anadolu Lisesi,mesleki,248.5405,61.85,55.91
İstanbul,Esenyurt,Fikriye-Nüzhet Bilgincan Mesleki Ve Teknik Anadolu Lisesi,mesleki,193.277,84.87,90.69
İstanbul,Bakırköy,Florya Tevfik Ercan Anadolu Lisesi,anadolu,428.9096,6.04,5.6
İstanbul,Sultanbeyli,Fuat Sezgin Anadolu İmam Hatip Lisesi,imamHatip,345.1271,20.15,21.91
İstanbul,Beyoğlu,Galata Mesleki Ve Teknik Anadolu Lisesi,mesleki,227.4804,69.3,67.95
İstanbul,Beyoğlu,Galatasaray Üniversitesi Galatasaray Lisesi,anadolu,497.4323,0.01,0.05
İstanbul,Küçükçekmece,Gazi Anadolu Lisesi,anadolu,413.4038,8.64,7.86
İstanbul,Gaziosmanpaşa,Gaziosmanpaşa Anadolu İmam Hatip Lisesi,imamHatip,289.897,85.27,39.09
İstanbul,Gaziosmanpaşa,Gaziosmanpaşa Anadolu Lisesi (Almanca),anadolu,417.6231,9.14,7.2
İstanbul,Gaziosmanpaşa,Gaziosmanpaşa Anadolu Lisesi (İngilizce),anadolu,420.7733,8.43,6.79
İstanbul,Gaziosmanpaşa,Gaziosmanpaşa Mesleki Ve Teknik Anadolu Lisesi (Elektrik-Elektronik Teknolojisi Alanı),mesleki,232.8925,68.58,64.57
İstanbul,Gaziosmanpaşa,Gaziosmanpaşa Mesleki Ve Teknik Anadolu Lisesi (İnşaat Teknolojisi Alanı),mesleki,171.849,87.84,98.22
İstanbul,Gaziosmanpaşa,Gaziosmanpaşa Mesleki Ve Teknik Anadolu Lisesi (Bilişim Teknolojileri Alanı),mesleki,242.1976,51.27,59.24
İstanbul,Gaziosmanpaşa,Gaziosmanpaşa Mesleki Ve Teknik Anadolu Lisesi (Makine Ve Tasarım Teknolojisi Alanı),mesleki,213.6022,77.15,77.61
İstanbul,Eyüpsultan,Göktürk Anadolu İmam Hatip Lisesi,imamHatip,274.6268,99.82,44.38
İstanbul,Pendik,Gönüllü Hizmet Vakfı İnal Aydınoğlu Sosyal Bilimler Lisesi,sosyal,383.2993,12.7,13.18
İstanbul,Pendik,Gönüllü Hizmet Vakfı Mustafa Saffet Fen Lisesi,fen,456.4341,2.71,2.41
İstanbul,Kadıköy,Göztepe İhsan Kurşunoğlu Anadolu Lisesi,anadolu,439.5959,5.13,4.24
İstanbul,Pendik,Gülizar Zeki Obdan Anadolu Lisesi,anadolu,419.7419,8.33,6.95
İstanbul,Kağıthane,Gültepe Şehit Cihan Erat Mesleki Ve Teknik Anadolu Lisesi (Elektrik-Elektronik Teknolojisi Alanı),mesleki,231.1018,71.73,65.68
İstanbul,Kağıthane,Gültepe Şehit Cihan Erat Mesleki Ve Teknik Anadolu Lisesi (Endüstriyel Otomasyon Teknolojileri Alanı),mesleki,197.597,88.33,88.23
İstanbul,Kağıthane,Gültepe Şehit Cihan Erat Mesleki Ve Teknik Anadolu Lisesi (Makine Ve Tasarım Teknolojisi Alanı),mesleki,177.3508,89.22,97.03
İstanbul,Güngören,"Güngören İstanbul Ticaret Odası Kız Anadolu İmam Hatip Lisesi (Fen Ve Sosyal Bilimler Programı, 4 yıl)",imamHatip,417.2404,6.72,7.26
İstanbul,Güngören,"Güngören İstanbul Ticaret Odası Kız Anadolu İmam Hatip Lisesi (Fen Ve Sosyal Bilimler Programı, 5 yıl)",imamHatip,437.4126,3.76,4.5
İstanbul,Güngören,Güngören Mesleki Ve Teknik Anadolu Lisesi,mesleki,234.2521,60.8,63.75
İstanbul,Beylikdüzü,Gürpınar Borsa İstanbul Mesleki Ve Teknik Anadolu Lisesi (ELEKTRİK-ELEKTRONİK TEKNOLOJİSİ ALANI (SINAVLI)),mesleki,268.0233,,47.05
İstanbul,Beylikdüzü,Gürpınar Borsa İstanbul Mesleki Ve Teknik Anadolu Lisesi (Biyomedikal Cihaz Teknolojileri Alanı),mesleki,286.6302,51.29,39.85
İstanbul,Beylikdüzü,Gürpınar Borsa İstanbul Mesleki Ve Teknik Anadolu Lisesi (BİYOMEDİKAL CİHAZ TEKNOLOJİLERİ ALANI (SINAVLI)),mesleki,248.9753,,55.69
İstanbul,Beylikdüzü,Gürpınar Borsa İstanbul Mesleki Ve Teknik Anadolu Lisesi (KİMYA TEKNOLOJİSİ ALANI (SINAVLI)),mesleki,219.5306,,73.27
İstanbul,Beylikdüzü,Gürpınar İsmail Lütfi Çakan Anadolu İmam Hatip Lisesi,imamHatip,215.186,89.09,75.53
İstanbul,Esenyurt,"Güzelyurt Kız Anadolu İmam Hatip Lisesi (Fen Ve Sosyal Bilimler Programı, 5 yıl)",imamHatip,395.3047,12.25,10.9
İstanbul,Esenyurt,"Güzelyurt Kız Anadolu İmam Hatip Lisesi (Fen Ve Sosyal Bilimler Programı, 4 yıl)",imamHatip,369.3865,18.35,16.09
İstanbul,Ataşehir,Habire Yahşi Anadolu Lisesi,anadolu,426.6525,7.29,5.9
İstanbul,Küçükçekmece,Hacı Bektaş Veli Anadolu Lisesi,anadolu,398.418,11.34,10.36
İstanbul,Üsküdar,Hacı Sabancı Anadolu Lisesi,anadolu,436.5575,5.64,4.61
İstanbul,Başakşehir,Hacı Şöhret Demiröz Fen Lisesi,fen,455.4988,2.66,2.51
İstanbul,Üsküdar,Hakkı Demir Anadolu İmam Hatip Lisesi (Fen Ve Sosyal Bilimler Programı),imamHatip,410.0771,10.18,8.4
İstanbul,Üsküdar,Hakkı Demir Anadolu İmam Hatip Lisesi (Hafızlık Projesi (Fen Ve Sosyal Bilimler Programı)),imamHatip,331.1074,32.45,25.65
İstanbul,Şişli,Halil Rıfat Paşa Mesleki Ve Teknik Anadolu Lisesi (BİLİŞİM TEKNOLOJİLERİ ALANI (SINAVLI)),mesleki,254.5115,,53.02
İstanbul,Şişli,Halil Rıfat Paşa Mesleki Ve Teknik Anadolu Lisesi (GRAFİK VE FOTOĞRAF ALANI (SINAVLI)),mesleki,209.2828,,80.47
İstanbul,Şişli,Hamidiye Etfal Mesleki Ve Teknik Anadolu Lisesi,mesleki,314.4704,25.64,30.59
İstanbul,Maltepe,Handan Hayrettin Yelkikanat Mesleki Ve Teknik Anadolu Lisesi (Bilişim Teknolojileri Alanı),mesleki,380.6129,13.5,13.72
İstanbul,Maltepe,Handan Hayrettin Yelkikanat Mesleki Ve Teknik Anadolu Lisesi (Elektrik-Elektronik Teknolojisi Alanı),mesleki,370.2903,16.72,15.89
İstanbul,Bakırköy,Hasan Polatkan Anadolu Lisesi,anadolu,446.8443,4.04,3.41
İstanbul,Silivri,Hasan-Sabriye Gümüş Anadolu Lisesi,anadolu,408.5585,9.84,8.68
İstanbul,Kağıthane,"Hasbahçe Kız Anadolu İmam Hatip Lisesi (Fen Ve Sosyal Bilimler Programı, 4 yıl)",imamHatip,330.2404,26.91,25.92
İstanbul,Kağıthane,"Hasbahçe Kız Anadolu İmam Hatip Lisesi (Fen Ve Sosyal Bilimler Programı, 5 yıl)",imamHatip,321.7119,26.8,28.37
İstanbul,Avcılar,Haydar Akın Mesleki Ve Teknik Anadolu Lisesi,mesleki,330.1511,22.03,25.95
İstanbul,Üsküdar,Haydarpaşa Lisesi (İngilizce),anadolu,487.7828,0.64,0.3
İstanbul,Üsküdar,Haydarpaşa Lisesi (Almanca),anadolu,488.8481,0.46,0.24
İstanbul,Üsküdar,Haydarpaşa Mesleki Ve Teknik Anadolu Lisesi (Makine Ve Tasarım Teknolojisi Alanı),mesleki,300.9691,34.35,34.92
İstanbul,Üsküdar,Haydarpaşa Mesleki Ve Teknik Anadolu Lisesi (Bilişim Teknolojileri Alanı),mesleki,353.2696,22.05,19.84
İstanbul,Üsküdar,Haydarpaşa Mesleki Ve Teknik Anadolu Lisesi (Endüstriyel Otomasyon Teknolojileri Alanı),mesleki,300.6529,22.05,35.04
İstanbul,Üsküdar,Haydarpaşa Mesleki Ve Teknik Anadolu Lisesi (Mobilya Ve İç Mekân Tasarımı Alanı),mesleki,223.5176,77.86,70.54
İstanbul,Üsküdar,Haydarpaşa Mesleki Ve Teknik Anadolu Lisesi (Elektrik-Elektronik Teknolojisi Alanı),mesleki,338.1602,22.05,23.74
İstanbul,Üsküdar,Haydarpaşa Mesleki Ve Teknik Anadolu Lisesi (Bilişim Teknolojileri Alanı) (2),mesleki,314.4904,22.05,30.59
İstanbul,Üsküdar,Haydarpaşa Mesleki Ve Teknik Anadolu Lisesi (Endüstriyel Otomasyon Teknolojileri Alanı) (2),mesleki,327.0358,22.05,26.84
İstanbul,Kadıköy,Hayrullah Kefoğlu Anadolu Lisesi,anadolu,440.0776,5.01,4.18
İstanbul,Pendik,Hezarfen Mesleki Ve Teknik Anadolu Lisesi (Elektrik-Elektronik Teknolojisi Alanı),mesleki,229.3501,74.08,66.77
İstanbul,Pendik,Hezarfen Mesleki Ve Teknik Anadolu Lisesi (Ulaştırma Hizmetleri Alanı),mesleki,209.819,68.77,80.1
İstanbul,Bağcılar,Hızır Reis Kız Anadolu İmam Hatip Lisesi,imamHatip,327.1021,33.58,26.81
İstanbul,Üsküdar,Hüseyin Avni Sözen Anadolu Lisesi (Almanca),anadolu,491.8566,0.14,0.18
İstanbul,Üsküdar,Hüseyin Avni Sözen Anadolu Lisesi (İngilizce),anadolu,488.2457,0.31,0.28
İstanbul,Bayrampaşa,Hüseyin Bürge Anadolu Lisesi,anadolu,403.9681,10.79,9.4
İstanbul,Arnavutköy,İbrahim Özaydın Mesleki Ve Teknik Anadolu Lisesi (Kimya Teknolojisi Alanı),mesleki,322.8144,30.22,28.07
İstanbul,Arnavutköy,İbrahim Özaydın Mesleki Ve Teknik Anadolu Lisesi (Bilişim Teknolojileri Alanı),mesleki,361.5558,17.73,17.85
İstanbul,Arnavutköy,İbrahim Özaydın Mesleki Ve Teknik Anadolu Lisesi (ELEKTRİK-ELEKTRONİK TEKNOLOJİSİ ALANI),mesleki,335.9093,,24.36
İstanbul,Esenler,İbrahim Turhan Anadolu Lisesi,anadolu,390.5871,12.96,11.78
İstanbul,Kağıthane,İhkib Kağıthane Mesleki Ve Teknik Anadolu Lisesi (Moda Tasarım Teknolojileri),mesleki,204.1722,85.58,83.96
İstanbul,Kağıthane,İhkib Kağıthane Mesleki Ve Teknik Anadolu Lisesi (Tekstil Teknolojisi Alanı),mesleki,174.8892,89.83,97.6
İstanbul,Bahçelievler,İhkib Yenibosna Mesleki Ve Teknik Anadolu Lisesi,mesleki,196.8083,87.85,88.7
İstanbul,Esenyurt,İhsan Nakipoğlu Anadolu İmam Hatip Lisesi,imamHatip,212.9014,83.35,77.92
İstanbul,Bahçelievler,İmmib Erkan Avcı Mesleki Ve Teknik Anadolu Lisesi (Makine Ve Tasarım Teknolojisi Alanı),mesleki,307.85,28.83,32.67
İstanbul,Bahçelievler,İmmib Erkan Avcı Mesleki Ve Teknik Anadolu Lisesi (İnşaat Teknolojisi Alanı),mesleki,226.5867,66.35,68.53
İstanbul,Bahçelievler,İmmib Erkan Avcı Mesleki Ve Teknik Anadolu Lisesi (Elektrik-Elektronik Teknolojisi Alanı),mesleki,332.6011,24.56,25.26
İstanbul,Bahçelievler,İmmib Erkan Avcı Mesleki Ve Teknik Anadolu Lisesi (Bilişim Teknolojileri Alanı),mesleki,349.9373,18.6,20.67
İstanbul,Bayrampaşa,İnönü Mesleki Ve Teknik Anadolu Lisesi (Elektrik-Elektronik Teknolojisi Alanı),mesleki,296.7044,35.87,36.34
İstanbul,Bayrampaşa,İnönü Mesleki Ve Teknik Anadolu Lisesi (MAKİNE VE TASARIM TEKNOLOJİSİ ALANI),mesleki,265.0929,,48.28
İstanbul,Bayrampaşa,İnönü Mesleki Ve Teknik Anadolu Lisesi (Makine Ve Tasarım Teknolojisi Alanı),mesleki,200.4166,46.92,86.44
İstanbul,Küçükçekmece,İsmet Aktar Mesleki Ve Teknik Anadolu Lisesi,mesleki,225.6404,69.68,69.15
İstanbul,Beşiktaş,İsov-Dinçkök Mesleki Ve Teknik Anadolu Lisesi (Endüstriyel Otomasyon Teknolojileri Alanı),mesleki,339.9274,31.45,23.27
İstanbul,Beşiktaş,İsov-Dinçkök Mesleki Ve Teknik Anadolu Lisesi (Elektrik-Elektronik Teknolojisi Alanı),mesleki,337.8362,47.92,23.83
İstanbul,Beşiktaş,İsov-Dinçkök Mesleki Ve Teknik Anadolu Lisesi (YAPAY ZEKÂ),mesleki,367.2811,,16.55
İstanbul,Beşiktaş,İsov-Dinçkök Mesleki Ve Teknik Anadolu Lisesi (BİLİŞİM TEKNOLOJİLERİ ALANI),mesleki,363.6424,,17.37
İstanbul,Kadıköy,İstanbul Anadolu Lisesi (İngilizce),anadolu,452.0069,3.79,2.86
İstanbul,Kadıköy,İstanbul Anadolu Lisesi (Almanca),anadolu,460.2259,2.69,2.07
İstanbul,Beyoğlu,İstanbul Atatürk Anadolu Lisesi,anadolu,428.7031,6.69,5.62
İstanbul,Kadıköy,"İstanbul Atatürk Fen Lisesi (Fen Bilimleri Alanı (Fen Lis.), Almanca)",fen,494.8872,0.09,0.07
İstanbul,Kadıköy,"İstanbul Atatürk Fen Lisesi (Fen Bilimleri Alanı (Fen Lis.), İngilizce)",fen,493.3585,0.14,0.13
İstanbul,Fatih,İstanbul Erkek Lisesi,anadolu,500,0.01,0.01
İstanbul,Arnavutköy,İstanbul Havalimanı Mesleki Ve Teknik Anadolu Lisesi (Ulaştırma Hizmetleri Alanı),mesleki,423.383,6.97,6.36
İstanbul,Arnavutköy,İstanbul Havalimanı Mesleki Ve Teknik Anadolu Lisesi (Uçak Bakım Alanı),mesleki,445.3915,3.95,3.58
İstanbul,Zeytinburnu,"İstanbul Kız Anadolu İmam Hatip Lisesi (Fen Ve Sosyal Bilimler Programı, 5 yıl)",imamHatip,373.1541,14.03,15.29
İstanbul,Zeytinburnu,"İstanbul Kız Anadolu İmam Hatip Lisesi (Fen Ve Sosyal Bilimler Programı, 4 yıl)",imamHatip,355.8309,20.69,19.21
İstanbul,Fatih,"İstanbul Recep Tayyip Erdoğan Anadolu İmam Hatip Lisesi (Fen Ve Sosyal Bilimler Programı, Arapça)",imamHatip,440.6538,6.45,4.12
İstanbul,Fatih,"İstanbul Recep Tayyip Erdoğan Anadolu İmam Hatip Lisesi (Fen Ve Sosyal Bilimler Programı, İngilizce)",imamHatip,452.2122,4.46,2.84
İstanbul,Fatih,İstanbul Recep Tayyip Erdoğan Anadolu İmam Hatip Lisesi (Hafızlık Projesi (Fen Ve Sosyal Bilimler Programı)),imamHatip,403.9509,12.71,9.4
İstanbul,Beşiktaş,İstanbul Teknik Üniversitesi Mesleki Ve Teknik Anadolu Lisesi (YAPAY ZEKÂ),mesleki,423.2061,,6.39
İstanbul,Beşiktaş,İstanbul Teknik Üniversitesi Mesleki Ve Teknik Anadolu Lisesi (Elektrik-Elektronik Teknolojisi Alanı),mesleki,424.7815,6.56,6.25
İstanbul,Beşiktaş,İstanbul Teknik Üniversitesi Mesleki Ve Teknik Anadolu Lisesi (Bilişim Teknolojileri Alanı),mesleki,432.2178,5.16,5.16
İstanbul,Beşiktaş,İstanbul Teknik Üniversitesi Mesleki Ve Teknik Anadolu Lisesi (Denizcilik Alanı),mesleki,420.7557,6.56,6.79
İstanbul,Zeytinburnu,İstanbul Tekstil Mesleki ve Teknik Anadolu Lisesi (MODA TASARIM TEKNOLOJİLERİ (SINAVLI)),mesleki,176.1748,,97.33
İstanbul,Zeytinburnu,İstanbul Tekstil Mesleki ve Teknik Anadolu Lisesi (MODA TASARIM TEKNOLOJİLERİ),mesleki,220.1405,,72.84
İstanbul,Zeytinburnu,İstanbul Tekstil Mesleki ve Teknik Anadolu Lisesi (TEKSTİL TEKNOLOJİSİ ALANI),mesleki,186.1825,,94.11
İstanbul,Beylikdüzü,İstanbul Ticaret Odası Beylikdüzü Osb Mesleki Ve Teknik Anadolu Lisesi (Makine Ve Tasarım Teknolojisi Alanı),mesleki,240.794,55.38,60
İstanbul,Beylikdüzü,İstanbul Ticaret Odası Beylikdüzü Osb Mesleki Ve Teknik Anadolu Lisesi (Elektrik-Elektronik Teknolojisi Alanı),mesleki,261.4116,49.93,50.44
İstanbul,Üsküdar,"İstanbul Ticaret Odası Marmara Anadolu İmam Hatip Lisesi (Fen Ve Sosyal Bilimler Programı, Arapça)",imamHatip,444.2246,3.95,3.71
İstanbul,Üsküdar,"İstanbul Ticaret Odası Marmara Anadolu İmam Hatip Lisesi (Fen Ve Sosyal Bilimler Programı, Korece)",imamHatip,436.6496,5.07,4.6
İstanbul,Üsküdar,"İstanbul Ticaret Odası Marmara Anadolu İmam Hatip Lisesi (Fen Ve Sosyal Bilimler Programı, Japonca)",imamHatip,443.9324,3.73,3.74
İstanbul,Üsküdar,"İstanbul Ticaret Odası Marmara Anadolu İmam Hatip Lisesi (Fen Ve Sosyal Bilimler Programı, İngilizce)",imamHatip,462.0182,1.94,1.92
İstanbul,Bayrampaşa,İstanbul Ticaret Odası Mesleki Ve Teknik Anadolu Lisesi (Elektrik-Elektronik Teknolojisi Alanı),mesleki,343.4859,19.71,22.33
İstanbul,Bayrampaşa,İstanbul Ticaret Odası Mesleki Ve Teknik Anadolu Lisesi (Radyo-Televizyon Alanı),mesleki,258.886,50.7,51
İstanbul,Bayrampaşa,İstanbul Ticaret Odası Mesleki Ve Teknik Anadolu Lisesi (Bilişim Teknolojileri Alanı),mesleki,361.593,16.23,17.85
İstanbul,Beyoğlu,İstanbul Ticaret Odası Mesleki Ve Teknik Anadolu Lisesi,mesleki,174.1162,92.89,97.76
İstanbul,Zeytinburnu,İstanbul Ticaret Odası Mesleki Ve Teknik Anadolu Lisesi (Grafik Ve Fotoğraf Alanı),mesleki,210.5114,81.42,79.61
İstanbul,Zeytinburnu,İstanbul Ticaret Odası Mesleki Ve Teknik Anadolu Lisesi (Matbaa Teknolojisi Alanı),mesleki,162.0953,90.83,99.64
İstanbul,Üsküdar,İstanbul Üsküdar Lisesi,anadolu,433.4559,5.72,5
İstanbul,Kağıthane,İstanbul Vali Hayri Kozakçıoğlu Ticaret Mesleki Ve Teknik Anadolu Lisesi,mesleki,250.164,58.05,55.11
İstanbul,Arnavutköy,İto İbrahim Çağlar Anadolu İmam Hatip Lisesi,imamHatip,350.1821,18.95,20.6
İstanbul,Tuzla,İtosb Mesleki Ve Teknik Anadolu Lisesi,mesleki,242.5056,65.84,59.06
İstanbul,Güngören,İzzet Ünver Anadolu İmam Hatip Lisesi,imamHatip,187.1572,87.53,93.95
İstanbul,Beşiktaş,Kabataş Erkek Lisesi (İngilizce),anadolu,497.7581,0.01,0.05
İstanbul,Beşiktaş,Kabataş Erkek Lisesi (Almanca),anadolu,500,0.01,0.01
İstanbul,Beyoğlu,Kabataş Ticaret Mesleki Ve Teknik Anadolu Lisesi,mesleki,171.5628,88.76,98.26
İstanbul,Maltepe,Kadir Has Anadolu Lisesi,anadolu,444.0982,4.7,3.72
İstanbul,Kadıköy,"Kadıköy Anadolu İmam Hatip Lisesi (FEN VE SOSYAL BİLİMLER PROGRAMI, İspanyolca)",imamHatip,450.4088,3.49,3.02
İstanbul,Kadıköy,"Kadıköy Anadolu İmam Hatip Lisesi (FEN VE SOSYAL BİLİMLER PROGRAMI, İspanyolca) (2)",imamHatip,458.1026,2.4,2.26
İstanbul,Kadıköy,"Kadıköy Anadolu İmam Hatip Lisesi (FEN VE SOSYAL BİLİMLER PROGRAMI, İngilizce)",imamHatip,469.2533,1.3,1.34
İstanbul,Kadıköy,"Kadıköy Anadolu İmam Hatip Lisesi (FEN VE SOSYAL BİLİMLER PROGRAMI, İngilizce) (2)",imamHatip,456.3939,2.71,2.42
İstanbul,Kadıköy,Kadıköy Anadolu İmam Hatip Lisesi (FEN VE TEKNOLOJİ PROGRAMI),imamHatip,472.3946,,1.11
İstanbul,Kadıköy,"Kadıköy Anadolu İmam Hatip Lisesi (FEN VE SOSYAL BİLİMLER PROGRAMI, Arapça)",imamHatip,442.5773,4.67,3.89
İstanbul,Kadıköy,Kadıköy Anadolu İmam Hatip Lisesi (FEN VE TEKNOLOJİ PROGRAMI) (2),imamHatip,464.023,2.22,1.74
İstanbul,Kadıköy,Kadıköy Anadolu Lisesi,anadolu,483.8668,0.54,0.45
İstanbul,Kadıköy,Kadıköy Çok Programlı Anadolu Lisesi,anadolu,177.4526,84.11,97
İstanbul,Kadıköy,Kadıköy Göztepe Ticaret Mesleki Ve Teknik Anadolu Lisesi,mesleki,166.3392,87.1,99.03
İstanbul,Fatih,Kadırga Mesleki Ve Teknik Anadolu Lisesi (Kimya Teknolojisi Alanı),mesleki,166.5568,88.33,99
İstanbul,Fatih,Kadırga Mesleki Ve Teknik Anadolu Lisesi (MAKİNE VE TASARIM TEKNOLOJİSİ ALANI),mesleki,157.5821,,100
İstanbul,Gaziosmanpaşa,Kadri Yörükoğlu Kız Anadolu İmam Hatip Lisesi,imamHatip,180.7036,,95.25
İstanbul,Kağıthane,Kağıthane Anadolu Lisesi (İngilizce),anadolu,417.6883,8.17,7.19
İstanbul,Kağıthane,Kağıthane Anadolu Lisesi (Almanca),anadolu,425.1519,6.93,6.1
İstanbul,Kağıthane,Kağıthane İto Ticaret Mesleki Ve Teknik Anadolu Lisesi,mesleki,212.9772,69.47,77.86
İstanbul,Kağıthane,Kağıthane Kız Anadolu İmam Hatip Lisesi (Fen Ve Teknoloji Programı),imamHatip,287.0965,43.93,39.69
İstanbul,Kağıthane,Kağıthane Kız Anadolu İmam Hatip Lisesi (Fen Ve Sosyal Bilimler Programı),imamHatip,296.5265,43.02,36.4
İstanbul,Üsküdar,Kandilli Kız Lisesi,anadolu,389.2193,13.5,12.04
İstanbul,Gaziosmanpaşa,Kardelen Mesleki Ve Teknik Anadolu Lisesi,mesleki,211.0208,86.15,79.25
İstanbul,Kartal,Kartal Anadolu İmam Hatip Lisesi,imamHatip,483.436,0.69,0.47
İstanbul,Kartal,Kartal Anadolu Lisesi (İngilizce),anadolu,462.3083,2.59,1.89
İstanbul,Kartal,Kartal Anadolu Lisesi (Almanca),anadolu,468.4873,1.93,1.39
İstanbul,Kartal,Kartal Mehmet Akif Ersoy Anadolu İmam Hatip Lisesi,imamHatip,352.3093,19.07,20.07
İstanbul,Kartal,Kartal Sabiha Gökçen Kız Mesleki Ve Teknik Anadolu Lisesi,mesleki,160.9187,56.31,99.81
İstanbul,Kartal,Kartal Şehit Burak Cantürk Mesleki Ve Teknik Anadolu Lisesi (BÜRO YÖNETİMİ VE YÖNETİCİ ASİSTANLIĞI ALANI (SINAVLI)),mesleki,180.8567,,95.25
İstanbul,Kartal,Kartal Şehit Burak Cantürk Mesleki Ve Teknik Anadolu Lisesi (MUHASEBE VE FİNANSMAN ALANI (SINAVLI)),mesleki,192.0259,,91.35
İstanbul,Kartal,Kartal Şehit Burak Cantürk Mesleki Ve Teknik Anadolu Lisesi (PAZARLAMA VE PERAKENDE ALANI (SINAVLI)),mesleki,185.5652,,94.37
İstanbul,Kartal,Kartal Şehit Burak Cantürk Mesleki Ve Teknik Anadolu Lisesi (Pazarlama Ve Perakende Alanı),mesleki,216.5815,81.12,75.32
İstanbul,Kartal,Kartal Şehit Salih Alışkan Mesleki Ve Teknik Anadolu Lisesi,mesleki,290.5321,27.86,39.09
İstanbul,Gaziosmanpaşa,Kazım Karabekir Anadolu İmam Hatip Lisesi,imamHatip,269.1756,48.42,46.58
İstanbul,Eyüpsultan,Kemerburgaz Halis Kutmangil Mesleki Ve Teknik Anadolu Lisesi,mesleki,179.1961,90.31,95.25
İstanbul,Esenyurt,Kıraç Borsa İstanbul Mesleki Ve Teknik Anadolu Lisesi (Tesisat Teknolojisi Ve İklimlendirme Alanı),mesleki,189.4773,87.79,92.63
İstanbul,Esenyurt,Kıraç Borsa İstanbul Mesleki Ve Teknik Anadolu Lisesi (Bilişim Teknolojileri Alanı),mesleki,205.1409,91.55,83.3
İstanbul,Esenyurt,Kıraç Borsa İstanbul Mesleki Ve Teknik Anadolu Lisesi (Elektrik-Elektronik Teknolojisi Alanı),mesleki,204.5519,91.55,83.7
İstanbul,Esenyurt,Kıraç Borsa İstanbul Mesleki Ve Teknik Anadolu Lisesi (İnşaat Teknolojisi Alanı),mesleki,175.9937,89.85,97.37
İstanbul,Esenyurt,Kıraç Borsa İstanbul Mesleki Ve Teknik Anadolu Lisesi (Bilişim Teknolojileri Alanı) (2),mesleki,240.2418,91.55,60.3
İstanbul,Esenyurt,Kıraç Borsa İstanbul Mesleki Ve Teknik Anadolu Lisesi (Elektrik-Elektronik Teknolojisi Alanı) (2),mesleki,214.8534,91.55,75.53
İstanbul,Pendik,Kırımlı Fazilet Olcay Anadolu Lisesi,anadolu,424.401,7.14,6.25
İstanbul,Bahçelievler,Kocasinan Şehit Samet Kırbaş Mesleki Ve Teknik Anadolu Lisesi,mesleki,180.2379,89.54,95.25
İstanbul,Kartal,Köy Hizmetleri Anadolu Lisesi,anadolu,450.527,3.45,3.01
İstanbul,Küçükçekmece,Küçükçekmece Kuyumculuk Teknolojisi Mesleki Ve Teknik Anadolu Lisesi,mesleki,231.6383,60.94,65.34
İstanbul,Küçükçekmece,Küçükçekmece Tasev Ayakkabı Ve Saraciye Teknolojisi Mesleki Ve Teknik Anadolu Lisesi,mesleki,173.0133,87.49,97.98
İstanbul,Beşiktaş,M. Ali Büyükhanlı Ticaret Mesleki Ve Teknik Anadolu Lisesi,mesleki,192.4302,78.17,91.14
İstanbul,Maltepe,Maltepe Fen Lisesi,fen,450.8794,3.62,2.97
İstanbul,Maltepe,"Maltepe Kız Anadolu İmam Hatip Lisesi (Fen Ve Sosyal Bilimler Programı, 5 yıl)",imamHatip,351.3529,20.19,20.3
İstanbul,Maltepe,"Maltepe Kız Anadolu İmam Hatip Lisesi (Fen Ve Sosyal Bilimler Programı, 4 yıl)",imamHatip,334.6657,26.68,24.69
İstanbul,Maltepe,Maltepe Kız Mesleki Ve Teknik Anadolu Lisesi,mesleki,193.1867,88.98,90.74
İstanbul,Maltepe,"Maltepe Orhangazi Anadolu İmam Hatip Lisesi (Fen Ve Sosyal Bilimler Programı, 4 yıl)",imamHatip,295.2625,34.6,36.83
İstanbul,Maltepe,"Maltepe Orhangazi Anadolu İmam Hatip Lisesi (Fen Ve Sosyal Bilimler Programı, 5 yıl)",imamHatip,331.7894,24.52,25.49
İstanbul,Maltepe,Mediha Engizer Meslekî Ve Teknik Anadolu Lisesi,anadolu,211.7997,91.76,78.69
İstanbul,Avcılar,Mehmet Emin Horoz Mesleki Ve Teknik Anadolu Lisesi,mesleki,266.2001,48.45,47.81
İstanbul,Bağcılar,Mehmet Niyazi Altuğ Anadolu Lisesi,anadolu,397.175,11.5,10.58
İstanbul,Sarıyer,Mehmet Rıfat Evyap Mesleki Ve Teknik Anadolu Lisesi (Kimya Teknolojisi Alanı),mesleki,151.4145,89.7,100
İstanbul,Sarıyer,Mehmet Rıfat Evyap Mesleki Ve Teknik Anadolu Lisesi (Bilişim Teknolojileri Alanı),mesleki,353.03,17.87,19.9
İstanbul,Tuzla,Mehmet Tekinalp Anadolu Lisesi,anadolu,431.8754,5.96,5.32
İstanbul,Sultangazi,Mehmet Yaşar Kandemir Anadolu İmam Hatip Lisesi,imamHatip,200.7451,87.29,86.23
İstanbul,Başakşehir,"M.Emin Saraç Anadolu İmam Hatip Lisesi (Fen Ve Sosyal Bilimler Programı, İngilizce)",imamHatip,468.9232,1.63,1.36
İstanbul,Başakşehir,"M.Emin Saraç Anadolu İmam Hatip Lisesi (Fen Ve Sosyal Bilimler Programı, Arapça)",imamHatip,457.632,2.32,2.3
İstanbul,Başakşehir,"M.Emin Saraç Anadolu İmam Hatip Lisesi (Fen Ve Sosyal Bilimler Programı, Rusça)",imamHatip,454.9918,2.53,2.56
İstanbul,Gaziosmanpaşa,Mevlana Anadolu Lisesi,anadolu,407.6073,10.12,8.8
İstanbul,Pendik,Millî Savunma Bakanlığı Çaka Bey Mesleki ve Teknik Anadolu Lisesi (MAKİNE TEKNOLOJİSİ ALANI (SINAVLI)),mesleki,305.3908,,33.46
İstanbul,Pendik,Millî Savunma Bakanlığı Çaka Bey Mesleki ve Teknik Anadolu Lisesi (GEMİ YAPIMI ALANI (SINAVLI)),mesleki,292.5248,,37.78
İstanbul,Pendik,Millî Savunma Bakanlığı Çaka Bey Mesleki ve Teknik Anadolu Lisesi (ELEKTRİK-ELEKTRONİK TEKNOLOJİSİ ALANI (SINAVLI)),mesleki,319.0295,,29.2
İstanbul,Üsküdar,Mithatpaşa Kız Mesleki Ve Teknik Anadolu Lisesi (Yiyecek İçecek Hizmetleri Alanı),mesleki,167.4788,90.62,98.86
İstanbul,Üsküdar,Mithatpaşa Kız Mesleki Ve Teknik Anadolu Lisesi (Grafik Ve Fotoğraf Alanı),mesleki,164.9899,86.93,99.22
İstanbul,Beylikdüzü,"Musa Efendi Kız Anadolu İmam Hatip Lisesi (Fen Ve Sosyal Bilimler Programı, 5 yıl)",imamHatip,324.0375,26.25,27.71
İstanbul,Beylikdüzü,"Musa Efendi Kız Anadolu İmam Hatip Lisesi (Fen Ve Sosyal Bilimler Programı, 4 yıl)",imamHatip,333.6321,24.95,24.97
İstanbul,Küçükçekmece,Nahit Menteşe Mesleki Ve Teknik Anadolu Lisesi,mesleki,193.5747,90.6,90.53
İstanbul,Büyükçekmece,Nedim Erkan Anadolu İmam Hatip Lisesi,imamHatip,175.6567,90.74,97.44
İstanbul,Ümraniye,Nevzat Ayaz Anadolu Lisesi,anadolu,423.6479,7.34,6.32
İstanbul,Sultanbeyli,Nilüfer Hatun Kız Anadolu İmam Hatip Lisesi,imamHatip,358.7501,18.51,18.48
İstanbul,Şişli,Nişantaşı Anadolu Lisesi,anadolu,455.8397,2.93,2.48
İstanbul,Şişli,Nişantaşı Nuri Akın Anadolu Lisesi (İngilizce),anadolu,448.9738,4.06,3.18
İstanbul,Şişli,Nişantaşı Nuri Akın Anadolu Lisesi (Almanca),anadolu,454.1512,3.42,2.65
İstanbul,Şişli,Nişantaşı Rüştü Uzel Kız Mesleki Ve Teknik Anadolu Lisesi (Moda Tasarım Teknolojileri),mesleki,227.2637,81.82,68.09
İstanbul,Şişli,Nişantaşı Rüştü Uzel Kız Mesleki Ve Teknik Anadolu Lisesi (Çocuk Gelişimi Ve Eğitimi Alanı),mesleki,216.9742,82.27,75.04
İstanbul,Şişli,Nişantaşı Rüştü Uzel Kız Mesleki Ve Teknik Anadolu Lisesi (Yiyecek İçecek Hizmetleri Alanı),mesleki,215.7287,87.71,75.53
İstanbul,Şişli,Nişantaşı Rüştü Uzel Kız Mesleki Ve Teknik Anadolu Lisesi (Tekstil Teknolojisi Alanı),mesleki,175.9337,87.94,97.38
İstanbul,Pendik,Nuri Demirağ Mesleki Ve Teknik Anadolu Lisesi (UÇAK BAKIM ALANI),mesleki,385.1229,14.69,12.83
İstanbul,Pendik,Nuri Demirağ Mesleki Ve Teknik Anadolu Lisesi (Bilişim Teknolojileri Alanı),mesleki,356.3072,19.85,19.1
İstanbul,Pendik,Nuri Demirağ Mesleki Ve Teknik Anadolu Lisesi (Elektrik-Elektronik Teknolojisi Alanı),mesleki,341.3285,22.43,22.89
İstanbul,Başakşehir,Öğrenciden Armağan Anadolu Lisesi,anadolu,410.3001,10.49,8.36
İstanbul,Pendik,"Ömer Çam Anadolu İmam Hatip Lisesi (Fen Ve Sosyal Bilimler Programı, Arapça)",imamHatip,396.1906,12.36,10.75
İstanbul,Pendik,"Ömer Çam Anadolu İmam Hatip Lisesi (Fen Ve Sosyal Bilimler Programı, İngilizce)",imamHatip,412.4217,9.28,8.02
İstanbul,Bağcılar,Orhangazi Anadolu İmam Hatip Lisesi,imamHatip,276.9461,52.66,43.47
İstanbul,Beşiktaş,Ortaköy Zübeyde Hanım Kız Mesleki Ve Teknik Anadolu Lisesi (Radyo-Televizyon Alanı),mesleki,197.6235,89.36,88.21
İstanbul,Beşiktaş,Ortaköy Zübeyde Hanım Kız Mesleki Ve Teknik Anadolu Lisesi (Yiyecek İçecek Hizmetleri Alanı),mesleki,130.7144,92.16,100
İstanbul,Beşiktaş,Ortaköy Zübeyde Hanım Kız Mesleki Ve Teknik Anadolu Lisesi (Moda Tasarım Teknolojileri),mesleki,201.5065,89.1,85.72
İstanbul,Beşiktaş,Ortaköy Zübeyde Hanım Kız Mesleki Ve Teknik Anadolu Lisesi (Çocuk Gelişimi Ve Eğitimi Alanı),mesleki,154.2193,91.01,100
İstanbul,Beşiktaş,Ortaköy Zübeyde Hanım Kız Mesleki Ve Teknik Anadolu Lisesi (Grafik Ve Fotoğraf Alanı),mesleki,181.231,84.28,95.25
İstanbul,Gaziosmanpaşa,Osmangazi Kız Anadolu İmam Hatip Lisesi,imamHatip,302.5507,48.42,34.4
İstanbul,Sarıyer,Özdemir Sabancı Emirgan Anadolu Lisesi,anadolu,402.7547,10.21,9.62
İstanbul,Çekmeköy,Özden Cengiz Anadolu Lisesi,anadolu,418.2289,7.84,7.11
İstanbul,Küçükçekmece,Pagev Plastik Teknolojisi Mesleki Ve Teknik Anadolu Lisesi (Kimya Teknolojisi Alanı),mesleki,173.9887,84.62,97.78
İstanbul,Küçükçekmece,Pagev Plastik Teknolojisi Mesleki Ve Teknik Anadolu Lisesi (Makine Ve Tasarım Teknolojisi Alanı),mesleki,158.5862,87.92,100
İstanbul,Küçükçekmece,Pagev Plastik Teknolojisi Mesleki Ve Teknik Anadolu Lisesi (Plastik Teknolojisi Alanı),mesleki,165.9288,86.38,99.09
İstanbul,Beykoz,Paşabahçe Ahmet Ferit İnal Anadolu Lisesi (İngilizce),anadolu,413.9459,9.03,7.8
İstanbul,Beykoz,Paşabahçe Ahmet Ferit İnal Anadolu Lisesi (Almanca),anadolu,416.909,8.03,7.32
İstanbul,Pendik,Pendik Barbaros Hayrettin Paşa Denizcilik Mesleki Ve Teknik Anadolu Lisesi (Gemi Yapımı Alanı),mesleki,261.5595,51,50.35
İstanbul,Pendik,Pendik Barbaros Hayrettin Paşa Denizcilik Mesleki Ve Teknik Anadolu Lisesi (GEMİ YAPIMI ALANI),mesleki,260.4623,33.96,50.44
İstanbul,Pendik,Pendik Borsa İstanbul Mesleki Ve Teknik Anadolu Lisesi,mesleki,254.1017,48.73,53.2
İstanbul,Pendik,Pendik Fatih Anadolu Lisesi,anadolu,431.9588,6.05,5.32
İstanbul,Pendik,Pendik Halil Kaya Gedik Metal Teknolojisi Mesleki Ve Teknik Anadolu Lisesi,mesleki,180.9557,88.68,95.25
İstanbul,Pendik,"Pendik İto Şehit Ahmet Aslanhan Anadolu İmam Hatip Lisesi (Fen Ve Sosyal Bilimler Programı, 4 yıl)",imamHatip,405.7153,10.72,9.11
İstanbul,Pendik,"Pendik İto Şehit Ahmet Aslanhan Anadolu İmam Hatip Lisesi (Fen Ve Sosyal Bilimler Programı, 5 yıl)",imamHatip,410.8221,9.61,8.27
İstanbul,Pendik,Pendik İto Ticaret Mesleki Ve Teknik Anadolu Lisesi,mesleki,194.0592,86.01,90.27
İstanbul,Pendik,Pendik Mesleki Ve Teknik Anadolu Lisesi (Endüstriyel Otomasyon Teknolojileri Alanı),mesleki,262.122,46.42,49.57
İstanbul,Pendik,Pendik Mesleki Ve Teknik Anadolu Lisesi (Elektrik-Elektronik Teknolojisi Alanı),mesleki,256.1805,49.81,52.23
İstanbul,Pendik,Pendik Nuh Kuşçulu Seramik Ve Cam Teknolojisi Mesleki Ve Teknik Anadolu Lisesi,mesleki,164.7663,86.17,99.25
İstanbul,Pendik,Pendik Türk Telekom Şehit Murat Mertel Mesleki Ve Teknik Anadolu Lisesi,mesleki,327.8754,20.93,26.6
İstanbul,Fatih,Pertevniyal Lisesi,anadolu,474.4994,1.21,0.98
İstanbul,Tuzla,Piri Reis Denizcilik Mesleki Ve Teknik Anadolu Lisesi,mesleki,296.3517,25.23,36.46
İstanbul,Silivri,Prof Dr. Fuat Sezgin Fen Lisesi,fen,448.928,4.04,3.18
İstanbul,Bahçelievler,Prof. Dr. Mümtaz Turhan Sosyal Bilimler Lisesi,sosyal,405.3641,9.62,9.17
İstanbul,Ümraniye,"Prof. Dr. Nabi Avcı Fen Lisesi (Fen Bilimleri Alanı (Fen Lis.), İngilizce)",fen,458.7064,2.66,2.21
İstanbul,Ümraniye,"Prof. Dr. Nabi Avcı Fen Lisesi (Fen Bilimleri Alanı (Fen Lis.), Almanca)",fen,462.9774,2.46,1.83
İstanbul,Bağcılar,Prof. Dr. Necmettin Erbakan Fen Lisesi,fen,450.2772,3.44,3.03
İstanbul,Küçükçekmece,Prof. Dr. Sabahattin Zaim Anadolu Lisesi,anadolu,404.2226,10.69,9.35
İstanbul,Kağıthane,Profilo Mesleki Ve Teknik Anadolu Lisesi (Bilişim Teknolojileri Alanı),mesleki,263.6701,38.92,48.89
İstanbul,Kağıthane,Profilo Mesleki Ve Teknik Anadolu Lisesi (Elektrik-Elektronik Teknolojisi Alanı),mesleki,248.5554,56.19,55.9
İstanbul,Sancaktepe,"Rabia Kız Anadolu İmam Hatip Lisesi (Fen Ve Sosyal Bilimler Programı, 5 yıl)",imamHatip,393.5056,12.44,11.26
İstanbul,Sancaktepe,"Rabia Kız Anadolu İmam Hatip Lisesi (Fen Ve Sosyal Bilimler Programı, 4 yıl)",imamHatip,376.462,14.47,14.59
İstanbul,Pendik,Rauf Denktaş Mesleki Ve Teknik Anadolu Lisesi,mesleki,247.4883,59.52,56.44
İstanbul,Sultangazi,Recep Tayyip Erdoğan Kız Anadolu İmam Hatip Lisesi,imamHatip,316.9648,36.15,29.81
İstanbul,Esenyurt,Recep Tayyip Erdoğan Kız Anadolu İmam Hatip Lisesi,imamHatip,262.1139,54.6,49.57
İstanbul,Büyükçekmece,Rosvita-Timur İmrağ Mesleki Ve Teknik Anadolu Lisesi (Endüstriyel Otomasyon Teknolojileri Alanı),mesleki,212.9928,76.68,77.85
İstanbul,Büyükçekmece,Rosvita-Timur İmrağ Mesleki Ve Teknik Anadolu Lisesi (Makine Ve Tasarım Teknolojisi Alanı),mesleki,207.6043,81.48,81.63
İstanbul,Büyükçekmece,Rosvita-Timur İmrağ Mesleki Ve Teknik Anadolu Lisesi (Elektrik-Elektronik Teknolojisi Alanı),mesleki,229.5581,67.25,66.64
İstanbul,Beşiktaş,Rüştü Akın Mesleki Ve Teknik Anadolu Lisesi,mesleki,210.4064,80.27,79.68
İstanbul,Sultangazi,Sabri Ülker Anadolu İmam Hatip Lisesi,imamHatip,271.0143,87.34,45.83
İstanbul,Sancaktepe,Samandıra Mesleki Ve Teknik Anadolu Lisesi (Elektrik-Elektronik Teknolojisi Alanı),mesleki,289.3453,45,39.09
İstanbul,Sancaktepe,Samandıra Mesleki Ve Teknik Anadolu Lisesi (Motorlu Araçlar Teknolojisi Alanı),mesleki,278.3503,48.68,42.93
İstanbul,Zeytinburnu,Samiha Ayverdi Anadolu Lisesi (Almanca),anadolu,448.909,3.72,3.19
İstanbul,Zeytinburnu,Samiha Ayverdi Anadolu Lisesi (İngilizce),anadolu,449.972,3.68,3.07
İstanbul,Sancaktepe,Sancaktepe Arif Nihat Asya Anadolu Lisesi,anadolu,409.892,9.33,8.42
İstanbul,Sancaktepe,Sancaktepe Aziz Bayraktar Anadolu İmam Hatip Lisesi,imamHatip,355.4914,20.56,19.3
İstanbul,Sancaktepe,Sancaktepe Teknoloji Anadolu İmam Hatip Lisesi,imamHatip,439.4766,4.73,4.26
İstanbul,Sancaktepe,Sancaktepe Teknoloji Kız Anadolu İmam Hatip Lisesi,imamHatip,429.4481,,5.52
İstanbul,Ümraniye,Saray Anadolu İmam Hatip Lisesi,imamHatip,301.3009,35.64,34.81
İstanbul,Sarıyer,"Sarıyer Kız Anadolu İmam Hatip Lisesi (Fen Ve Sosyal Bilimler Programı, 4 yıl)",imamHatip,221.2134,87.22,72.11
İstanbul,Sarıyer,"Sarıyer Kız Anadolu İmam Hatip Lisesi (Fen Ve Sosyal Bilimler Programı, 5 yıl)",imamHatip,235.5069,70.89,63
İstanbul,Pendik,Şehit Adil Büyükcengiz Anadolu İmam Hatip Lisesi,imamHatip,414.8657,8.23,7.63
İstanbul,Ataşehir,"Şehit Akın Sertçelik Anadolu İmam Hatip Lisesi (Fen Ve Sosyal Bilimler Programı, 5 yıl)",imamHatip,394.451,11.37,11.05
İstanbul,Ataşehir,"Şehit Akın Sertçelik Anadolu İmam Hatip Lisesi (Fen Ve Sosyal Bilimler Programı, 4 yıl)",imamHatip,373.1451,15.35,15.29
İstanbul,Küçükçekmece,Şehit Binbaşı Bedir Karabıyık Mesleki Ve Teknik Anadolu Lisesi (Bilişim Teknolojileri Alanı),mesleki,269.8025,51.89,46.33
İstanbul,Küçükçekmece,Şehit Binbaşı Bedir Karabıyık Mesleki Ve Teknik Anadolu Lisesi (Kimya Teknolojisi Alanı),mesleki,217.0259,84.79,75.01
İstanbul,Bayrampaşa,Şehit Büyükelçi İsmail Erez Mesleki Ve Teknik Anadolu Lisesi,mesleki,269.0264,51.5,46.64
İstanbul,Ümraniye,Şehit Erol İnce Kız Anadolu İmam Hatip Lisesi,imamHatip,356.7286,20.48,19
İstanbul,Bahçelievler,Şehit Erol Olçok Mesleki Ve Teknik Anadolu Lisesi (Raylı Sistemler Teknolojisi Alanı),mesleki,217.6761,67.66,74.55
İstanbul,Bahçelievler,Şehit Erol Olçok Mesleki Ve Teknik Anadolu Lisesi (Yenilenebilir Enerji Teknolojileri Alanı),mesleki,187.937,89.07,93.95
İstanbul,Bahçelievler,Şehit Erol Olçok Mesleki Ve Teknik Anadolu Lisesi (ENDÜSTRİYEL OTOMASYON TEKNOLOJİLERİ ALANI),mesleki,216.3819,,75.46
İstanbul,Bahçelievler,Şehit Erol Olçok Mesleki Ve Teknik Anadolu Lisesi (ELEKTRİK-ELEKTRONİK TEKNOLOJİSİ ALANI (SINAVLI)),mesleki,238.6456,,61.2
İstanbul,Sarıyer,"Şehit Fatih Satır Anadolu İmam Hatip Lisesi (Fen Ve Sosyal Bilimler Programı, 5 yıl)",imamHatip,357.0762,19.31,18.91
İstanbul,Sarıyer,"Şehit Fatih Satır Anadolu İmam Hatip Lisesi (Fen Ve Sosyal Bilimler Programı, 4 yıl)",imamHatip,326.083,25.72,27.12
İstanbul,Başakşehir,"Şehit Haki Aras Kız Anadolu İmam Hatip Lisesi (Fen Ve Sosyal Bilimler Programı, 5 yıl)",imamHatip,437.4365,5.17,4.5
İstanbul,Başakşehir,"Şehit Haki Aras Kız Anadolu İmam Hatip Lisesi (Fen Ve Sosyal Bilimler Programı, 4 yıl)",imamHatip,419.103,8.02,6.98
İstanbul,Bayrampaşa,Şehit Halil İbrahim Yıldırım Anadolu İmam Hatip Lisesi,imamHatip,351.7908,21.43,20.19
İstanbul,Maltepe,"Şehit İlhan Varank Fen Lisesi (Fen Bilimleri Alanı (Fen Lis.), İngilizce)",fen,464.0439,2.45,1.74
İstanbul,Maltepe,"Şehit İlhan Varank Fen Lisesi (Fen Bilimleri Alanı (Fen Lis.), Almanca)",fen,469.9889,1.75,1.28
İstanbul,Büyükçekmece,Şehit Kemal Ekşi Anadolu İmam Hatip Lisesi,imamHatip,296.9187,45.27,36.27
İstanbul,Kartal,Şehit Koray Karaca Anadolu İmam Hatip Lisesi,imamHatip,291.1684,32.71,38.25
İstanbul,Küçükçekmece,"Şehit Mehmet Güder Anadolu İmam Hatip Lisesi (Fen Ve Sosyal Bilimler Programı, İngilizce)",imamHatip,388.1777,13.57,12.23
İstanbul,Küçükçekmece,"Şehit Mehmet Güder Anadolu İmam Hatip Lisesi (Fen Ve Sosyal Bilimler Programı, Çince)",imamHatip,380.2085,16.06,13.74
İstanbul,Sultanbeyli,Şehit Muhammed Fazlı Demir Anadolu İmam Hatip Lisesi,imamHatip,401.0854,9.74,9.89
İstanbul,Büyükçekmece,Şehit Münir Alkan Fen Lisesi,fen,466.8678,1.74,1.51
İstanbul,Avcılar,Şehit Murat Kocatürk Anadolu İmam Hatip Lisesi,imamHatip,328.5248,26.14,26.41
İstanbul,Maltepe,"Şehit Mustafa Kaymakçı Anadolu İmam Hatip Lisesi (Fen Ve Sosyal Bilimler Programı, 4 yıl)",imamHatip,351.4992,18.32,20.27
İstanbul,Maltepe,"Şehit Mustafa Kaymakçı Anadolu İmam Hatip Lisesi (Fen Ve Sosyal Bilimler Programı, 5 yıl)",imamHatip,382.2562,13.09,13.39
İstanbul,Çekmeköy,Şehit Öğretmen Fatma Nur Çelik Mesleki ve Teknik Anadolu Lisesi (ELEKTRİK-ELEKTRONİK TEKNOLOJİSİ ALANI (SINAVLI)),mesleki,232.8494,,64.6
İstanbul,Çekmeköy,Şehit Öğretmen Fatma Nur Çelik Mesleki ve Teknik Anadolu Lisesi (BİLİŞİM TEKNOLOJİLERİ ALANI),mesleki,251.3497,,54.52
İstanbul,Kartal,Şehit Öğretmen Hüseyin Ağırman Mesleki Ve Teknik Anadolu Lisesi (Makine Ve Tasarım Teknolojisi Alanı),mesleki,193.4281,84.73,90.61
İstanbul,Kartal,Şehit Öğretmen Hüseyin Ağırman Mesleki Ve Teknik Anadolu Lisesi (Elektrik-Elektronik Teknolojisi Alanı),mesleki,220.7872,79.36,72.39
İstanbul,Kartal,Şehit Öğretmen Hüseyin Ağırman Mesleki Ve Teknik Anadolu Lisesi (Metal Teknolojisi Alanı),mesleki,170.4089,86.26,98.44
İstanbul,Çekmeköy,Şehit Ömer Halisdemir Kız Anadolu İmam Hatip Lisesi,imamHatip,356.8345,20.8,18.97
İstanbul,Beykoz,Şehit Ömer Halisdemir Mesleki Ve Teknik Anadolu Lisesi,mesleki,201.3848,75.52,85.8
İstanbul,Arnavutköy,"Şehit Onbaşı Murat Şengöz Anadolu İmam Hatip Lisesi (Fen Ve Sosyal Bilimler Programı, 4 yıl)",imamHatip,352.0081,18.94,20.14
İstanbul,Arnavutköy,"Şehit Onbaşı Murat Şengöz Anadolu İmam Hatip Lisesi (Fen Ve Sosyal Bilimler Programı, 5 yıl)",imamHatip,370.7133,14.87,15.8
İstanbul,Maltepe,Şehit Osman Yılmaz Kız Anadolu İmam Hatip Lisesi,imamHatip,331.1465,29.04,25.65
İstanbul,Arnavutköy,Şehit Selçuk Gürdal Anadolu Lisesi,anadolu,391.1046,12.79,11.67
İstanbul,Gaziosmanpaşa,"Şehit Servet Asmaz Anadolu İmam Hatip Lisesi (Fen Ve Sosyal Bilimler Programı, 5 yıl)",imamHatip,376.3955,15.26,14.61
İstanbul,Gaziosmanpaşa,"Şehit Servet Asmaz Anadolu İmam Hatip Lisesi (Fen Ve Sosyal Bilimler Programı, 4 yıl)",imamHatip,362.4148,19.56,17.66
İstanbul,Büyükçekmece,Şehit Şirin Diril Kız Anadolu İmam Hatip Lisesi,imamHatip,341.2524,23.25,22.92
İstanbul,Esenler,"Şehit Türkmen Tekin Kız Anadolu İmam Hatip Lisesi (Fen Ve Sosyal Bilimler Programı, 5 yıl)",imamHatip,351.153,20.97,20.35
İstanbul,Esenler,"Şehit Türkmen Tekin Kız Anadolu İmam Hatip Lisesi (Fen Ve Sosyal Bilimler Programı, 4 yıl)",imamHatip,348.286,27.8,21.08
İstanbul,Sancaktepe,Şehit Yüzbaşı Yusuf Kenan Mesleki Ve Teknik Anadolu Lisesi,mesleki,328.4841,23.49,26.42
İstanbul,Fatih,Şehremini Anadolu Lisesi,anadolu,460.6924,2.09,2.03
İstanbul,Üsküdar,Selimiye Mesleki Ve Teknik Anadolu Lisesi (Gıda Teknolojisi Alanı),mesleki,217.2648,65.48,74.84
İstanbul,Üsküdar,Selimiye Mesleki Ve Teknik Anadolu Lisesi (KİMYA TEKNOLOJİSİ ALANI (SINAVLI)),mesleki,180.0717,,95.25
İstanbul,Üsküdar,Selimiye Mesleki Ve Teknik Anadolu Lisesi (Laboratuvar Hizmetleri Alanı),mesleki,263.8748,46.9,48.8
İstanbul,Üsküdar,Selimiye Mesleki Ve Teknik Anadolu Lisesi (Hayvan Yetiştiriciliği Ve Sağlığı),mesleki,219.2302,52.72,73.48
İstanbul,Silivri,Selimpaşa Anadolu İmam Hatip Lisesi,imamHatip,289.3326,52.78,39.09
İstanbul,Silivri,Selimpaşa Borsa İstanbul Turizm Mesleki Ve Teknik Anadolu Lisesi (Konaklama Ve Seyahat Hizmetleri Alanı),mesleki,221.691,81.46,71.78
İstanbul,Silivri,Selimpaşa Borsa İstanbul Turizm Mesleki Ve Teknik Anadolu Lisesi (Yiyecek İçecek Hizmetleri Alanı),mesleki,215.0741,76.63,75.53
İstanbul,Şile,Şile Anadolu İmam Hatip Lisesi,imamHatip,190.4608,86.27,92.16
İstanbul,Şile,Şile Ayet Azer Aran Savunma Sanayi Mesleki Ve Teknik Anadolu Lisesi (Endüstriyel Otomasyon Teknolojileri Alanı),mesleki,422.5291,7.92,6.49
İstanbul,Şile,Şile Ayet Azer Aran Savunma Sanayi Mesleki Ve Teknik Anadolu Lisesi (Makine Ve Tasarım Teknolojisi Alanı),mesleki,412.5396,9.41,7.99
İstanbul,Şile,Şile Borsa İstanbul 50. Yıl Çok Programlı Anadolu Lisesi,anadolu,221.5927,56.64,71.85
İstanbul,Şile,Şile Borsa İstanbul Turizm Mesleki Ve Teknik Anadolu Lisesi,mesleki,168.8413,91.39,98.67
İstanbul,Şile,Şile Oya-Ali Osman Keçici Sosyal Bilimler Lisesi,sosyal,330.7587,23.67,25.65
İstanbul,Silivri,Silivri Kız Anadolu İmam Hatip Lisesi,imamHatip,167.9329,84.32,98.8
İstanbul,Silivri,Silivri Yusuf Sarıbekir Mesleki Ve Teknik Anadolu Lisesi,mesleki,239.8033,56.02,60.55
İstanbul,Şişli,Şişli Anadolu İmam Hatip Lisesi,imamHatip,189.4668,,92.64
İstanbul,Şişli,Şişli Anadolu Lisesi,anadolu,423.6981,6.85,6.31
İstanbul,Şişli,Şişli Mesleki Ve Teknik Anadolu Lisesi (Motorlu Araçlar Teknolojisi Alanı),mesleki,280.9209,46.36,41.95
İstanbul,Şişli,Şişli Mesleki Ve Teknik Anadolu Lisesi (Bilişim Teknolojileri Alanı),mesleki,277.6473,31.2,43.2
İstanbul,Şişli,Şişli Mesleki Ve Teknik Anadolu Lisesi (ELEKTRİK-ELEKTRONİK TEKNOLOJİSİ ALANI),mesleki,267.527,,47.66
İstanbul,Şişli,Şişli Mesleki Ve Teknik Anadolu Lisesi (Elektrik-Elektronik Teknolojisi Alanı),mesleki,277.9157,50.4,43.09
İstanbul,Bahçelievler,Siyavuşpaşa Kız Mesleki Ve Teknik Anadolu Lisesi (Moda Tasarım Teknolojileri),mesleki,193.5109,87.5,90.56
İstanbul,Bahçelievler,Siyavuşpaşa Kız Mesleki Ve Teknik Anadolu Lisesi (Yiyecek İçecek Hizmetleri Alanı),mesleki,228.2908,85.47,67.44
İstanbul,Bahçelievler,Siyavuşpaşa Kız Mesleki Ve Teknik Anadolu Lisesi (Çocuk Gelişimi Ve Eğitimi Alanı),mesleki,225.1221,80.18,69.48
İstanbul,Bayrampaşa,Suat Terimer Anadolu Lisesi,anadolu,442.7131,4.92,3.88
İstanbul,Avcılar,Süleyman Nazif Anadolu Lisesi,anadolu,413.8609,9.04,7.8
İstanbul,Şişli,Süleyman Şah Kız Anadolu İmam Hatip Lisesi,imamHatip,194.078,91.44,90.26
İstanbul,Fatih,Sultanahmet Mesleki Ve Teknik Anadolu Lisesi,mesleki,226.5751,66.27,68.54
İstanbul,Sultanbeyli,Sultanbeyli Kız Anadolu İmam Hatip Lisesi,imamHatip,260.937,41.79,50.44
İstanbul,Sultanbeyli,Sultanbeyli Sabiha Gökçen Mesleki Ve Teknik Anadolu Lisesi (Uçak Bakım Alanı),mesleki,373.9709,17.41,15.11
İstanbul,Sultanbeyli,Sultanbeyli Sabiha Gökçen Mesleki Ve Teknik Anadolu Lisesi (Elektrik-Elektronik Teknolojisi Alanı),mesleki,328.7347,24.31,26.35
İstanbul,Sultangazi,Sultangazi Mesleki ve Teknik Anadolu Lisesi,mesleki,259.7922,,50.59
İstanbul,Sultangazi,Sultangazi Nene Hatun Kız Mesleki Ve Teknik Anadolu Lisesi,mesleki,160.7612,87.34,99.83
İstanbul,Ataşehir,Teb Ataşehir Anadolu Lisesi,anadolu,420.1531,8.21,6.82
İstanbul,Pendik,Teknopark İstanbul Mesleki Ve Teknik Anadolu Lisesi (Siber Güvenlik Alanı),mesleki,469.5182,1.36,1.31
İstanbul,Pendik,Teknopark İstanbul Mesleki Ve Teknik Anadolu Lisesi (Bilişim Teknolojileri Alanı),mesleki,458.2118,1.8,2.25
İstanbul,Üsküdar,"Tenzile Erdoğan Kız Anadolu İmam Hatip Lisesi (Fen Ve Sosyal Bilimler Programı, İngilizce)",imamHatip,408.0345,10.28,8.73
İstanbul,Üsküdar,Tenzile Erdoğan Kız Anadolu İmam Hatip Lisesi (Fen Ve Teknoloji Programı),imamHatip,425.9435,8.54,6.05
İstanbul,Üsküdar,"Tenzile Erdoğan Kız Anadolu İmam Hatip Lisesi (Fen Ve Sosyal Bilimler Programı, Arapça)",imamHatip,397.6286,12.23,10.5
İstanbul,Üsküdar,Tenzile Erdoğan Kız Anadolu İmam Hatip Lisesi (Hafızlık Projesi),imamHatip,336.5511,87.7,24.18
İstanbul,Ümraniye,Tev Uğuz Tarık Demirağ Mesleki Ve Teknik Anadolu Lisesi (ELEKTRİK-ELEKTRONİK TEKNOLOJİSİ ALANI),mesleki,265.5945,,48.07
İstanbul,Ümraniye,Tev Uğuz Tarık Demirağ Mesleki Ve Teknik Anadolu Lisesi (RAYLI SİSTEMLER TEKNOLOJİSİ ALANI),mesleki,249.6785,52.68,55.35
İstanbul,Başakşehir,Toki Aliya İzzetbegoviç Anadolu İmam Hatip Lisesi,imamHatip,348.8391,22.72,20.94
İstanbul,Küçükçekmece,"Toki Güneşparkevleri Kız Anadolu İmam Hatip Lisesi (Fen Ve Sosyal Bilimler Programı, 5 yıl)",imamHatip,387.0012,13.73,12.46
İstanbul,Küçükçekmece,"Toki Güneşparkevleri Kız Anadolu İmam Hatip Lisesi (Fen Ve Sosyal Bilimler Programı, 4 yıl)",imamHatip,364.9687,19.58,17.07
İstanbul,Ümraniye,Türkçimento Mesleki Ve Teknik Anadolu Lisesi (Kimya Teknolojisi Alanı),mesleki,163.3197,87.9,99.46
İstanbul,Ümraniye,Türkçimento Mesleki Ve Teknik Anadolu Lisesi (İnşaat Teknolojisi Alanı),mesleki,201.3723,77.81,85.81
İstanbul,Tuzla,Tuzla Halil Türkkan Kız Anadolu İmam Hatip Lisesi (Fen Ve Sosyal Bilimler Programı),imamHatip,297.8833,36.25,35.95
İstanbul,Tuzla,Tuzla Halil Türkkan Kız Anadolu İmam Hatip Lisesi (FEN VE SOSYAL BİLİMLER PROGRAMI),imamHatip,330.4229,,25.87
İstanbul,Tuzla,Tuzla Mahir İz Anadolu İmam Hatip Lisesi (Fen Ve Sosyal Bilimler Programı),imamHatip,338.4555,23.83,23.66
İstanbul,Tuzla,Tuzla Mahir İz Anadolu İmam Hatip Lisesi (FEN VE SOSYAL BİLİMLER PROGRAMI),imamHatip,379.9704,,13.74
İstanbul,Tuzla,Tuzla Mesleki Ve Teknik Anadolu Lisesi (Elektrik-Elektronik Teknolojisi Alanı),mesleki,283.9466,35.25,40.82
İstanbul,Tuzla,Tuzla Mesleki Ve Teknik Anadolu Lisesi (BİLİŞİM TEKNOLOJİLERİ ALANI),mesleki,289.3838,,39.09
İstanbul,Tuzla,Tuzla Mesleki Ve Teknik Anadolu Lisesi (Endüstriyel Otomasyon Teknolojileri Alanı),mesleki,284.4974,30.67,40.62
İstanbul,Fatih,"Uluslararası Fatih Sultan Mehmet Anadolu İmam Hatip Lisesi (Fen Ve Sosyal Bilimler Programı, 4 yıl)",imamHatip,424.401,7.85,6.25
İstanbul,Fatih,"Uluslararası Fatih Sultan Mehmet Anadolu İmam Hatip Lisesi (Fen Ve Sosyal Bilimler Programı, 5 yıl)",imamHatip,432.0371,6.81,5.3
İstanbul,Bayrampaşa,Uluslararası Kaptan Ahmet Erdoğan Anadolu İmam Hatip Lisesi,imamHatip,386.5239,13.38,12.55
İstanbul,Pendik,"Uluslararası Pendik Kız Anadolu İmam Hatip Lisesi (Fen Ve Sosyal Bilimler Programı, 4 yıl)",imamHatip,378.1876,14.9,14.23
İstanbul,Pendik,"Uluslararası Pendik Kız Anadolu İmam Hatip Lisesi (Fen Ve Sosyal Bilimler Programı, 5 yıl)",imamHatip,405.3595,9.89,9.17
İstanbul,Bahçelievler,"Uluslararası Şehit Mehmet Karaaslan Kız Anadolu İmam Hatip Lisesi (Fen Ve Sosyal Bilimler Programı, 5 yıl)",imamHatip,395.004,11.02,10.95
İstanbul,Bahçelievler,"Uluslararası Şehit Mehmet Karaaslan Kız Anadolu İmam Hatip Lisesi (Fen Ve Sosyal Bilimler Programı, 4 yıl)",imamHatip,391.3607,12.32,11.63
İstanbul,Ataşehir,Ümit Meriç Kız Anadolu İmam Hatip Lisesi,imamHatip,220.6096,85.16,72.52
İstanbul,Ümraniye,Ümraniye Atatürk Mesleki Ve Teknik Anadolu Lisesi (Elektrik-Elektronik Teknolojisi Alanı),mesleki,230.8872,61.51,65.81
İstanbul,Ümraniye,Ümraniye Atatürk Mesleki Ve Teknik Anadolu Lisesi (Mobilya Ve İç Mekân Tasarımı Alanı),mesleki,169.0151,84.76,98.64
İstanbul,Ümraniye,Ümraniye Atatürk Mesleki Ve Teknik Anadolu Lisesi (Makine Ve Tasarım Teknolojisi Alanı),mesleki,223.3805,78.58,70.64
İstanbul,Ümraniye,Ümraniye Atatürk Mesleki Ve Teknik Anadolu Lisesi (Metal Teknolojisi Alanı),mesleki,177.1148,91.21,97.09
İstanbul,Ümraniye,Ümraniye Mesleki Ve Teknik Anadolu Lisesi,mesleki,233.8209,67.6,64.01
İstanbul,Ümraniye,Ümraniye Şehit Erol Olçok Kız Anadolu İmam Hatip Lisesi,imamHatip,371.0287,16.87,15.73
İstanbul,Üsküdar,Üsküdar Ahmet Keleşoğlu Anadolu Lisesi (İngilizce),anadolu,444.2133,4.4,3.71
İstanbul,Üsküdar,Üsküdar Ahmet Keleşoğlu Anadolu Lisesi (Almanca),anadolu,450.3726,3.79,3.03
İstanbul,Üsküdar,Üsküdar Anadolu İmam Hatip Lisesi,imamHatip,332.5503,30.1,25.27
İstanbul,Üsküdar,Üsküdar Borsa İstanbul Kız Mesleki Ve Teknik Anadolu Lisesi (Çocuk Gelişimi Ve Eğitimi Alanı),mesleki,211.1996,67.8,79.12
İstanbul,Üsküdar,Üsküdar Borsa İstanbul Kız Mesleki Ve Teknik Anadolu Lisesi (Bilişim Teknolojileri Alanı),mesleki,203.4353,87.26,84.45
İstanbul,Üsküdar,Üsküdar Borsa İstanbul Kız Mesleki Ve Teknik Anadolu Lisesi (Yiyecek İçecek Hizmetleri Alanı),mesleki,214.2442,73.37,77.61
İstanbul,Üsküdar,Üsküdar Mihrimah Sultan Kız Anadolu İmam Hatip Lisesi,imamHatip,288.9623,43.47,39.09
İstanbul,Üsküdar,Üsküdar Ticaret Mesleki Ve Teknik Anadolu Lisesi (Büro Yönetimi Ve Yönetici Asistanlığı Alanı),mesleki,204.9482,58.98,83.43
İstanbul,Üsküdar,Üsküdar Ticaret Mesleki Ve Teknik Anadolu Lisesi (Bilişim Teknolojileri Alanı),mesleki,304.8904,31.08,33.63
İstanbul,Üsküdar,Üsküdar Ticaret Mesleki Ve Teknik Anadolu Lisesi (Muhasebe Ve Finansman Alanı),mesleki,251.5496,58.98,54.42
İstanbul,Üsküdar,Üsküdar Ticaret Mesleki Ve Teknik Anadolu Lisesi (Ulaştırma Hizmetleri Alanı),mesleki,229.5763,71.3,66.63
İstanbul,Üsküdar,Üsküdar Zeynep Kamil Mesleki Ve Teknik Anadolu Lisesi,mesleki,326.0077,24.65,27.14
İstanbul,Üsküdar,Validebağ Fen Lisesi,fen,477.8204,1.05,0.77
İstanbul,Beylikdüzü,Vali Muammer Güler Sosyal Bilimler Lisesi,sosyal,392.7967,12.15,11.36
İstanbul,Fatih,Vefa Lisesi,anadolu,480.1022,0.83,0.65
İstanbul,Pendik,Velibaba Kız Mesleki Ve Teknik Anadolu Lisesi,mesleki,178.8108,87.29,95.72
İstanbul,Bakırköy,Yahya Kemal Beyatlı Anadolu Lisesi,anadolu,412.9507,9.07,7.93
İstanbul,Kartal,Yakacık Mesleki Ve Teknik Anadolu Lisesi (Kimya Teknolojisi Alanı),mesleki,185.3256,88.23,94.47
İstanbul,Kartal,Yakacık Mesleki Ve Teknik Anadolu Lisesi (Elektrik-Elektronik Teknolojisi Alanı),mesleki,226.6297,80.67,68.5
İstanbul,Kartal,Yakacık Mesleki Ve Teknik Anadolu Lisesi (Makine Ve Tasarım Teknolojisi Alanı),mesleki,196.2455,87.79,89.02
İstanbul,Kartal,Yakacık Mesleki Ve Teknik Anadolu Lisesi (Biyomedikal Cihaz Teknolojileri Alanı),mesleki,205.3618,84.4,83.16
İstanbul,Beylikdüzü,Yaşar Acar Fen Lisesi,fen,468.0634,1.58,1.42
İstanbul,Bakırköy,Yeşilköy Anadolu Lisesi,anadolu,453.1214,4.07,2.74
İstanbul,Şişli,Yıldız Teknik Üniversitesi Maçka Mesleki Ve Teknik Anadolu Lisesi (Elektrik-Elektronik Teknolojisi Alanı),mesleki,389.2918,10.65,12.03
İstanbul,Şişli,Yıldız Teknik Üniversitesi Maçka Mesleki Ve Teknik Anadolu Lisesi (Bilişim Teknolojileri Alanı),mesleki,405.8351,10.65,9.09
İstanbul,Şişli,Yıldız Teknik Üniversitesi Maçka Mesleki Ve Teknik Anadolu Lisesi (Elektrik-Elektronik Teknolojisi Alanı) (2),mesleki,404.2357,10.65,9.35
İstanbul,Şişli,Yıldız Teknik Üniversitesi Maçka Mesleki Ve Teknik Anadolu Lisesi (Bilişim Teknolojileri Alanı) (2),mesleki,392.8889,10.65,11.34
İstanbul,Kartal,"Yüksel-İlhan Alanyalı Fen Lisesi (Fen Bilimleri Alanı (Fen Lis.), İngilizce)",fen,467.8708,1.99,1.44
İstanbul,Kartal,"Yüksel-İlhan Alanyalı Fen Lisesi (Fen Bilimleri Alanı (Fen Lis.), Almanca)",fen,474.9396,1.4,0.96
İstanbul,Tuzla,Yunus Emre Anadolu İmam Hatip Lisesi,imamHatip,176.5307,91,97.24
İstanbul,Küçükçekmece,Zehra Mustafa Dalgıç Ticaret Mesleki Ve Teknik Anadolu Lisesi,mesleki,181.6985,81.83,95.25
İstanbul,Zeytinburnu,"Zeytinburnu Kız Anadolu İmam Hatip Lisesi (Fen Ve Sosyal Bilimler Programı, 5 yıl)",imamHatip,343.4419,22.31,22.34
İstanbul,Zeytinburnu,Zeytinburnu Kız Anadolu İmam Hatip Lisesi (Aihl Çocuk Gelişimi Ve Eğitimi Programı),imamHatip,286.8518,43.13,39.77
İstanbul,Zeytinburnu,"Zeytinburnu Kız Anadolu İmam Hatip Lisesi (Fen Ve Sosyal Bilimler Programı, 4 yıl)",imamHatip,332.7831,28.54,25.21
İstanbul,Zeytinburnu,Zeytinburnu Merkezefendi Anadolu İmam Hatip Lisesi,imamHatip,205.7576,89.17,82.89
İstanbul,Zeytinburnu,Zeytinburnu Mesleki Ve Teknik Anadolu Lisesi (Endüstriyel Otomasyon Teknolojileri Alanı),mesleki,267.9542,50.5,47.08
İstanbul,Zeytinburnu,Zeytinburnu Mesleki Ve Teknik Anadolu Lisesi (Bilişim Teknolojileri Alanı),mesleki,291.9859,31.72,37.96
İstanbul,Zeytinburnu,Zeytinburnu M. İhsan Mermerci Turizm Mesleki Ve Teknik Anadolu Lisesi (Yiyecek İçecek Hizmetleri Alanı),mesleki,232.6204,74.43,64.74
İstanbul,Zeytinburnu,Zeytinburnu M. İhsan Mermerci Turizm Mesleki Ve Teknik Anadolu Lisesi (Konaklama Ve Seyahat Hizmetleri Alanı),mesleki,226.5045,77.75,68.58
İstanbul,Şişli,Zincirlikuyu İsov Mesleki Ve Teknik Anadolu Lisesi (İnşaat Teknolojisi Alanı),mesleki,249.4332,58.68,55.47
İstanbul,Şişli,Zincirlikuyu İsov Mesleki Ve Teknik Anadolu Lisesi (Harita-Tapu-Kadastro Alanı),mesleki,225.1604,68.58,69.46
İzmir,Karşıyaka,15 Temmuz Şehitler Anadolu Lisesi,anadolu,437.31,5.1,4.52
İzmir,Konak,15 Temmuz Şehitleri Kız Anadolu İmam Hatip Lisesi,imamHatip,260.0708,58.63,50.46
İzmir,Gaziemir,Abdülhamit Han Mesleki Ve Teknik Anadolu Lisesi (Moda Tasarım Teknolojileri),mesleki,195.1123,99.24,89.67
İzmir,Gaziemir,Abdülhamit Han Mesleki Ve Teknik Anadolu Lisesi (ULAŞTIRMA HİZMETLERİ ALANI),mesleki,278.7459,,42.78
İzmir,Karşıyaka,Alev Alatlı Anadolu Lisesi,anadolu,446.2168,4.51,3.48
İzmir,Aliağa,Aliağa Heydar Aliyev Mesleki Ve Teknik Anadolu Lisesi,mesleki,282.8554,43.83,41.22
İzmir,Aliağa,Aliağa Ticaret Mesleki Ve Teknik Anadolu Lisesi,mesleki,253.1442,64.34,53.65
İzmir,Aliağa,Alp Oğuz Anadolu Lisesi,anadolu,407.2204,9.66,8.86
İzmir,Narlıdere,Arkas Narlıdere Mesleki Ve Teknik Anadolu Lisesi,mesleki,258.2109,49.71,51.3
İzmir,Konak,Atatürk Lisesi (Fransızca),anadolu,482.6699,0.6,0.51
İzmir,Konak,Atatürk Lisesi (İngilizce),anadolu,482.8016,0.57,0.5
İzmir,Konak,Atatürk Lisesi (Almanca),anadolu,491.4327,0.14,0.2
İzmir,Torbalı,Ayrancılar Şehit Cengiz Tokur Kız Anadolu İmam Hatip Lisesi,imamHatip,221.5224,79.9,71.9
İzmir,Balçova,Balçova Anadolu Lisesi (İngilizce),anadolu,420.3654,7.55,6.79
İzmir,Balçova,Balçova Anadolu Lisesi (Almanca),anadolu,419.337,7.62,6.95
İzmir,Bayraklı,Bayraklı Ali Osman Konakçı Mesleki Ve Teknik Anadolu Lisesi,mesleki,186.7439,87.8,93.95
İzmir,Bayraklı,Bayraklı Hisar Anadolu İmam Hatip Lisesi,imamHatip,231.866,79.98,65.2
İzmir,Bergama,Bergama Kız Anadolu İmam Hatip Lisesi,imamHatip,290.0406,45.57,39.09
İzmir,Bergama,Bergamalı Kadri Anadolu İmam Hatip Lisesi,imamHatip,419.6614,6.97,6.95
İzmir,Bornova,Bornova Anadolu Lisesi (Almanca),anadolu,484.4618,0.59,0.43
İzmir,Bornova,Bornova Anadolu Lisesi (İngilizce),anadolu,475.1813,1.13,0.94
İzmir,Bornova,Bornova Mazhar Zorlu Mesleki Ve Teknik Anadolu Lisesi (Plastik Teknolojisi Alanı),mesleki,151.0855,84.46,100
İzmir,Bornova,Bornova Mazhar Zorlu Mesleki Ve Teknik Anadolu Lisesi (Endüstriyel Otomasyon Teknolojileri Alanı),mesleki,350.2656,20.35,20.58
İzmir,Bornova,Bornova Mesleki Ve Teknik Anadolu Lisesi,mesleki,262.6342,51.64,49.34
İzmir,Bornova,Bornova Mimar Sinan Mesleki Ve Teknik Anadolu Lisesi,mesleki,230.5062,65.85,66.05
İzmir,Selçuk,Borsa İstanbul Şehit Ömer Halisdemir Anadolu Lisesi,anadolu,313.9054,31.04,30.77
İzmir,Karabağlar,Bozyaka Şehit Fethi Bey Mesleki ve Teknik Anadolu Lisesi,mesleki,180.3941,,95.25
İzmir,Buca,Buca Fatma Saygın Anadolu Lisesi,anadolu,452.4698,2.77,2.81
İzmir,Buca,Buca İnci-Özer Tırnaklı Fen Lisesi,fen,471.0806,1.21,1.2
İzmir,Buca,Buca Kız Anadolu İmam Hatip Lisesi,imamHatip,191.5766,92.53,91.59
İzmir,Buca,Buca Mehmet Akif Ersoy Sosyal Bilimler Lisesi,sosyal,401.2407,9.63,9.87
İzmir,Buca,Buca Necla-Tevfik Karadavut Mesleki Ve Teknik Anadolu Lisesi (Bilişim Teknolojileri Alanı),mesleki,212.5226,85.01,78.18
İzmir,Buca,Buca Necla-Tevfik Karadavut Mesleki Ve Teknik Anadolu Lisesi (Endüstriyel Otomasyon Teknolojileri Alanı),mesleki,153.373,92,100
İzmir,Buca,Buca Necla-Tevfik Karadavut Mesleki Ve Teknik Anadolu Lisesi (Elektrik-Elektronik Teknolojisi Alanı),mesleki,203.2955,84.7,84.55
İzmir,Çiğli,Çiğli 75. Yıl Mesleki Ve Teknik Anadolu Lisesi,mesleki,261.5799,49.57,50.29
İzmir,Çiğli,Çiğli Fen Lisesi,fen,454.5519,2.95,2.6
İzmir,Çiğli,Çiğli Mehpare Yağcı Anadolu İmam Hatip Lisesi,imamHatip,149.7576,90.22,100
İzmir,Çiğli,Çiğli Naime Tömek Mesleki Ve Teknik Anadolu Lisesi,mesleki,246.338,,57.04
İzmir,Bergama,Cumhuriyet Anadolu Lisesi,anadolu,355.09,20.61,19.39
İzmir,Bayraklı,Gazeteci Çetin Altan Mesleki Ve Teknik Anadolu Lisesi (Bilişim Teknolojileri Alanı),mesleki,298.038,32.84,35.9
İzmir,Bayraklı,Gazeteci Çetin Altan Mesleki Ve Teknik Anadolu Lisesi (Elektrik-Elektronik Teknolojisi Alanı),mesleki,305.0435,33.84,33.57
İzmir,Gaziemir,Gaziemir Nevvar Salih İşgören Anadolu Lisesi,anadolu,439.0759,4.65,4.31
İzmir,Gaziemir,Gaziemir Şehit Serhat Sığnak Mesleki Ve Teknik Anadolu Lisesi,mesleki,254.5728,43.44,52.99
İzmir,Güzelbahçe,Güzelbahçe 60.Yıl Anadolu Lisesi,anadolu,446.6433,4.65,3.43
İzmir,Aliağa,Habaş Hamdi Başaran Mesleki Ve Teknik Anadolu Lisesi,mesleki,259.4405,50.08,50.75
İzmir,Çeşme,Hacı Murat-Hatice Özsoy Anadolu Lisesi,anadolu,353.0545,20.89,19.89
İzmir,Karabağlar,İzmir Anadolu İmam Hatip Lisesi,imamHatip,342.0123,28.07,22.71
İzmir,Karabağlar,İzmir Anadolu Lisesi (Almanca),anadolu,435.8928,5.51,4.69
İzmir,Karabağlar,İzmir Anadolu Lisesi (İngilizce),anadolu,426.8149,6.56,5.88
İzmir,Urla,İzmir Cengiz Aytmatov Sosyal Bilimler Lisesi,sosyal,380.2435,15.52,13.74
İzmir,Bornova,İzmir Esnaf Ve Sanatkarlar Odaları Birliği Mesleki Ve Teknik Anadolu Lisesi,mesleki,230.5676,73.35,66.01
İzmir,Bornova,İzmir Fen Lisesi,fen,492.1823,0.14,0.17
İzmir,Karabağlar,"İzmir Kız Anadolu İmam Hatip Lisesi (Fen Ve Sosyal Bilimler Programı, İtalyanca, 5 yıl)",imamHatip,215.2662,55.1,75.53
İzmir,Karabağlar,"İzmir Kız Anadolu İmam Hatip Lisesi (Fen Ve Sosyal Bilimler Programı, Fransızca, 5 yıl)",imamHatip,201.021,79.02,86.05
İzmir,Karabağlar,"İzmir Kız Anadolu İmam Hatip Lisesi (Fen Ve Sosyal Bilimler Programı, İngilizce, 4 yıl)",imamHatip,170.8017,92.45,98.39
İzmir,Konak,İzmir Kız Lisesi (Almanca),anadolu,473.1383,1.26,1.07
İzmir,Konak,İzmir Kız Lisesi (İngilizce),anadolu,466.9994,1.8,1.5
İzmir,Konak,İzmir Ticaret Mesleki Ve Teknik Anadolu Lisesi (Muhasebe Ve Finansman Alanı),mesleki,166.4569,92.98,99.01
İzmir,Konak,İzmir Ticaret Mesleki Ve Teknik Anadolu Lisesi (Pazarlama Ve Perakende Alanı),mesleki,182.522,87.54,95.25
İzmir,Karabağlar,Karabağlar Atatürk Mesleki Ve Teknik Anadolu Lisesi (Makine Ve Tasarım Teknolojisi Alanı),mesleki,168.8127,89.36,98.67
İzmir,Karabağlar,Karabağlar Atatürk Mesleki Ve Teknik Anadolu Lisesi (Metalürji Teknolojisi Alanı),mesleki,179.1681,86.88,95.25
İzmir,Karabağlar,Karabağlar İto Vakfı Süleyman Taştekin Mesleki Ve Teknik Anadolu Lisesi (Bilişim Teknolojileri Alanı),mesleki,230.448,68.05,66.09
İzmir,Karabağlar,Karabağlar İto Vakfı Süleyman Taştekin Mesleki Ve Teknik Anadolu Lisesi (Yenilenebilir Enerji Teknolojileri Alanı),mesleki,197.4386,87.72,88.32
İzmir,Karabağlar,Karabağlar İto Vakfı Süleyman Taştekin Mesleki Ve Teknik Anadolu Lisesi (Elektrik-Elektronik Teknolojisi Alanı),mesleki,220.1854,71.12,72.81
İzmir,Karşıyaka,Karşıyaka Cihat Kora Anadolu Lisesi (Almanca),anadolu,469.579,1.4,1.31
İzmir,Karşıyaka,Karşıyaka Cihat Kora Anadolu Lisesi (İngilizce),anadolu,461.5556,2.25,1.96
İzmir,Karşıyaka,Karşıyaka Zeki Şairoğlu Mesleki Ve Teknik Anadolu Lisesi (Bilişim Teknolojileri Alanı),mesleki,312.9537,31.53,31.07
İzmir,Karşıyaka,Karşıyaka Zeki Şairoğlu Mesleki Ve Teknik Anadolu Lisesi (Elektrik-Elektronik Teknolojisi Alanı),mesleki,320.2312,30.17,28.84
İzmir,Kemalpaşa,Kemalpaşa Mopak Mesleki Ve Teknik Anadolu Lisesi,mesleki,257.5122,49.62,51.63
İzmir,Konak,Konak Alsancak Nevvar-Salih İşgören Turizm Mesleki Ve Teknik Anadolu Lisesi (Konaklama Ve Seyahat Hizmetleri Alanı),mesleki,239.3847,53.65,61.15
İzmir,Konak,Konak Alsancak Nevvar-Salih İşgören Turizm Mesleki Ve Teknik Anadolu Lisesi (Yiyecek İçecek Hizmetleri Alanı),mesleki,263.3874,50.7,49.01
İzmir,Konak,Konak Anadolu Lisesi,anadolu,425.0264,6.12,6.12
İzmir,Konak,Konak Çınarlı Mesleki Ve Teknik Anadolu Lisesi (Makine Ve Tasarım Teknolojisi Alanı),mesleki,230.0587,55.37,66.33
İzmir,Konak,Konak Çınarlı Mesleki Ve Teknik Anadolu Lisesi (Tesisat Teknolojisi Ve İklimlendirme Alanı),mesleki,201.0201,80.04,86.05
İzmir,Konak,Konak Çınarlı Mesleki Ve Teknik Anadolu Lisesi (Harita-Tapu-Kadastro Alanı),mesleki,152.6051,90.72,100
İzmir,Konak,Konak Çınarlı Mesleki Ve Teknik Anadolu Lisesi (Elektrik-Elektronik Teknolojisi Alanı),mesleki,246.6333,49.59,56.89
İzmir,Konak,Konak Göztepe Mesleki Ve Teknik Anadolu Lisesi,mesleki,301.2526,32.46,34.83
İzmir,Konak,Konak İbn-İ Sina Mesleki Ve Teknik Anadolu Lisesi,mesleki,307.4137,33.81,32.81
İzmir,Konak,Konak Mithatpaşa Mesleki Ve Teknik Anadolu Lisesi (Bilişim Teknolojileri Alanı),mesleki,292.2237,36.02,37.88
İzmir,Konak,Konak Mithatpaşa Mesleki Ve Teknik Anadolu Lisesi (Elektrik-Elektronik Teknolojisi Alanı),mesleki,278.8285,38.84,42.75
İzmir,Konak,Konak Mithatpaşa Mesleki Ve Teknik Anadolu Lisesi (Makine Ve Tasarım Teknolojisi Alanı),mesleki,263.6248,47.89,48.91
İzmir,Konak,Konak Nevvar Salih İşgören Eğitim Kampüsü-2 Mesleki Ve Teknik Anadolu Lisesi,mesleki,222.8244,79.82,71.02
İzmir,Konak,Konak Nevvar Salih İşgören Eğitim Kampüsü-5 Turizm Mesleki Ve Teknik Anadolu Lisesi (Konaklama Ve Seyahat Hizmetleri Alanı),mesleki,239.3105,54.17,61.15
İzmir,Konak,Konak Nevvar Salih İşgören Eğitim Kampüsü-5 Turizm Mesleki Ve Teknik Anadolu Lisesi (Yiyecek İçecek Hizmetleri Alanı),mesleki,262.094,54.17,49.58
İzmir,Konak,Konak Nevvar Salih İşgören Eğitim Kampüsü Çok Programlı Anadolu Lisesi,anadolu,245.0394,63.22,57.72
İzmir,Menderes,Menderes Fatma-Ramazan Büküşoğlu Anadolu Lisesi,anadolu,415.6858,8.28,7.5
İzmir,Menemen,Menemen Mesleki Ve Teknik Anadolu Lisesi (Elektrik-Elektronik Teknolojisi Alanı),mesleki,249.9624,56.82,55.21
İzmir,Menemen,Menemen Mesleki Ve Teknik Anadolu Lisesi (MAKİNE VE TASARIM TEKNOLOJİSİ ALANI),mesleki,220.7122,,72.44
İzmir,Narlıdere,Narlıdere Cahide-Ahmet Dalyanoğlu Anadolu Lisesi,anadolu,411.7945,10.54,8.11
İzmir,Karabağlar,Necmettin Erbakan Anadolu İmam Hatip Lisesi (Fen Ve Teknoloji Programı),imamHatip,170.1185,84.75,98.49
İzmir,Karabağlar,Necmettin Erbakan Anadolu İmam Hatip Lisesi (Fen Ve Sosyal Bilimler Programı),imamHatip,162.1544,90.5,99.63
İzmir,Ödemiş,Ödemiş Aydınoğlu Mehmet Bey Anadolu İmam Hatip Lisesi,imamHatip,259.8326,46.83,50.57
İzmir,Ödemiş,Ödemiş Ayhan Kökmen Fen Lisesi,fen,434.6513,5.1,4.84
İzmir,Ödemiş,Ödemiş Ticaret Odası Anadolu Lisesi,anadolu,391.5772,12.51,11.59
İzmir,Karabağlar,Övgü Terzibaşıoğlu Anadolu Lisesi,anadolu,444.6388,3.54,3.67
İzmir,Karşıyaka,Sakize Lahur Kız Anadolu İmam Hatip Lisesi,imamHatip,216.4221,88.69,75.43
İzmir,Seferihisar,Seferihisar Necat Hepkon Anadolu Lisesi,anadolu,339.1633,24.04,23.46
İzmir,Güzelbahçe,Şehit Abdullah Tayyip Olçok Anadolu İmam Hatip Lisesi,imamHatip,167.1813,86.78,98.91
İzmir,Menemen,Şehit Ahmet Özsoy Fen Lisesi,fen,441.2318,4.38,4.11
İzmir,Aliağa,Şehit Bahattin Elden Anadolu İmam Hatip Lisesi,imamHatip,240.1987,83.74,60.33
İzmir,Bornova,"Şehit Erol Olçok Anadolu İmam Hatip Lisesi (Fen Ve Sosyal Bilimler Programı, 4 yıl)",imamHatip,197.9245,88.83,88.02
İzmir,Bornova,"Şehit Erol Olçok Anadolu İmam Hatip Lisesi (Fen Ve Sosyal Bilimler Programı, 5 yıl)",imamHatip,226.7915,82.47,68.39
İzmir,Menemen,"Şehit Hakan Gülşen Anadolu İmam Hatip Lisesi (Fen Ve Sosyal Bilimler Programı, 5 yıl)",imamHatip,342.8366,25.74,22.5
İzmir,Menemen,"Şehit Hakan Gülşen Anadolu İmam Hatip Lisesi (Fen Ve Sosyal Bilimler Programı, 4 yıl)",imamHatip,373.5853,19.01,15.19
İzmir,Kemalpaşa,Şehit Halil Kantarcı Anadolu İmam Hatip Lisesi,imamHatip,379.1798,11.67,14.02
İzmir,Konak,Şehit İdari Ataşe Çağlar Yücel Mesleki Ve Teknik Anadolu Lisesi,mesleki,216.5726,68.79,75.33
İzmir,Menderes,Şehit Kaymakam Muhammet Fatih Safitürk Anadolu İmam Hatip Lisesi,imamHatip,311.9265,45.7,31.38
İzmir,Gaziemir,"Şehit Mustafa Yaman Anadolu İmam Hatip Lisesi (Fen Ve Sosyal Bilimler Programı, 5 yıl)",imamHatip,359.0383,18.92,18.45
İzmir,Gaziemir,"Şehit Mustafa Yaman Anadolu İmam Hatip Lisesi (Fen Ve Sosyal Bilimler Programı, 4 yıl)",imamHatip,356.5505,22.13,19.04
İzmir,Konak,"Şehit Ömer Halisdemir Kız Anadolu İmam Hatip Lisesi (Fen Ve Sosyal Bilimler Programı, İngilizce, 5 yıl)",imamHatip,284.2191,91.64,40.72
İzmir,Konak,"Şehit Ömer Halisdemir Kız Anadolu İmam Hatip Lisesi (Fen Ve Sosyal Bilimler Programı, Almanca, 5 yıl)",imamHatip,238.3663,79.91,61.35
İzmir,Konak,"Şehit Ömer Halisdemir Kız Anadolu İmam Hatip Lisesi (Fen Ve Sosyal Bilimler Programı, İngilizce, 4 yıl)",imamHatip,320.2811,34.94,28.82
İzmir,Karşıyaka,Şehit Prof. Dr. İlhan Varank Anadolu İmam Hatip Lisesi,imamHatip,156.9596,88.51,100
İzmir,Selçuk,Selçuk Şehit Er Mehmet Yüce Borsa İstanbul Turizm Mesleki Ve Teknik Anadolu Lisesi (Konaklama Ve Seyahat Hizmetleri Alanı),mesleki,176.0337,87.57,97.36
İzmir,Selçuk,Selçuk Şehit Er Mehmet Yüce Borsa İstanbul Turizm Mesleki Ve Teknik Anadolu Lisesi (Yiyecek İçecek Hizmetleri Alanı),mesleki,152.4616,89.75,100
İzmir,Selçuk,Selçuk Şehit Polis Demet Sezen Mesleki Ve Teknik Anadolu Lisesi,mesleki,342.0507,27.03,22.7
İzmir,Bornova,Selçuk Yaşar Boyacılık Mesleki Ve Teknik Anadolu Lisesi,mesleki,207.3197,87.08,81.82
İzmir,Çiğli,Sezai Karakoç Anadolu Lisesi,anadolu,429.4394,6.48,5.53
İzmir,Buca,Süleyman Şah Mesleki Ve Teknik Anadolu Lisesi (Makine Ve Tasarım Teknolojisi Alanı),mesleki,169.9081,90.89,98.52
İzmir,Buca,Süleyman Şah Mesleki Ve Teknik Anadolu Lisesi (İnşaat Teknolojisi Alanı),mesleki,185.8929,88.03,94.24
İzmir,Tire,Tire Belgin Atila Çallıoğlu Fen Lisesi,fen,440.1809,3.91,4.17
İzmir,Tire,Tire Kutsan Anadolu Lisesi,anadolu,387.8708,13.48,12.29
İzmir,Tire,Tire Öğretmen Melahat Aksoy Sosyal Bilimler Lisesi,sosyal,349.0086,22.29,20.9
İzmir,Tire,Tire Öğretmen Melahat Aksoy Sosyal Bilimler Lisesi (2),sosyal,366.0736,18.27,16.82
İzmir,Torbalı,Torbalı Anadolu İmam Hatip Lisesi,imamHatip,268.8288,58.99,46.72
İzmir,Torbalı,Torbalı Cumhuriyet Mesleki Ve Teknik Anadolu Lisesi,mesleki,175.7203,87.28,97.43
İzmir,Torbalı,Torbalı Sema Karhan Anadolu Lisesi,anadolu,409.4643,9.49,8.68
İzmir,Aliağa,Türkiye Odalar Ve Borsalar Birliği Alosbi Mesleki Ve Teknik Anadolu Lisesi (Elektrik-Elektronik Teknolojisi Alanı),mesleki,364.4147,21.93,17.19
İzmir,Aliağa,Türkiye Odalar Ve Borsalar Birliği Alosbi Mesleki Ve Teknik Anadolu Lisesi (Kimya Teknolojisi Alanı),mesleki,338.2276,26.64,23.72
İzmir,Aliağa,Türkiye Odalar Ve Borsalar Birliği Alosbi Mesleki Ve Teknik Anadolu Lisesi (Endüstriyel Otomasyon Teknolojileri Alanı),mesleki,380.7412,17.47,13.69
İzmir,Bayındır,Ülfet Onart Anadolu Lisesi,anadolu,320.8012,,28.37
İzmir,Seferihisar,Uluslararası Seferihisar Borsa İstanbul Anadolu İmam Hatip Lisesi,imamHatip,228.1921,,67.5
İzmir,Urla,Urla Hakan Çeken Anadolu Lisesi,anadolu,356.0926,20.74,19.15
İzmir,Buca,Üsküplü Sebahattin Özcan Mesleki ve Teknik Anadolu Lisesi,mesleki,200.316,,86.5
İzmir,Bornova,Yunus Emre Anadolu Lisesi (İngilizce),anadolu,444.8934,3.95,3.64
İzmir,Bornova,Yunus Emre Anadolu Lisesi (Almanca),anadolu,451.1701,3.23,2.94
İzmir,Bergama,Yusuf Kemalettin Perin Fen Lisesi,fen,429.9862,5.15,5.46
Kahramanmaraş,Afşin,Afşin Anadolu Lisesi,anadolu,349.3359,26.93,20.82
Kahramanmaraş,Afşin,Afşin Fen Lisesi,fen,382.4009,15.12,13.36
Kahramanmaraş,Afşin,Afşin Şehit Kemal Pıçak Anadolu İmam Hatip Lisesi,imamHatip,182.6084,87.67,95.25
Kahramanmaraş,Onikişubat,Çukurova Elektrik Anadolu Lisesi,anadolu,430.527,6.21,5.38
Kahramanmaraş,Dulkadiroğlu,Dulkadiroğlu Anadolu Lisesi,anadolu,376.9211,16.15,14.58
Kahramanmaraş,Elbistan,Elbistan Anadolu İmam Hatip Lisesi,imamHatip,333.07,27.9,25.12
Kahramanmaraş,Elbistan,Elbistan Anadolu Lisesi,anadolu,389.0072,12.73,12.08
Kahramanmaraş,Elbistan,Elbistan Borsa İstanbul Fen Lisesi,fen,425.6072,6.57,6.05
Kahramanmaraş,Elbistan,Elbistan Mesleki Ve Teknik Anadolu Lisesi (Elektrik-Elektronik Teknolojisi Alanı),mesleki,168.673,86.31,98.69
Kahramanmaraş,Elbistan,Elbistan Mesleki Ve Teknik Anadolu Lisesi (Makine Ve Tasarım Teknolojisi Alanı),mesleki,163.543,86.31,99.43
Kahramanmaraş,Onikişubat,Erdem Bayazıt Anadolu Lisesi,anadolu,419.8917,8.07,6.94
Kahramanmaraş,Göksun,Göksun Fen Lisesi,fen,391.5447,13.03,11.6
Kahramanmaraş,Göksun,Göksun Kız Anadolu İmam Hatip Lisesi,imamHatip,216.0187,87.02,75.53
Kahramanmaraş,Dulkadiroğlu,Hoca Ahmet Yesevi Anadolu İmam Hatip Lisesi,imamHatip,292.7169,46.22,37.71
Kahramanmaraş,Onikişubat,Kahramanmaraş Anadolu İmam Hatip Lisesi,imamHatip,192.3595,88.96,91.18
Kahramanmaraş,Onikişubat,Kahramanmaraş Fen Lisesi,fen,452.2335,3.12,2.84
Kahramanmaraş,Onikişubat,Kahramanmaraş Mado Akdeniz Turizm Mesleki Ve Teknik Anadolu Lisesi (Konaklama Ve Seyahat Hizmetleri Alanı),mesleki,233.8641,59.53,63.99
Kahramanmaraş,Onikişubat,Kahramanmaraş Mado Akdeniz Turizm Mesleki Ve Teknik Anadolu Lisesi (Yiyecek İçecek Hizmetleri Alanı),mesleki,248.4023,59.53,55.98
Kahramanmaraş,Onikişubat,Kahramanmaraş Mesleki Ve Teknik Anadolu Lisesi (Makine Ve Tasarım Teknolojisi Alanı),mesleki,251.5129,44.25,54.44
Kahramanmaraş,Onikişubat,Kahramanmaraş Mesleki Ve Teknik Anadolu Lisesi (Elektrik-Elektronik Teknolojisi Alanı),mesleki,291.1635,44.25,38.25
Kahramanmaraş,Onikişubat,Kahramanmaraş Mesleki Ve Teknik Anadolu Lisesi (Endüstriyel Otomasyon Teknolojileri Alanı),mesleki,273.3729,44.25,44.88
Kahramanmaraş,Onikişubat,Kahramanmaraş Sosyal Bilimler Lisesi,sosyal,352.7534,19.64,19.96
Kahramanmaraş,Onikişubat,Kahramanmaraş Tobb Fen Lisesi,fen,465.7583,1.87,1.6
Kahramanmaraş,Dulkadiroğlu,Karacasu Mesleki Ve Teknik Anadolu Lisesi (Elektrik-Elektronik Teknolojisi Alanı),mesleki,199.0144,87.35,87.34
Kahramanmaraş,Dulkadiroğlu,Karacasu Mesleki Ve Teknik Anadolu Lisesi (Bilişim Teknolojileri Alanı),mesleki,186.5404,87.35,94
Kahramanmaraş,Dulkadiroğlu,Mehmet Balduk Fen Lisesi,fen,444.3258,4.55,3.7
Kahramanmaraş,Onikişubat,Necmettin Erbakan Anadolu İmam Hatip Lisesi,imamHatip,387.9464,14.79,12.27
Kahramanmaraş,Onikişubat,Nezihe Öksüz Mesleki Ve Teknik Anadolu Lisesi,mesleki,344.2668,22.62,22.13
Kahramanmaraş,Pazarcık,Pazarcık Fen Lisesi,fen,360.2815,19.65,18.15
Kahramanmaraş,Onikişubat,Şehit Erol Olçok Anadolu İmam Hatip Lisesi,imamHatip,352.6848,23.7,19.97
Kahramanmaraş,Onikişubat,Şehit İdari Ataşe Galip Özmen Mesleki Ve Teknik Anadolu Lisesi (Tekstil Teknolojisi Alanı),mesleki,185.0472,90.98,94.58
Kahramanmaraş,Onikişubat,Şehit İdari Ataşe Galip Özmen Mesleki Ve Teknik Anadolu Lisesi (Kimya Teknolojisi Alanı),mesleki,161.0301,90.98,99.79
Kahramanmaraş,Andırın,Şehit Tacettin Çeribaş Anadolu Lisesi,anadolu,310.8777,32.35,31.7
Kahramanmaraş,Dulkadiroğlu,Tenzile Erdoğan Kız Anadolu İmam Hatip Lisesi,imamHatip,314.629,40.62,30.54
Kahramanmaraş,Onikişubat,Ticaret Ve Sanayi Odası Ticaret Mesleki Ve Teknik Anadolu Lisesi (Bilişim Teknolojileri Alanı),mesleki,256.7877,80.06,51.96
Kahramanmaraş,Onikişubat,Ticaret Ve Sanayi Odası Ticaret Mesleki Ve Teknik Anadolu Lisesi (Adalet Alanı),mesleki,270.9809,80.06,45.84
Kahramanmaraş,Onikişubat,Ticaret Ve Sanayi Odası Ticaret Mesleki Ve Teknik Anadolu Lisesi (Grafik Ve Fotoğraf Alanı),mesleki,183.3121,80.06,95.23
Kahramanmaraş,Dulkadiroğlu,Toki Kazımkarabekir Mesleki Ve Teknik Anadolu Lisesi,mesleki,180.8054,87.22,95.25
Kahramanmaraş,Afşin,Turgay Ciner Mesleki Ve Teknik Anadolu Lisesi,mesleki,170.697,93.91,98.4
Kahramanmaraş,Türkoğlu,Yedi Güzel Adam Anadolu İmam Hatip Lisesi,imamHatip,311.0363,39.67,31.56
Karabük,Safranbolu,Abdurrahman Yerlikaya Kız Anadolu İmam Hatip Lisesi,imamHatip,222.8857,84.08,70.98
Karabük,Merkez,Alparslan Gazi Anadolu Lisesi,anadolu,381.3992,12.64,13.57
Karabük,Merkez,Demir Çelik Anadolu Lisesi,anadolu,365.8159,16.07,16.88
Karabük,Safranbolu,Evliya Çelebi Turizm Mesleki Ve Teknik Anadolu Lisesi (Yiyecek İçecek Hizmetleri Alanı),mesleki,173.3007,87.43,97.93
Karabük,Safranbolu,Evliya Çelebi Turizm Mesleki Ve Teknik Anadolu Lisesi (Konaklama Ve Seyahat Hizmetleri Alanı),mesleki,189.9872,87.43,92.39
Karabük,Safranbolu,Fatih Sultan Mehmet Fen Lisesi,fen,413.5577,7.61,7.84
Karabük,Merkez,Karabük Anadolu İmam Hatip Lisesi,imamHatip,243.4072,54.22,58.57
Karabük,Merkez,Karabük Mehmet Vergili Fen Lisesi,fen,448.2409,4.16,3.25
Karabük,Merkez,Karabük Mesleki Ve Teknik Anadolu Lisesi (Metalürji Teknolojisi Alanı),mesleki,213.5153,27.89,77.61
Karabük,Merkez,Karabük Mesleki Ve Teknik Anadolu Lisesi (Makine Ve Tasarım Teknolojisi Alanı),mesleki,269.9556,27.89,46.27
Karabük,Merkez,Karabük Mesleki Ve Teknik Anadolu Lisesi (Elektrik-Elektronik Teknolojisi Alanı),mesleki,299.3623,27.89,35.46
Karabük,Merkez,Kardemir Kız Anadolu İmam Hatip Lisesi,imamHatip,295.5678,39.23,36.73
Karabük,Safranbolu,Şehit Murat Akdemir Anadolu İmam Hatip Lisesi,imamHatip,387.9611,10.81,12.27
Karaman,Merkez,15 Temmuz Şehit Muhammed Yalçın Kız Anadolu İmam Hatip Lisesi,imamHatip,359.4586,21.39,18.35
Karaman,Merkez,Ahi Evran Ticaret Mesleki Ve Teknik Anadolu Lisesi,mesleki,167.7538,87.02,98.83
Karaman,Ermenek,Ermenek Anadolu İmam Hatip Lisesi,imamHatip,207.8904,,81.43
Karaman,Ermenek,Ermenek Uysal-Hasan Kalan Fen Lisesi,fen,386.4323,11.85,12.57
Karaman,Merkez,İrfan Ataseven Anadolu Lisesi,anadolu,418.8297,7.2,7.02
Karaman,Merkez,Karaman Anadolu İmam Hatip Lisesi,imamHatip,230.0521,99.82,66.33
Karaman,Merkez,Karaman Mesleki Ve Teknik Anadolu Lisesi (MAKİNE VE TASARIM TEKNOLOJİSİ ALANI),mesleki,217.2386,,74.86
Karaman,Merkez,Karaman Mesleki Ve Teknik Anadolu Lisesi (Elektrik-Elektronik Teknolojisi Alanı),mesleki,159.6651,52.01,99.99
Karaman,Merkez,Karaman Necip Fazıl Kısakürek Sosyal Bilimler Lisesi,sosyal,401.3277,10.28,9.85
Karaman,Merkez,Karaman Necip Fazıl Kısakürek Sosyal Bilimler Lisesi (2),sosyal,374.2532,15.27,15.05
Karaman,Merkez,Prof. Dr. Ömer Dinçer Anadolu İmam Hatip Lisesi,imamHatip,367.9184,17.54,16.42
Karaman,Merkez,Temizel-Ünlü Mesleki Ve Teknik Anadolu Lisesi (Elektrik-Elektronik Teknolojisi Alanı),mesleki,302.5932,31.42,34.38
Karaman,Merkez,Temizel-Ünlü Mesleki Ve Teknik Anadolu Lisesi (Bilişim Teknolojileri Alanı),mesleki,302.796,31.42,34.31
Karaman,Merkez,Temizel-Ünlü Mesleki Ve Teknik Anadolu Lisesi (Yenilenebilir Enerji Teknolojileri Alanı),mesleki,197.6608,31.42,88.19
Karaman,Merkez,Temizel-Ünlü Mesleki Ve Teknik Anadolu Lisesi (Endüstriyel Otomasyon Teknolojileri Alanı),mesleki,240.3597,31.42,60.23
Karaman,Merkez,Türkiye Odalar Ve Borsalar Birliği Fen Lisesi,fen,447.5641,3.25,3.33
Kars,Merkez,Hasan Harakani Anadolu Lisesi,anadolu,382.5196,12.76,13.34
Kars,Merkez,Haydar Aliyev Mesleki Ve Teknik Anadolu Lisesi (Hayvan Yetiştiriciliği Ve Sağlığı),mesleki,214.2173,79.49,77.61
Kars,Merkez,Haydar Aliyev Mesleki Ve Teknik Anadolu Lisesi (Bilişim Teknolojileri Alanı),mesleki,236.4279,79.49,62.47
Kars,Merkez,Haydar Aliyev Mesleki Ve Teknik Anadolu Lisesi (Motorlu Araçlar Teknolojisi Alanı),mesleki,229.8356,79.49,66.47
Kars,Merkez,Hüsnü M.Özyeğin Anadolu Lisesi,anadolu,362.3969,18.36,17.67
Kars,Kağızman,Kağızman Ahmet Arslan Fen Lisesi,fen,325.4051,27.7,27.3
Kars,Kağızman,Kağızman Anadolu İmam Hatip Lisesi,imamHatip,182.1755,87.78,95.25
Kars,Merkez,Kars Alpaslan Anadolu Lisesi,anadolu,336.5325,26.64,24.19
Kars,Merkez,Kars Anadolu İmam Hatip Lisesi,imamHatip,197.842,88.03,88.07
Kars,Merkez,Kars Fen Lisesi,fen,415.0502,7.87,7.6
Kars,Arpaçay,Mihralibey Anadolu İmam Hatip Lisesi,imamHatip,157.4269,85.35,100
Kars,Sarıkamış,Sarıkamış Anadolu İmam Hatip Lisesi,imamHatip,163.6929,85.33,99.41
Kars,Sarıkamış,Sarıkamış Fen Lisesi,fen,325.1653,30.1,27.3
Kars,Merkez,Selahaddin Eyyubi Anadolu İmam Hatip Lisesi,imamHatip,304.7012,34.32,33.69
Kastamonu,Merkez,Abdurrahmanpaşa Lisesi,anadolu,423.2514,6.49,6.38
Kastamonu,Merkez,Hüma Hatun Kız Anadolu İmam Hatip Lisesi,imamHatip,344.8371,21.5,21.97
Kastamonu,Merkez,Kastamonu Anadolu İmam Hatip Lisesi,imamHatip,304.7313,35.42,33.68
Kastamonu,Merkez,Kastamonu Fen Lisesi,fen,445.7785,3.9,3.53
Kastamonu,Merkez,Kastamonu Taşmektep Mesleki Ve Teknik Anadolu Lisesi (Bilişim Teknolojileri Alanı),mesleki,165.8847,84.44,99.09
Kastamonu,Merkez,Kastamonu Taşmektep Mesleki Ve Teknik Anadolu Lisesi (Motorlu Araçlar Teknolojisi Alanı),mesleki,186.1722,84.44,94.12
Kastamonu,Merkez,Özlem Burma Mesleki Ve Teknik Anadolu Lisesi,mesleki,281.4661,41.98,41.75
Kastamonu,İnebolu,Prof. Dr. Fuat Sezgin Anadolu Lisesi,anadolu,305.9202,31.13,33.19
Kastamonu,Merkez,Prof. Dr. Saime İnal Savi Sosyal Bilimler Lisesi,sosyal,345.4869,20.47,21.8
Kastamonu,Cide,Şehit Onur Ensar Ayanoğlu Anadolu İmam Hatip Lisesi,imamHatip,219.9962,87.55,72.94
Kastamonu,Merkez,Sepetçioğlu Ticaret Mesleki Ve Teknik Anadolu Lisesi,mesleki,223.2282,70.86,70.74
Kastamonu,Taşköprü,Taşköprü Anadolu İmam Hatip Lisesi,imamHatip,194.8822,76.22,89.8
Kastamonu,Taşköprü,Taşköprü Fen Lisesi,fen,403.4206,9.35,9.5
Kastamonu,Tosya,Tosya Fen Lisesi,fen,352.6078,17.93,20
Kastamonu,Tosya,Tosya Kız Anadolu İmam Hatip Lisesi,imamHatip,228.193,89.34,67.5
Kayseri,Melikgazi,50. Yıl Dedeman Fen Ve Teknoloji Anadolu İmam Hatip Lisesi,imamHatip,426.9942,6.12,5.86
Kayseri,Develi,Ahmed İslamoğlu Anadolu İmam Hatip Lisesi,imamHatip,340.1904,26.99,23.19
Kayseri,Melikgazi,Ali Rıza Özderici Kız Anadolu İmam Hatip Lisesi,imamHatip,395.0117,12.51,10.95
Kayseri,Kocasinan,Arif Molu Mesleki Ve Teknik Anadolu Lisesi (Makine Ve Tasarım Teknolojisi Alanı),mesleki,266.5772,38.54,47.67
Kayseri,Kocasinan,Arif Molu Mesleki Ve Teknik Anadolu Lisesi (Biyomedikal Cihaz Teknolojileri Alanı),mesleki,272.143,37.76,45.37
Kayseri,Kocasinan,Atatürk Kız Mesleki Ve Teknik Anadolu Lisesi,mesleki,214.6259,84.75,77.61
Kayseri,Bünyan,Bünyan Fen Lisesi,fen,400.5981,10.54,10.05
Kayseri,Develi,Develi Borsa İstanbul Fen Lisesi,fen,411.7904,8.22,8.11
Kayseri,Melikgazi,Erciyes Anadolu İmam Hatip Lisesi,imamHatip,422.1398,7.7,6.54
Kayseri,Melikgazi,Erciyes Turizm Mesleki Ve Teknik Anadolu Lisesi (Yiyecek İçecek Hizmetleri Alanı),mesleki,247.5345,52.49,56.42
Kayseri,Melikgazi,Erciyes Turizm Mesleki Ve Teknik Anadolu Lisesi (Konaklama Ve Seyahat Hizmetleri Alanı),mesleki,238.5564,52.49,61.25
Kayseri,Melikgazi,Hacı Şükrü Baktır Anadolu İmam Hatip Lisesi,imamHatip,413.9468,8.01,7.8
Kayseri,Talas,Hidayet Aydoğan Sosyal Bilimler Lisesi,sosyal,388.1995,11.74,12.22
Kayseri,Melikgazi,Hürriyet Mesleki Ve Teknik Anadolu Lisesi (Elektrik-Elektronik Teknolojisi Alanı),mesleki,249.2238,49.95,55.56
Kayseri,Melikgazi,Hürriyet Mesleki Ve Teknik Anadolu Lisesi (Endüstriyel Otomasyon Teknolojileri Alanı),mesleki,186.9153,49.95,93.95
Kayseri,Melikgazi,Hürriyet Mesleki Ve Teknik Anadolu Lisesi (MOBİLYA VE İÇ MEKÂN TASARIMI ALANI (SINAVLI)),mesleki,172.0628,,98.18
Kayseri,Melikgazi,Hürriyet Mesleki Ve Teknik Anadolu Lisesi (METAL TEKNOLOJİSİ ALANI (SINAVLI)),mesleki,183.5638,,95.13
Kayseri,Melikgazi,Hürriyet Mesleki Ve Teknik Anadolu Lisesi (ENDÜSTRİYEL OTOMASYON TEKNOLOJİLERİ ALANI),mesleki,198.9317,,87.39
Kayseri,Melikgazi,Hürriyet Mesleki Ve Teknik Anadolu Lisesi (Bilişim Teknolojileri Alanı),mesleki,230.268,49.95,66.2
Kayseri,Melikgazi,Hürriyet Mesleki Ve Teknik Anadolu Lisesi (MAKİNE VE TASARIM TEKNOLOJİSİ ALANI (SINAVLI)),mesleki,178.5968,,96.08
Kayseri,Melikgazi,Hürriyet Mesleki Ve Teknik Anadolu Lisesi (ELEKTRİK-ELEKTRONİK TEKNOLOJİSİ ALANI),mesleki,247.3123,,56.53
Kayseri,Melikgazi,Hürriyet Mesleki Ve Teknik Anadolu Lisesi (MOTORLU ARAÇLAR TEKNOLOJİSİ ALANI (SINAVLI)),mesleki,207.9763,,81.37
Kayseri,Melikgazi,Hürriyet Mesleki Ve Teknik Anadolu Lisesi (BİLİŞİM TEKNOLOJİLERİ ALANI),mesleki,198.6554,,87.57
Kayseri,İncesu,İncesu Anadolu İmam Hatip Lisesi,imamHatip,195.3551,84.58,89.53
Kayseri,Yahyalı,İpek Hoca Hasan Türkmenoğlu Kız Anadolu İmam Hatip Lisesi,imamHatip,195.1641,85.13,89.64
Kayseri,Melikgazi,Kayseri Anadolu İmam Hatip Lisesi,imamHatip,350.4281,20.69,20.54
Kayseri,Melikgazi,Kayseri Fen Lisesi,fen,463.2536,2.34,1.81
Kayseri,Melikgazi,Kayseri Kadı Burhaneddin Mesleki Ve Teknik Anadolu Lisesi,mesleki,334.6889,21.16,24.69
Kayseri,Melikgazi,Kayseri Kilim Sosyal Bilimler Lisesi,sosyal,400.9657,10,10.05
Kayseri,Melikgazi,Kayseri Kız Anadolu İmam Hatip Lisesi,imamHatip,371.5325,16.56,15.63
Kayseri,Melikgazi,Melikgazi Belediyesi Mehmet Altun Havacılık Ve Uzay Teknolojileri Mesleki Ve Teknik Anadolu Lisesi,mesleki,433.0527,4.38,5.05
Kayseri,Melikgazi,Merkez Mesleki Ve Teknik Anadolu Lisesi (Motorlu Araçlar Teknolojisi Alanı),mesleki,305.5786,26.96,33.4
Kayseri,Melikgazi,Merkez Mesleki Ve Teknik Anadolu Lisesi (Uçak Bakım Alanı),mesleki,397.9599,10.39,10.44
Kayseri,Melikgazi,Merkez Mesleki Ve Teknik Anadolu Lisesi (Elektrik-Elektronik Teknolojisi Alanı),mesleki,347.5759,20.11,21.26
Kayseri,Melikgazi,Mimar Sinan Mesleki Ve Teknik Anadolu Lisesi,mesleki,205.2995,50.73,83.2
Kayseri,Develi,Muammer Kocatürk Mesleki Ve Teknik Anadolu Lisesi,mesleki,174.5586,88.53,97.67
Kayseri,Yahyalı,Mustafa Koyuncu Fen Lisesi,fen,381.377,14.02,13.57
Kayseri,İncesu,Mustafa Özkan Anadolu Lisesi,anadolu,281.0438,41.16,41.91
Kayseri,Bünyan,Naci Baydemir Anadolu İmam Hatip Lisesi,imamHatip,214.4667,83.77,77.61
Kayseri,Melikgazi,Nuh Mehmet Baldöktü Anadolu Lisesi,anadolu,442.1333,4.49,3.94
Kayseri,Kocasinan,Nuh Mehmet Küçükçalık Anadolu Lisesi,anadolu,457.0065,2.69,2.39
Kayseri,Talas,Ömer-Serpil Özberber Anadolu İmam Hatip Lisesi,imamHatip,339.3554,25.27,23.42
Kayseri,Kocasinan,Osman Ulubaş Kayseri Fen Lisesi,fen,482.7403,0.63,0.5
Kayseri,Melikgazi,Osman Ulubaş Köşk Anadolu Lisesi,anadolu,434.8295,5.27,4.82
Kayseri,Pınarbaşı,Pazarören Mimar Sinan Fen Lisesi,fen,339.3949,26.02,23.41
Kayseri,Kocasinan,Sami Yangın Anadolu Lisesi,anadolu,449.0877,3.65,3.16
Kayseri,Yeşilhisar,Şehit Kübra Doğanay Fen Lisesi,fen,389.6908,11.73,11.95
Kayseri,Melikgazi,Şehit Mustafa Sezgin Kız Anadolu İmam Hatip Lisesi,imamHatip,414.9672,8.02,7.62
Kayseri,Kocasinan,Şehit Ömer Halisdemir Anadolu İmam Hatip Lisesi,imamHatip,402.2162,10.65,9.7
Kayseri,Melikgazi,Sema Yazar Anadolu Lisesi,anadolu,425.1573,6.39,6.1
Kayseri,Melikgazi,Seyyid Burhaneddin Mesleki Ve Teknik Anadolu Lisesi,mesleki,160.7202,92.68,99.84
Kayseri,Kocasinan,Sümer Fen Lisesi,fen,473.6836,1.24,1.04
Kayseri,Kocasinan,Taceddin Veli Kız Anadolu İmam Hatip Lisesi,imamHatip,341.0114,20.1,22.98
Kayseri,Talas,Talas Atatürk Mesleki Ve Teknik Anadolu Lisesi,mesleki,298.16,34.37,35.86
Kayseri,Tomarza,Tomarza Anadolu İmam Hatip Lisesi,imamHatip,182.5686,73.58,95.25
Kayseri,Tomarza,Tomarza Fen Lisesi,fen,373.0063,15.6,15.32
Kayseri,Melikgazi,Türkiye Tekstil Sanayi İşverenleri Sendikası Mesleki Ve Teknik Anadolu Lisesi (Tekstil Teknolojisi Alanı),mesleki,173.7665,75.79,97.83
Kayseri,Melikgazi,Türkiye Tekstil Sanayi İşverenleri Sendikası Mesleki Ve Teknik Anadolu Lisesi (Endüstriyel Otomasyon Teknolojileri Alanı),mesleki,248.4511,75.79,55.96
Kayseri,Kocasinan,Uluslararası Kayseri İlahiyat Vakfı Anadolu İmam Hatip Lisesi,imamHatip,323.8019,28.83,27.77
Kayseri,Talas,Yaman Dede Kız Anadolu İmam Hatip Lisesi,imamHatip,360.7408,18.72,18.05
Kayseri,Yeşilhisar,Yeşilhisar Anadolu İmam Hatip Lisesi,imamHatip,232.5036,76.33,64.81
Kilis,Merkez,Ekrem Çetin Kız Anadolu İmam Hatip Lisesi,imamHatip,195.3457,86.17,89.54
Kilis,Merkez,Kilis Anadolu İmam Hatip Lisesi,imamHatip,189.0501,89.52,92.84
Kilis,Merkez,Kilis Anadolu Lisesi,anadolu,357.3926,18.79,18.84
Kilis,Merkez,Kilis Mehmet Zelzele Fen Lisesi,fen,399.5888,9.57,10.16
Kilis,Merkez,Kilis Mesleki Ve Teknik Anadolu Lisesi (Elektrik-Elektronik Teknolojisi Alanı),mesleki,210.8388,84.43,79.38
Kilis,Merkez,Kilis Mesleki Ve Teknik Anadolu Lisesi (Harita-Tapu-Kadastro Alanı),mesleki,190.14,84.43,92.32
Kilis,Merkez,Kilis M. Hanifi Ve Ökkes Cumbus Ticaret Mesleki Ve Teknik Anadolu Lisesi (Muhasebe Ve Finansman Alanı),mesleki,174.4685,92.97,97.69
Kilis,Merkez,Kilis M. Hanifi Ve Ökkes Cumbus Ticaret Mesleki Ve Teknik Anadolu Lisesi (Bilişim Teknolojileri Alanı),mesleki,183.3107,92.97,95.23
Kilis,Merkez,Mübeccel-Suphi Yavaşça Sosyal Bilimler Lisesi,sosyal,294.9067,34.73,36.95
Kilis,Merkez,Nedim Ökmen Anadolu Lisesi,anadolu,317.8646,27.84,29.54
Kırıkkale,Merkez,Beşir Atalay Anadolu İmam Hatip Lisesi,imamHatip,227.6319,87.72,67.86
Kırıkkale,Merkez,Gazi Mesleki Ve Teknik Anadolu Lisesi,mesleki,297.7372,37.09,36
Kırıkkale,Merkez,Kırıkkale Atatürk Anadolu Lisesi,anadolu,388.3453,13.98,12.2
Kırıkkale,Merkez,Kırıkkale Fen Lisesi,fen,437.8047,4.75,4.46
Kırıkkale,Yahşihan,Kırıkkale Mesleki Ve Teknik Anadolu Lisesi (Endüstriyel Otomasyon Teknolojileri Alanı),mesleki,290.9681,27.98,38.32
Kırıkkale,Yahşihan,Kırıkkale Mesleki Ve Teknik Anadolu Lisesi (Makine Ve Tasarım Teknolojisi Alanı),mesleki,341.8516,27.98,22.76
Kırıkkale,Merkez,Osman Gazi Fen Lisesi,fen,414.9873,8.16,7.61
Kırıkkale,Merkez,Şehit Alpaslan Yazıcı Kız Anadolu İmam Hatip Lisesi,imamHatip,293.0551,46.31,37.59
Kırıkkale,Merkez,Şehit Nebi Gündoğan Kırıkkale Anadolu Lisesi,anadolu,369.6157,19.36,16.04
Kırklareli,Lüleburgaz,Kepirtepe Anadolu Lisesi,anadolu,399.0549,10.86,10.25
Kırklareli,Merkez,Kırklareli Anadolu İmam Hatip Lisesi,imamHatip,273.7995,74.4,44.72
Kırklareli,Merkez,Kırklareli Fen Lisesi,fen,417.6584,7.5,7.2
Kırklareli,Merkez,Kırklareli Türkiye Odalar Ve Borsalar Birliği Sosyal Bilimler Lisesi,sosyal,327.2016,23.9,26.79
Kırklareli,Lüleburgaz,Lüleburgaz Anadolu İmam Hatip Lisesi,imamHatip,188.4151,87.58,93.13
Kırklareli,Lüleburgaz,Lüleburgaz Mesleki Ve Teknik Anadolu Lisesi (Bilişim Teknolojileri Alanı),mesleki,237.8689,66.83,61.64
Kırklareli,Lüleburgaz,Lüleburgaz Mesleki Ve Teknik Anadolu Lisesi (Makine Ve Tasarım Teknolojisi Alanı),mesleki,224.9194,66.83,69.62
Kırklareli,Lüleburgaz,Lüleburgaz Ramazan Yaman Fen Lisesi,fen,434.2952,4.98,4.89
Kırklareli,Merkez,Mimar Sinan Mesleki Ve Teknik Anadolu Lisesi (Elektrik-Elektronik Teknolojisi Alanı),mesleki,239.5362,65.86,61.15
Kırklareli,Merkez,Mimar Sinan Mesleki Ve Teknik Anadolu Lisesi (Makine Ve Tasarım Teknolojisi Alanı),mesleki,218.8571,65.86,73.74
Kırklareli,Babaeski,Şehit Turgay Süzgen Anadolu İmam Hatip Lisesi,imamHatip,178.9752,85.53,95.44
Kırşehir,Merkez,Abdulkadir Özcan Anadolu İmam Hatip Lisesi,imamHatip,346.7033,24.35,21.49
Kırşehir,Merkez,Fatımatüz Zehra Kız Anadolu İmam Hatip Lisesi,imamHatip,313.2086,29.4,30.99
Kırşehir,Kaman,Kaman Anadolu İmam Hatip Lisesi,imamHatip,181.0134,84.51,95.25
Kırşehir,Kaman,Kaman Borsa İstanbul Fen Lisesi,fen,376.0719,15.05,14.67
Kırşehir,Merkez,Kırşehir Ahi Evran Anadolu Lisesi,anadolu,427.7745,5.57,5.69
Kırşehir,Merkez,Kırşehir Mesleki Ve Teknik Anadolu Lisesi (Makine Ve Tasarım Teknolojisi Alanı),mesleki,242.7562,50.84,58.92
Kırşehir,Merkez,Kırşehir Mesleki Ve Teknik Anadolu Lisesi (Elektrik-Elektronik Teknolojisi Alanı),mesleki,259.1503,50.84,50.88
Kırşehir,Merkez,Kırşehir Sosyal Bilimler Lisesi,sosyal,399.3026,9.65,10.21
Kırşehir,Merkez,Prof.Dr.İlhan Kılıçözlü Fen Lisesi,fen,455.678,2.45,2.49
Kırşehir,Merkez,Toki Turizm Mesleki Ve Teknik Anadolu Lisesi (Yiyecek İçecek Hizmetleri Alanı),mesleki,230.6936,61.17,65.92
Kırşehir,Merkez,Toki Turizm Mesleki Ve Teknik Anadolu Lisesi (Konaklama Ve Seyahat Hizmetleri Alanı),mesleki,177.4946,61.17,96.99
Kocaeli,Çayırova,15 Temmuz Şehitler Fen Lisesi,fen,429.9753,5.79,5.46
Kocaeli,İzmit,24 Kasım Anadolu Lisesi,anadolu,408.498,8.99,8.68
Kocaeli,Kartepe,Akçakoca Turizm Mesleki Ve Teknik Anadolu Lisesi (Yiyecek İçecek Hizmetleri Alanı),mesleki,219.3102,64.32,73.43
Kocaeli,Kartepe,Akçakoca Turizm Mesleki Ve Teknik Anadolu Lisesi (Konaklama Ve Seyahat Hizmetleri Alanı),mesleki,207.5857,83.06,81.64
Kocaeli,Gölcük,Anadolu Kalkınma Vakfı Kız Mesleki Ve Teknik Anadolu Lisesi,mesleki,196.8214,90.64,88.69
Kocaeli,İzmit,Atatürk Mesleki Ve Teknik Anadolu Lisesi (Elektrik-Elektronik Teknolojisi Alanı),mesleki,215.6511,75.45,75.53
Kocaeli,İzmit,Atatürk Mesleki Ve Teknik Anadolu Lisesi (Yenilenebilir Enerji Teknolojileri Alanı),mesleki,183.7005,91.52,95.08
Kocaeli,Başiskele,Bahçecik Mesleki Ve Teknik Anadolu Lisesi,mesleki,190.9221,91.03,91.92
Kocaeli,Başiskele,Başiskele Şehit Ozan Özen Kız Anadolu İmam Hatip Lisesi (Fen Ve Sosyal Bilimler Programı),imamHatip,363.8696,16.56,17.32
Kocaeli,Başiskele,Başiskele Şehit Ozan Özen Kız Anadolu İmam Hatip Lisesi (Aihl Çocuk Gelişimi Ve Eğitimi Programı),imamHatip,266.5416,28.98,47.68
Kocaeli,Başiskele,Başiskele Selim Yürekten Mesleki Ve Teknik Anadolu Lisesi (Uçak Bakım Alanı),mesleki,325.0812,26.2,27.3
Kocaeli,Başiskele,Başiskele Selim Yürekten Mesleki Ve Teknik Anadolu Lisesi (Elektrik-Elektronik Teknolojisi Alanı),mesleki,246.6053,55.98,56.9
Kocaeli,Çayırova,Çayırova Anadolu Lisesi,anadolu,401.0018,10.65,10.05
Kocaeli,Gebze,Çelik İhracatçıları Birliği Ali Nuri Çolakoğlu Mesleki Ve Teknik Anadolu Lisesi,mesleki,171.1252,87.85,98.33
Kocaeli,Derince,Çınarlı Mesleki Ve Teknik Anadolu Lisesi,mesleki,248.1981,50.67,56.08
Kocaeli,Darıca,Darıca Aslan Çimento Mesleki Ve Teknik Anadolu Lisesi,mesleki,185.7905,81.05,94.28
Kocaeli,Darıca,Darıca Fen Lisesi,fen,442.6276,4.54,3.89
Kocaeli,Darıca,Deniz Yıldızları Mesleki Ve Teknik Anadolu Lisesi (Bilişim Teknolojileri Alanı),mesleki,317.3194,24.89,29.71
Kocaeli,Darıca,Deniz Yıldızları Mesleki Ve Teknik Anadolu Lisesi (Endüstriyel Otomasyon Teknolojileri Alanı),mesleki,311.5417,29.73,31.5
Kocaeli,Derince,Derince Kız Anadolu İmam Hatip Lisesi,imamHatip,268.565,49.06,46.83
Kocaeli,Kartepe,Ertuğrulgazi Anadolu Lisesi,anadolu,409.9007,9.27,8.42
Kocaeli,Gölcük,Eyüp Sultan Anadolu İmam Hatip Lisesi,imamHatip,191.4259,,91.67
Kocaeli,Kartepe,Fevziye Tezcan Mesleki Ve Teknik Anadolu Lisesi,mesleki,207.0043,,82.04
Kocaeli,Dilovası,Gebkim Mesleki Ve Teknik Anadolu Lisesi,mesleki,292.3872,38.72,37.82
Kocaeli,Gebze,Gebze Anadolu İmam Hatip Lisesi,imamHatip,174.981,90.34,97.58
Kocaeli,Gebze,Gebze Kız Anadolu İmam Hatip Lisesi (Aihl Çocuk Gelişimi Ve Eğitimi Programı),imamHatip,269.474,73.67,46.46
Kocaeli,Gebze,Gebze Kız Anadolu İmam Hatip Lisesi (Fen Ve Sosyal Bilimler Programı),imamHatip,342.4832,24.15,22.59
Kocaeli,Gebze,Gebze Mesleki Ve Teknik Anadolu Lisesi (Bilişim Teknolojileri Alanı),mesleki,271.8383,31.06,45.5
Kocaeli,Gebze,Gebze Mesleki Ve Teknik Anadolu Lisesi (Biyomedikal Cihaz Teknolojileri Alanı),mesleki,231.1411,52.8,65.65
Kocaeli,Gebze,Gebze Stfa Mesleki Ve Teknik Anadolu Lisesi,mesleki,227.1061,73.48,68.2
Kocaeli,Gölcük,Gölcük Anadolu Lisesi,anadolu,394.2442,12.68,11.09
Kocaeli,Gölcük,Gölcük Fen Lisesi,fen,447.7716,3.43,3.33
Kocaeli,Gölcük,Gölcük Kız Anadolu İmam Hatip Lisesi,imamHatip,157.4652,86.75,100
Kocaeli,Çayırova,Gosb-Tadım Jale Yücel Mesleki Ve Teknik Anadolu Lisesi,mesleki,168.7798,86.55,98.68
Kocaeli,Çayırova,Hatice Bayraktar Mesleki Ve Teknik Anadolu Lisesi,mesleki,261.657,52.83,50.05
Kocaeli,İzmit,İzmit Anadolu İmam Hatip Lisesi,imamHatip,313.3615,33.23,30.94
Kocaeli,İzmit,İzmit Mesleki Ve Teknik Anadolu Lisesi (BİLİŞİM TEKNOLOJİLERİ ALANI (SINAVLI)),mesleki,233.8839,,63.98
Kocaeli,İzmit,İzmit Mesleki Ve Teknik Anadolu Lisesi (Endüstriyel Otomasyon Teknolojileri Alanı),mesleki,272.5817,30.65,45.2
Kocaeli,İzmit,İzmit Mesleki Ve Teknik Anadolu Lisesi (ELEKTRİK-ELEKTRONİK TEKNOLOJİSİ ALANI (SINAVLI)),mesleki,242.376,,59.14
Kocaeli,İzmit,İzmit Mesleki Ve Teknik Anadolu Lisesi (Makine Ve Tasarım Teknolojisi Alanı),mesleki,294.7027,40.02,37.02
Kocaeli,İzmit,İzmit Mesleki Ve Teknik Anadolu Lisesi (KİMYA TEKNOLOJİSİ ALANI (SINAVLI)),mesleki,196.8765,,88.66
Kocaeli,İzmit,İzmit Mesleki Ve Teknik Anadolu Lisesi (MAKİNE VE TASARIM TEKNOLOJİSİ ALANI),mesleki,259.7239,,50.62
Kocaeli,İzmit,İzmit Mesleki Ve Teknik Anadolu Lisesi (MOTORLU ARAÇLAR TEKNOLOJİSİ ALANI),mesleki,245.3323,,57.57
Kocaeli,İzmit,İzmit Mesleki Ve Teknik Anadolu Lisesi (Motorlu Araçlar Teknolojisi Alanı),mesleki,236.4672,91.52,62.45
Kocaeli,Kandıra,Kandıra Akçakoca Anadolu Lisesi,anadolu,319.3971,30.27,29.09
Kocaeli,İzmit,Kanuni Mesleki Ve Teknik Anadolu Lisesi,mesleki,314.0313,27.72,30.73
Kocaeli,Gebze,Kanuni Sosyal Bilimler Lisesi,sosyal,373.1277,14.68,15.29
Kocaeli,Karamürsel,Karamürsel Akçakoca Anadolu İmam Hatip Lisesi,imamHatip,331.1484,30.24,25.65
Kocaeli,Karamürsel,Karamürsel Anadolu Lisesi,anadolu,350.0793,24.62,20.63
Kocaeli,Kartepe,Kartepe Mesleki Ve Teknik Anadolu Lisesi,mesleki,176.5618,90.39,97.23
Kocaeli,Kartepe,Kocaeli Ali Fuat Başgil Sosyal Bilimler Lisesi,sosyal,381.3164,13.83,13.58
Kocaeli,Başiskele,Kocaeli Anadolu Lisesi,anadolu,406.5154,9.53,8.98
Kocaeli,İzmit,Kocaeli Fen Lisesi,fen,477.6888,0.9,0.78
Kocaeli,Körfez,Körfez Emlak Konut Anadolu İmam Hatip Lisesi,imamHatip,173.2554,91.49,97.93
Kocaeli,Körfez,Körfez Mesleki Ve Teknik Anadolu Lisesi (Makine Ve Tasarım Teknolojisi Alanı),mesleki,161.2353,88.8,99.76
Kocaeli,Körfez,Körfez Mesleki Ve Teknik Anadolu Lisesi (Elektrik-Elektronik Teknolojisi Alanı),mesleki,205.0436,85,83.37
Kocaeli,Körfez,Med Marine Tuncer Şen Fen Lisesi,fen,439.7498,4.47,4.22
Kocaeli,İzmit,"Mehmet Akif Ersoy Kız Anadolu İmam Hatip Lisesi (Fen Ve Sosyal Bilimler Programı, İngilizce)",imamHatip,412.9369,8.3,7.94
Kocaeli,İzmit,"Mehmet Akif Ersoy Kız Anadolu İmam Hatip Lisesi (Fen Ve Sosyal Bilimler Programı, Arapça)",imamHatip,397.3635,11.38,10.54
Kocaeli,Gebze,Mehmet Tuğrul Tekbulut Mesleki Ve Teknik Anadolu Lisesi (Siber Güvenlik Alanı),mesleki,377.0188,15.43,14.58
Kocaeli,Gebze,Mehmet Tuğrul Tekbulut Mesleki Ve Teknik Anadolu Lisesi (Bilişim Teknolojileri Alanı),mesleki,363.4599,16.56,17.41
Kocaeli,Gebze,Mehmet Tuğrul Tekbulut Mesleki Ve Teknik Anadolu Lisesi (Bilişim Teknolojileri Alanı) (2),mesleki,332.7038,20.75,25.23
Kocaeli,Derince,Merkez Bankası Derince Anadolu Lisesi,anadolu,428.7575,5.52,5.62
Kocaeli,Gebze,Mevlana Meslekî Ve Teknik Anadolu Lisesi,anadolu,197.862,75.11,88.06
Kocaeli,İzmit,Muammer Dereli Fen Lisesi,fen,466.8967,1.79,1.51
Kocaeli,Başiskele,Müzehhibe Fatma Aydın Kız Anadolu İmam Hatip Lisesi,imamHatip,357.5924,19.91,18.78
Kocaeli,İzmit,Necip Fazıl Kısakürek Anadolu İmam Hatip Lisesi,imamHatip,394.6138,12.55,11.02
Kocaeli,Gebze,Pagev Mesleki Ve Teknik Anadolu Lisesi,mesleki,175.4282,88.48,97.49
Kocaeli,İzmit,Sabancı Mesleki Ve Teknik Anadolu Lisesi (Elektrik-Elektronik Teknolojisi Alanı),mesleki,335.4239,23.91,24.49
Kocaeli,İzmit,Sabancı Mesleki Ve Teknik Anadolu Lisesi (Bilişim Teknolojileri Alanı),mesleki,352.7945,18.33,19.95
Kocaeli,Çayırova,Şehit Er Mücahit Okur Anadolu İmam Hatip Lisesi,imamHatip,221.1149,85,72.17
Kocaeli,Başiskele,Şehit Fatih Sultan Karaaslan Anadolu İmam Hatip Lisesi,imamHatip,181.8113,,95.25
Kocaeli,Darıca,Şehit Hasan Kaya Kız Anadolu İmam Hatip Lisesi,imamHatip,385.0059,12.81,12.84
Kocaeli,Dilovası,Şehit İlimdar Atasoy Anadolu İmam Hatip Lisesi,imamHatip,185.1639,90.39,94.53
Kocaeli,İzmit,Şehit Öğretmen Ergin Komut Mesleki Ve Teknik Anadolu Lisesi,mesleki,186.7378,,93.95
Kocaeli,Gebze,Şehit Öğretmen Necmeddin Kuyucu Anadolu Lisesi,anadolu,415.7312,8.15,7.49
Kocaeli,Derince,Şehit Osman Gazi Çetingöz Anadolu İmam Hatip Lisesi,imamHatip,189.7279,91.14,92.51
Kocaeli,İzmit,Şehit Özcan Kan Fen Lisesi,fen,457.8243,2.33,2.29
Kocaeli,Gölcük,Şehit Volkan Tantürk Mesleki Ve Teknik Anadolu Lisesi (Mobilya Ve İç Mekân Tasarımı Alanı),mesleki,222.7849,69.81,71.04
Kocaeli,Gölcük,Şehit Volkan Tantürk Mesleki Ve Teknik Anadolu Lisesi (Metal Teknolojisi Alanı),mesleki,229.0918,66.61,66.94
Kocaeli,Gölcük,Şehit Volkan Tantürk Mesleki Ve Teknik Anadolu Lisesi (Gemi Yapımı Alanı),mesleki,243.4539,60.05,58.55
Kocaeli,Gölcük,Şehit Volkan Tantürk Mesleki Ve Teknik Anadolu Lisesi (Makine Ve Tasarım Teknolojisi Alanı),mesleki,246.127,,57.16
Kocaeli,Gölcük,Şehit Volkan Tantürk Mesleki Ve Teknik Anadolu Lisesi (Elektrik-Elektronik Teknolojisi Alanı),mesleki,263.2409,53.14,49.07
Kocaeli,Gölcük,Şehit Volkan Tantürk Mesleki Ve Teknik Anadolu Lisesi (Makine Ve Tasarım Teknolojisi Alanı) (2),mesleki,296.743,,36.33
Kocaeli,Gölcük,Şehit Volkan Tantürk Mesleki Ve Teknik Anadolu Lisesi (Bilişim Teknolojileri Alanı),mesleki,279.9237,41.29,42.33
Kocaeli,Başiskele,Servetiye Cephesi Anadolu Lisesi,anadolu,424.5394,6.86,6.25
Kocaeli,Darıca,Sırasöğütler Anadolu Lisesi,anadolu,410.9545,9,8.25
Kocaeli,Körfez,Yarımca Anadolu Lisesi,anadolu,404.0204,11.04,9.39
Kocaeli,Dilovası,Yılport Ulaştırma Hizmetleri Mesleki Ve Teknik Anadolu Lisesi (Muhasebe Ve Finansman Alanı),mesleki,191.2525,86.32,91.75
Kocaeli,Dilovası,Yılport Ulaştırma Hizmetleri Mesleki Ve Teknik Anadolu Lisesi (Ulaştırma Hizmetleri Alanı),mesleki,164.0188,92.83,99.36
Kocaeli,Dilovası,Yılport Ulaştırma Hizmetleri Mesleki Ve Teknik Anadolu Lisesi (Pazarlama Ve Perakende Alanı),mesleki,165.8706,90.4,99.1
Kocaeli,Gebze,Yücel Boru Fen Lisesi,fen,453.2254,3.01,2.74
Kocaeli,İzmit,Yunus Emre Kız Anadolu İmam Hatip Lisesi,imamHatip,197.3687,71.57,88.36
Konya,Selçuklu,Adil Karaağaç Mesleki Ve Teknik Anadolu Lisesi (Kimya Teknolojisi Alanı),mesleki,285.5651,18.08,40.23
Konya,Selçuklu,Adil Karaağaç Mesleki Ve Teknik Anadolu Lisesi (Endüstriyel Otomasyon Teknolojileri Alanı),mesleki,354.5555,18.08,19.51
Konya,Selçuklu,Adil Karaağaç Mesleki Ve Teknik Anadolu Lisesi (Elektrik-Elektronik Teknolojisi Alanı),mesleki,364.9731,18.08,17.07
Konya,Selçuklu,Adil Karaağaç Mesleki Ve Teknik Anadolu Lisesi (Bilişim Teknolojileri Alanı),mesleki,338.5276,18.08,23.64
Konya,Selçuklu,Adil Karaağaç Mesleki Ve Teknik Anadolu Lisesi (Elektrik-Elektronik Teknolojisi Alanı) (2),mesleki,347.009,18.08,21.41
Konya,Selçuklu,Adil Karaağaç Mesleki Ve Teknik Anadolu Lisesi (Bilişim Teknolojileri Alanı) (2),mesleki,366.3405,18.08,16.77
Konya,Selçuklu,Adil Karaağaç Mesleki Ve Teknik Anadolu Lisesi (Endüstriyel Otomasyon Teknolojileri Alanı) (2),mesleki,387.8821,18.08,12.29
Konya,Akşehir,Akşehir Hacı Sıddıka Baysal Fen Lisesi,fen,420.9202,6.65,6.79
Konya,Akşehir,Akşehir Tarık Buğra Sosyal Bilimler Lisesi,sosyal,328.594,26.54,26.38
Konya,Akşehir,Akşehir Tarık Buğra Sosyal Bilimler Lisesi (2),sosyal,353.6131,22.07,19.75
Konya,Selçuklu,Aselsan Konya Meslekî Ve Teknik Anadolu Lisesi (Makine Ve Tasarım Teknolojisi Alanı),anadolu,443.3725,4.28,3.8
Konya,Selçuklu,Aselsan Konya Meslekî Ve Teknik Anadolu Lisesi (Elektrik-Elektronik Teknolojisi Alanı),anadolu,450.2568,3.41,3.04
Konya,Selçuklu,Atatürk Mesleki Ve Teknik Anadolu Lisesi,mesleki,343.1786,23.35,22.41
Konya,Selçuklu,Ayşe - Kemal İnanç Kız Anadolu İmam Hatip Lisesi (Fen Ve Sosyal Bilimler Programı),imamHatip,364.0778,17.38,17.27
Konya,Selçuklu,Ayşe - Kemal İnanç Kız Anadolu İmam Hatip Lisesi (FEN VE SOSYAL BİLİMLER PROGRAMI),imamHatip,381.4071,,13.57
Konya,Beyşehir,Beyşehir Anadolu İmam Hatip Lisesi,imamHatip,238.362,82.65,61.36
Konya,Beyşehir,Beyşehir Cahit Zarifoğlu Anadolu Lisesi,anadolu,366.2876,17.93,16.77
Konya,Bozkır,Bozkır Anadolu Lisesi,anadolu,297.3932,27.43,36.12
Konya,Selçuklu,Buhari Kız Anadolu İmam Hatip Lisesi,imamHatip,350.8315,21.28,20.43
Konya,Karatay,Celaleddin Karatay Tarım Mesleki Ve Teknik Anadolu Lisesi (Hayvan Yetiştiriciliği Ve Sağlığı),mesleki,170.7545,89.46,98.39
Konya,Karatay,Celaleddin Karatay Tarım Mesleki Ve Teknik Anadolu Lisesi (Laboratuvar Hizmetleri Alanı),mesleki,202.6843,78.06,84.95
Konya,Karatay,Celaleddin Karatay Tarım Mesleki Ve Teknik Anadolu Lisesi (Tarım Alanı),mesleki,169.115,86.37,98.63
Konya,Cihanbeyli,Cihanbeyli Anadolu İmam Hatip Lisesi,imamHatip,199.2923,87.1,87.16
Konya,Cihanbeyli,Cihanbeyli Güven Belgin Fen Lisesi,fen,342.4662,21.76,22.6
Konya,Çumra,Çumra Anadolu İmam Hatip Lisesi,imamHatip,164.654,77.91,99.27
Konya,Çumra,Çumra Çatalhöyük Tarım Mesleki Ve Teknik Anadolu Lisesi,mesleki,176.8682,88.94,97.15
Konya,Çumra,Çumra Kız Anadolu İmam Hatip Lisesi,imamHatip,330.6396,27.25,25.65
Konya,Karatay,Çumralıoğlu Vakfı Anadolu İmam Hatip Lisesi,imamHatip,308.5455,33.57,32.45
Konya,Doğanhisar,Doğanhisar Anadolu İmam Hatip Lisesi,imamHatip,187.6105,87.72,93.95
Konya,Selçuklu,Dolapoğlu Anadolu Lisesi (Almanca),anadolu,429.4392,5.82,5.53
Konya,Selçuklu,Dolapoğlu Anadolu Lisesi (İngilizce),anadolu,428.0072,6.01,5.69
Konya,Ereğli,Ereğli Fen Lisesi,fen,429.4603,5.76,5.52
Konya,Ereğli,Ereğli Lisesi,anadolu,389.9627,11.98,11.9
Konya,Ereğli,Ereğli Mesleki Ve Teknik Anadolu Lisesi,mesleki,221.3223,70.4,72.04
Konya,Selçuklu,Fatih Mesleki Ve Teknik Anadolu Lisesi (İnşaat Teknolojisi Alanı),mesleki,190.4757,90.87,92.15
Konya,Selçuklu,Fatih Mesleki Ve Teknik Anadolu Lisesi (Harita-Tapu-Kadastro Alanı),mesleki,170.5356,88.76,98.43
Konya,Ereğli,Fatih Mesleki Ve Teknik Anadolu Lisesi,mesleki,269.54,34.53,46.43
Konya,Beyşehir,Fetullah Bayır Fen Lisesi,fen,411.2037,8.81,8.21
Konya,Karatay,"Hacıveyiszade Anadolu İmam Hatip Lisesi (Fen Ve Sosyal Bilimler Programı, İngilizce, 4 yıl)",imamHatip,372.5753,16.99,15.41
Konya,Karatay,"Hacıveyiszade Anadolu İmam Hatip Lisesi (Fen Ve Sosyal Bilimler Programı, Farsça, 5 yıl)",imamHatip,373.1673,24.99,15.28
Konya,Çumra,Haydar-Fadim Kocaer Fen Lisesi,fen,393.0034,12.59,11.32
Konya,Beyşehir,Huğlu Savunma Sanayi Mesleki Ve Teknik Anadolu Lisesi,mesleki,205.6902,77.82,82.93
Konya,Ilgın,Ilgın Şehit Bekir Şenyiğit Anadolu İmam Hatip Lisesi,imamHatip,346.4945,21.68,21.54
Konya,Ilgın,Ilgın Ticaret Borsası Fen Lisesi,fen,403.0458,9.68,9.56
Konya,Ereğli,İvriz Sosyal Bilimler Lisesi,sosyal,361.652,19.6,17.83
Konya,Ereğli,İvriz Sosyal Bilimler Lisesi (2),sosyal,335.8768,27.4,24.37
Konya,Ereğli,İvriz Tarım Mesleki Ve Teknik Anadolu Lisesi,mesleki,156.3958,90.32,100
Konya,Kadınhanı,Kadınhanı Zeki Altındağ Anadolu Lisesi,anadolu,276.8075,38.37,43.52
Konya,Karapınar,Karapınar İbrahim Gündüz Anadolu Lisesi,anadolu,363.2831,18.15,17.46
Konya,Karapınar,Karapınar Murat Kurum Fen Lisesi,fen,407.6805,8.84,8.79
Konya,Karatay,Karatay Aykent Mesleki Ve Teknik Anadolu Lisesi (Grafik Ve Fotoğraf Alanı),mesleki,174.5342,76.89,97.67
Konya,Karatay,Karatay Aykent Mesleki Ve Teknik Anadolu Lisesi (Kimya Teknolojisi Alanı),mesleki,221.8687,87.77,71.67
Konya,Karatay,Karatay Borsa İstanbul Gazi Mustafa Kemal Turizm Mesleki Ve Teknik Anadolu Lisesi (Yiyecek İçecek Hizmetleri Alanı),mesleki,248.0975,55.75,56.13
Konya,Karatay,Karatay Borsa İstanbul Gazi Mustafa Kemal Turizm Mesleki Ve Teknik Anadolu Lisesi (Konaklama Ve Seyahat Hizmetleri Alanı),mesleki,228.8568,64.84,67.08
Konya,Karatay,Karatay Fen Lisesi,fen,455.6875,2.56,2.49
Konya,Karatay,Karatay Ticaret Mesleki Ve Teknik Anadolu Lisesi,mesleki,253.0644,43.54,53.69
Konya,Karatay,Karatay Toki Anadolu Lisesi,anadolu,419.649,7.16,6.95
Konya,Karatay,Kılıçarslan Borsa İstanbul Mesleki Ve Teknik Anadolu Lisesi (Makine Ve Tasarım Teknolojisi Alanı),mesleki,327.9236,35.02,26.59
Konya,Karatay,Kılıçarslan Borsa İstanbul Mesleki Ve Teknik Anadolu Lisesi (Siber Güvenlik Alanı),mesleki,374.0643,16.36,15.09
Konya,Karatay,Kılıçarslan Borsa İstanbul Mesleki Ve Teknik Anadolu Lisesi (Bilişim Teknolojileri Alanı),mesleki,352.613,20.37,20
Konya,Karatay,"Konya Anadolu İmam Hatip Lisesi (Fen Ve Sosyal Bilimler Programı, 4 yıl)",imamHatip,416.004,9.03,7.45
Konya,Karatay,"Konya Anadolu İmam Hatip Lisesi (Fen Ve Sosyal Bilimler Programı, 5 yıl)",imamHatip,427.0793,7.4,5.85
Konya,Meram,Konya Lisesi,anadolu,404.0518,9.43,9.39
Konya,Meram,Konya Mesleki Ve Teknik Anadolu Lisesi (Biyomedikal Cihaz Teknolojileri Alanı),mesleki,238.4352,56.4,61.32
Konya,Meram,Konya Mesleki Ve Teknik Anadolu Lisesi (Makine Ve Tasarım Teknolojisi Alanı),mesleki,210.6075,89.2,79.55
Konya,Meram,Konya Mesleki Ve Teknik Anadolu Lisesi (Elektrik-Elektronik Teknolojisi Alanı),mesleki,263.5173,51.19,48.96
Konya,Meram,Konya Mesleki Ve Teknik Anadolu Lisesi (BİLİŞİM TEKNOLOJİLERİ ALANI),mesleki,255.2479,,52.67
Konya,Karatay,Konya Türk Telekom Sosyal Bilimler Lisesi,sosyal,384.0949,13,13.02
Konya,Kulu,Kulu Anadolu Lisesi,anadolu,314.5006,33.54,30.58
Konya,Kulu,Kulu Fahrettin Koca Fen Lisesi,fen,385.3298,13.63,12.79
Konya,Kulu,Kulu Şehitleri Kız Anadolu İmam Hatip Lisesi,imamHatip,199.0633,79.57,87.31
Konya,Selçuklu,Mahmud Celaleddin Ökten Anadolu İmam Hatip Lisesi,imamHatip,290.855,38.67,38.36
Konya,Selçuklu,"Mahmut Sami Ramazanoğlu Anadolu İmam Hatip Lisesi (Fen Ve Sosyal Bilimler Programı, 5 yıl)",imamHatip,473.1701,1.28,1.07
Konya,Selçuklu,"Mahmut Sami Ramazanoğlu Anadolu İmam Hatip Lisesi (Fen Ve Sosyal Bilimler Programı, 4 yıl)",imamHatip,454.4389,3.22,2.61
Konya,Sarayönü,Mehmet Büyükeğen Kız Anadolu İmam Hatip Lisesi,imamHatip,196.6901,86.24,88.76
Konya,Selçuklu,Mehmet Tuza Pakpen Mesleki Ve Teknik Anadolu Lisesi (Metal Teknolojisi Alanı),mesleki,358.1863,17.34,18.64
Konya,Selçuklu,Mehmet Tuza Pakpen Mesleki Ve Teknik Anadolu Lisesi (Makine Ve Tasarım Teknolojisi Alanı),mesleki,403.7956,10.85,9.43
Konya,Selçuklu,Mehmet Tuza Pakpen Mesleki Ve Teknik Anadolu Lisesi (Endüstriyel Otomasyon Teknolojileri Alanı),mesleki,414.5589,8.47,7.68
Konya,Meram,Meram Anadolu Lisesi,anadolu,449.1261,3.38,3.16
Konya,Meram,Meram Fen Lisesi,fen,477.0937,0.89,0.81
Konya,Selçuklu,Mustafa Büyükkaplan Anadolu İmam Hatip Lisesi,imamHatip,425.5237,6.47,6.05
Konya,Akşehir,Nasrettin Hoca Mesleki Ve Teknik Anadolu Lisesi (Makine Ve Tasarım Teknolojisi Alanı),mesleki,176.3578,85.81,97.29
Konya,Akşehir,Nasrettin Hoca Mesleki Ve Teknik Anadolu Lisesi (Elektrik-Elektronik Teknolojisi Alanı),mesleki,218.7221,70.24,73.84
Konya,Karapınar,Osman Hulusi Ateş Kız Anadolu İmam Hatip Lisesi,imamHatip,283.1436,50.07,41.11
Konya,Selçuklu,Osman Nuri Hekimoğlu Anadolu Lisesi,anadolu,434.3531,4.7,4.88
Konya,Karatay,Prof.Dr.Ömer Dinçer Kız Anadolu İmam Hatip Lisesi,imamHatip,379.662,16.5,13.92
Konya,Meram,Rukiye Mehmet Akış Fen Ve Teknoloji Anadolu İmam Hatip Lisesi,imamHatip,356.6187,34.53,19.02
Konya,Sarayönü,Sarayönü Mehmet-Emine Akdoğan Anadolu Lisesi,anadolu,265.1736,52.18,48.25
Konya,Ereğli,Şehit Emre Dut Kız Anadolu İmam Hatip Lisesi,imamHatip,304.2713,35.4,33.82
Konya,Meram,Şehit Mehmet- Lütfi Gülşen Anadolu İmam Hatip Lisesi,imamHatip,329.9806,28.35,25.99
Konya,Seydişehir,Şehit Muhsin Kiremitçi Fen Lisesi,fen,405.3358,8.55,9.17
Konya,Ereğli,Şehit Nurullah Seçen Anadolu İmam Hatip Lisesi,imamHatip,301.0413,42.06,34.9
Konya,Beyşehir,Şehit Türkan Tekin Kız Anadolu İmam Hatip Lisesi,imamHatip,296.8722,82.65,36.29
Konya,Akşehir,Şehit Zeynep Sağır Anadolu İmam Hatip Lisesi,imamHatip,380.8546,16.62,13.67
Konya,Selçuklu,Selçuklu Anadolu Lisesi,anadolu,438.6398,5.23,4.36
Konya,Selçuklu,Selçuklu Fen Lisesi,fen,465.4706,1.86,1.63
Konya,Selçuklu,Selçuklu Mesleki Ve Teknik Anadolu Lisesi (Makine Ve Tasarım Teknolojisi Alanı),mesleki,296.7011,35.68,36.35
Konya,Selçuklu,Selçuklu Mesleki Ve Teknik Anadolu Lisesi (Bilişim Teknolojileri Alanı),mesleki,292.6751,32.59,37.72
Konya,Selçuklu,Selçuklu Mesleki Ve Teknik Anadolu Lisesi (Elektrik-Elektronik Teknolojisi Alanı),mesleki,304.5653,37.13,33.73
Konya,Seydişehir,Seydişehir Anadolu İmam Hatip Lisesi,imamHatip,204.9367,82.02,83.44
Konya,Seydişehir,Seydişehir Mesleki Ve Teknik Anadolu Lisesi (Elektrik-Elektronik Teknolojisi Alanı),mesleki,191.3573,79.42,91.7
Konya,Seydişehir,Seydişehir Mesleki Ve Teknik Anadolu Lisesi (Makine Ve Tasarım Teknolojisi Alanı),mesleki,170.4149,84.93,98.44
Konya,Seydişehir,Seydişehir Mesleki Ve Teknik Anadolu Lisesi (ELEKTRİK-ELEKTRONİK TEKNOLOJİSİ ALANI),mesleki,237.1008,,62.09
Konya,Seydişehir,Seydişehir Seyyid Harun Anadolu Lisesi,anadolu,377.4105,13.06,14.58
Konya,Meram,Şükrü Doruk Kız Anadolu İmam Hatip Lisesi,imamHatip,399.9948,11.72,10.09
Konya,Meram,Tahir Büyükkörükçü Anadolu İmam Hatip Lisesi,imamHatip,383.586,15.08,13.12
Konya,Ereğli,Toki Şehit Hidayet Erdoğan Turizm Mesleki Ve Teknik Anadolu Lisesi (Konaklama Ve Seyahat Hizmetleri Alanı),mesleki,217.5956,70.56,74.61
Konya,Ereğli,Toki Şehit Hidayet Erdoğan Turizm Mesleki Ve Teknik Anadolu Lisesi (Yiyecek İçecek Hizmetleri Alanı),mesleki,228.8488,70.56,67.09
Konya,Karatay,Türk Anadolu Vakfı Hafız Kız Anadolu İmam Hatip Lisesi,imamHatip,258.0444,88.71,51.38
Konya,Selçuklu,Türk Telekom Mesleki Ve Teknik Anadolu Lisesi (ELEKTRİK-ELEKTRONİK TEKNOLOJİSİ ALANI),mesleki,296.6955,,36.35
Konya,Selçuklu,Türk Telekom Mesleki Ve Teknik Anadolu Lisesi (Bilişim Teknolojileri Alanı),mesleki,311.0678,28.81,31.56
Konya,Selçuklu,Uluslararası Mevlana Anadolu İmam Hatip Lisesi,imamHatip,362.5939,19.16,17.62
Konya,Beyşehir,Üzümlü Savunma Sanayi Mesleki Ve Teknik Anadolu Lisesi,mesleki,163.5137,91.69,99.43
Konya,Yunak,Yunak Anadolu İmam Hatip Lisesi,imamHatip,178.4524,88.54,96.32
Konya,Kadınhanı,Ziya Aydın Anadolu İmam Hatip Lisesi,imamHatip,158.9936,89.27,100
Kütahya,Merkez,Ali Güral Lisesi,anadolu,403.9122,10.12,9.41
Kütahya,Merkez,Atatürk Mesleki Ve Teknik Anadolu Lisesi,mesleki,277.1753,44.95,43.38
Kütahya,Merkez,Aysel-Selahattin Erkasap Sosyal Bilimler Lisesi,sosyal,378.8711,15.57,14.08
Kütahya,Çavdarhisar,Çavdarhisar Tarım Mesleki Ve Teknik Anadolu Lisesi (Hayvan Yetiştiriciliği Ve Sağlığı),mesleki,189.6288,86.67,92.56
Kütahya,Çavdarhisar,Çavdarhisar Tarım Mesleki Ve Teknik Anadolu Lisesi (Tarım Alanı),mesleki,196.3665,86.67,88.95
Kütahya,Merkez,Devlet Hatun Kız Mesleki Ve Teknik Anadolu Lisesi,mesleki,221.5152,88.89,71.9
Kütahya,Emet,Emet Anadolu İmam Hatip Lisesi,imamHatip,193.5673,67,90.53
Kütahya,Gediz,Gediz Anadolu İmam Hatip Lisesi,imamHatip,225.0905,80.09,69.5
Kütahya,Gediz,Gediz Fen Lisesi,fen,409.8268,9.65,8.44
Kütahya,Gediz,Gediz Kız Anadolu İmam Hatip Lisesi,imamHatip,258.7905,91.37,51.05
Kütahya,Gediz,Gediz Yunus Emre Mesleki Ve Teknik Anadolu Lisesi,mesleki,205.4163,86.1,83.12
Kütahya,Merkez,Kütahya Akşemsettin Kız Anadolu İmam Hatip Lisesi,imamHatip,361.1733,20.6,17.94
Kütahya,Merkez,Kütahya Lisesi,anadolu,376.7313,15.89,14.58
Kütahya,Merkez,Kütahya Nafi Güral Fen Lisesi,fen,459.4476,2.52,2.14
Kütahya,Merkez,Kütahya Ticaret Ve Sanayi Odası Mesleki Ve Teknik Anadolu Lisesi (Motorlu Araçlar Teknolojisi Alanı),mesleki,251.9998,49.71,54.2
Kütahya,Merkez,Kütahya Ticaret Ve Sanayi Odası Mesleki Ve Teknik Anadolu Lisesi (Elektrik-Elektronik Teknolojisi Alanı),mesleki,269.0093,49.71,46.65
Kütahya,Merkez,Necip Fazıl Kısakürek Anadolu Lisesi,anadolu,428.4366,6.52,5.66
Kütahya,Merkez,Prof. Dr. Necmettin Erbakan Mesleki Ve Teknik Anadolu Lisesi,mesleki,231.7474,71,65.27
Kütahya,Simav,Şehit Emre Üçkan Mesleki Ve Teknik Anadolu Lisesi,mesleki,177.4259,28.07,97.01
Kütahya,Merkez,Şehit Selim Cansız Anadolu İmam Hatip Lisesi,imamHatip,328.5892,24.56,26.39
Kütahya,Simav,Simav Anadolu İmam Hatip Lisesi,imamHatip,182.0399,69.51,95.25
Kütahya,Simav,Simav Fen Lisesi,fen,415.7558,8.1,7.49
Kütahya,Simav,Simav Kız Anadolu İmam Hatip Lisesi,imamHatip,284.1193,38.89,40.76
Kütahya,Tavşanlı,Tavşanlı 15 Temmuz Şehitler Fen Lisesi,fen,425.8061,5.21,6.05
Kütahya,Tavşanlı,Tavşanlı Anadolu İmam Hatip Lisesi,imamHatip,302.2988,25.53,34.48
Kütahya,Tavşanlı,Tavşanlı Borsa İstanbul Anadolu Lisesi,anadolu,364.4636,16.5,17.19
Kütahya,Tavşanlı,Tavşanlı Kız Anadolu İmam Hatip Lisesi,imamHatip,346.0455,21.28,21.66
Kütahya,Tavşanlı,Tavşanlı Mesleki Ve Teknik Anadolu Lisesi (Elektrik-Elektronik Teknolojisi Alanı),mesleki,264.9967,49.77,48.32
Kütahya,Tavşanlı,Tavşanlı Mesleki Ve Teknik Anadolu Lisesi (Makine Ve Tasarım Teknolojisi Alanı),mesleki,210.3661,49.77,79.71
Kütahya,Tavşanlı,Tavşanlı Mesleki Ve Teknik Anadolu Lisesi (Mobilya Ve İç Mekân Tasarımı Alanı),mesleki,151.5528,49.77,100
Kütahya,Tavşanlı,Tavşanlı Mesleki Ve Teknik Anadolu Lisesi (Metal Teknolojisi Alanı),mesleki,198.7183,49.77,87.53
Kütahya,Tavşanlı,Tavşanlı Mesleki Ve Teknik Anadolu Lisesi (Motorlu Araçlar Teknolojisi Alanı),mesleki,212.2531,49.77,78.37
Kütahya,Merkez,Tobb Kütahya Osb Mesleki Ve Teknik Anadolu Lisesi (Metal Teknolojisi Alanı),mesleki,308.4179,90.1,32.49
Kütahya,Merkez,Tobb Kütahya Osb Mesleki Ve Teknik Anadolu Lisesi (Makine Ve Tasarım Teknolojisi Alanı),mesleki,325.6603,90.1,27.23
Kütahya,Merkez,Tobb Kütahya Osb Mesleki Ve Teknik Anadolu Lisesi (Endüstriyel Otomasyon Teknolojileri Alanı),mesleki,353.8773,90.1,19.68
Malatya,Akçadağ,Akçadağ Fatih Fen Lisesi,fen,390.0039,12.34,11.89
Malatya,Battalgazi,Aslantepe Turizm Mesleki Ve Teknik Anadolu Lisesi (Konaklama Ve Seyahat Hizmetleri Alanı),mesleki,171.9509,88.47,98.2
Malatya,Battalgazi,Aslantepe Turizm Mesleki Ve Teknik Anadolu Lisesi (Yiyecek İçecek Hizmetleri Alanı),mesleki,173.82,88.47,97.82
Malatya,Battalgazi,Atatürk Kız Anadolu Lisesi,anadolu,175.9252,82.07,97.38
Malatya,Battalgazi,Ayşe Kazancı Mesleki Ve Teknik Anadolu Lisesi,mesleki,248.5796,54.68,55.89
Malatya,Darende,Darende Fen Lisesi,fen,352.8432,21.01,19.94
Malatya,Doğanşehir,Doğanşehir Fen Lisesi,fen,361.3708,19.36,17.9
Malatya,Doğanşehir,Doğanşehir Hüsne Küçük Anadolu İmam Hatip Lisesi,imamHatip,223.464,68.44,70.58
Malatya,Battalgazi,Enesler Fen Ve Teknoloji Anadolu İmam Hatip Lisesi,imamHatip,380.8028,15.22,13.68
Malatya,Battalgazi,Fuat Sezgin Anadolu Lisesi,anadolu,341.6991,25.68,22.8
Malatya,Battalgazi,Hacı Avni Kız Anadolu İmam Hatip Lisesi,imamHatip,288.5901,37.43,39.16
Malatya,Arapgir,Kerem Aydınlar Fen Lisesi,fen,369.1179,16.42,16.15
Malatya,Battalgazi,Malatya Anadolu İmam Hatip Lisesi,imamHatip,269.7674,45.51,46.34
Malatya,Battalgazi,Malatya Anadolu Lisesi,anadolu,435.6173,5.2,4.73
Malatya,Yeşilyurt,Malatya Erman Ilıcak Fen Lisesi,fen,472.4729,1.21,1.11
Malatya,Yeşilyurt,Malatya Fethi Gemuhluoğlu Fen Lisesi,fen,448.0129,3.18,3.28
Malatya,Battalgazi,Malatya Lisesi,anadolu,414.4916,8.76,7.69
Malatya,Battalgazi,Malatya Mehmet Ali Aydınlar Fen Lisesi,fen,458.3019,2.26,2.24
Malatya,Battalgazi,Niyazi Mısri Sosyal Bilimler Lisesi,sosyal,342.8575,22.33,22.49
Malatya,Darende,Osman Hulusi Ateş Anadolu İmam Hatip Lisesi,imamHatip,216.8363,58.32,75.14
Malatya,Yeşilyurt,Sadreddin Konevi Kız Anadolu İmam Hatip Lisesi,imamHatip,329.1612,27.44,26.22
Malatya,Yeşilyurt,Şehit Gökhan Ertan Mesleki Ve Teknik Anadolu Lisesi,mesleki,227.7958,62.87,67.75
Malatya,Battalgazi,Şehit Kemal Özalper Mesleki Ve Teknik Anadolu Lisesi,mesleki,276.3425,47.17,43.7
Malatya,Yeşilyurt,Şehriban Günata Anadolu Lisesi,anadolu,427.3399,6.06,5.81
Malatya,Yeşilyurt,Selahaddin Eyyubi Anadolu İmam Hatip Lisesi,imamHatip,390.6437,13.28,11.77
Malatya,Battalgazi,Tarım Mesleki Ve Teknik Anadolu Lisesi,mesleki,141.0899,88.93,100
Malatya,Yeşilyurt,Tecde Anadolu Lisesi,anadolu,396.9664,13.23,10.62
Malatya,Yeşilyurt,Yusuf Kenan Anadolu Lisesi,anadolu,409.7277,9.56,8.45
Manisa,Demirci,Ahi Evran Mesleki Ve Teknik Anadolu Lisesi,mesleki,199.4917,78.13,87.04
Manisa,Alaşehir,Ahmet Altan Anadolu Lisesi,anadolu,383.878,13.75,13.06
Manisa,Akhisar,Akhisar Anadolu İmam Hatip Lisesi,imamHatip,166.013,86.17,99.08
Manisa,Akhisar,Akhisar Şeyh İsa Anadolu Lisesi,anadolu,391.1012,12.24,11.67
Manisa,Alaşehir,Alaşehir Anadolu İmam Hatip Lisesi,imamHatip,279.4687,48.48,42.5
Manisa,Alaşehir,Alaşehir Borsa İstanbul Mesleki Ve Teknik Anadolu Lisesi,mesleki,213.5732,,77.61
Manisa,Alaşehir,Alaşehir Fen Lisesi,fen,432.6272,5.08,5.11
Manisa,Alaşehir,Alaşehir Şehit Evren Kara Mesleki Ve Teknik Anadolu Lisesi,mesleki,200.6375,,86.29
Manisa,Soma,Ali Uzunoğlu Anadolu İmam Hatip Lisesi,imamHatip,363.4536,17.61,17.41
Manisa,Akhisar,Aliya İzzetbegoviç Mesleki Ve Teknik Anadolu Lisesi,mesleki,259.4473,52.07,50.74
Manisa,Şehzadeler,Arif Çeler Kız Anadolu İmam Hatip Lisesi,imamHatip,195.1946,88.64,89.62
Manisa,Turgutlu,Cahit Gönlübol Kız Mesleki Ve Teknik Anadolu Lisesi,mesleki,149.9409,89.43,100
Manisa,Yunusemre,Çukurova Kimya Mesleki Ve Teknik Anadolu Lisesi,mesleki,280.5535,50.65,42.08
Manisa,Demirci,Demirci Anadolu İmam Hatip Lisesi,imamHatip,328.1232,23.08,26.53
Manisa,Kırkağaç,Eczacı Engin Ümmetoğlu Anadolu Lisesi,anadolu,276.3569,45.38,43.7
Manisa,Yunusemre,Fatih Anadolu Lisesi,anadolu,428.2682,6.19,5.68
Manisa,Gördes,Gördes Anadolu Lisesi,anadolu,277.5551,59.5,43.23
Manisa,Turgutlu,Halil Kale Fen Lisesi,fen,462.8255,1.85,1.89
Manisa,Turgutlu,Hasan Ferdi Turgutlu Mesleki Ve Teknik Anadolu Lisesi (Makine Ve Tasarım Teknolojisi Alanı),mesleki,252.5284,61.14,53.94
Manisa,Turgutlu,Hasan Ferdi Turgutlu Mesleki Ve Teknik Anadolu Lisesi (Elektrik-Elektronik Teknolojisi Alanı),mesleki,273.685,61.14,44.76
Manisa,Akhisar,Hilaliye Kız Anadolu İmam Hatip Lisesi,imamHatip,347.0101,21.08,21.41
Manisa,Akhisar,Hilaliye Şahin Yılmaz Anadolu İmam Hatip Lisesi,imamHatip,326.6169,29.37,26.9
Manisa,Akhisar,Kayhan Ergun Mesleki Ve Teknik Anadolu Lisesi,mesleki,202.6167,86.07,84.99
Manisa,Kırkağaç,Kırkağaç Anadolu İmam Hatip Lisesi,imamHatip,200.0742,89.41,86.66
Manisa,Kula,Kula Bekir Sacide Keleşoğlu Anadolu Lisesi,anadolu,347.976,22.98,21.16
Manisa,Akhisar,Macide-Ramiz Taşkınlar Fen Lisesi,fen,453.671,2.74,2.69
Manisa,Yunusemre,Manisa Fen Lisesi,fen,473.3498,1.07,1.06
Manisa,Şehzadeler,Manisa Mesleki Ve Teknik Anadolu Lisesi (Elektrik-Elektronik Teknolojisi Alanı),mesleki,242.6303,49.6,58.99
Manisa,Şehzadeler,Manisa Mesleki Ve Teknik Anadolu Lisesi (Makine Ve Tasarım Teknolojisi Alanı),mesleki,233.2716,49.6,64.34
Manisa,Yunusemre,Manisa Sosyal Bilimler Lisesi,sosyal,382.5298,13.76,13.34
Manisa,Yunusemre,Manisa Tobb Bülent Koşmaz Fen Lisesi,fen,450.395,3.14,3.02
Manisa,Yunusemre,Merkez Efendi Mesleki Ve Teknik Anadolu Lisesi,mesleki,322.8957,28.4,28.05
Manisa,Demirci,Necip Fazıl Kısakürek Fen Lisesi,fen,401.7773,10.21,9.77
Manisa,Yunusemre,Polinas Mesleki Ve Teknik Anadolu Lisesi (Elektrik-Elektronik Teknolojisi Alanı),mesleki,269.3145,47.35,46.52
Manisa,Yunusemre,Polinas Mesleki Ve Teknik Anadolu Lisesi (Bilişim Teknolojileri Alanı),mesleki,264.2297,47.35,48.66
Manisa,Salihli,Şahin Şen Kız Anadolu İmam Hatip Lisesi,imamHatip,229.1224,75.15,66.92
Manisa,Salihli,Salihli Borsa İstanbul Mesleki Ve Teknik Anadolu Lisesi (Elektrik-Elektronik Teknolojisi Alanı),mesleki,256.2357,54.47,52.22
Manisa,Salihli,Salihli Borsa İstanbul Mesleki Ve Teknik Anadolu Lisesi (Endüstriyel Otomasyon Teknolojileri Alanı),mesleki,282.1568,54.47,41.49
Manisa,Salihli,Salihli Necip Fazıl Kısakürek Sosyal Bilimler Lisesi,sosyal,344.0376,23.62,22.19
Manisa,Salihli,Salihli Sekine Evren Anadolu Lisesi,anadolu,391.8592,12.86,11.53
Manisa,Saruhanlı,Saruhanlı Anadolu Lisesi,anadolu,326.4729,24.82,27
Manisa,Alaşehir,Şehit Efkan Mesleki Ve Teknik Anadolu Lisesi,mesleki,225.6852,84.95,69.12
Manisa,Yunusemre,Şehit Fatih Kalu Kız Anadolu İmam Hatip Lisesi,imamHatip,242.5719,45.97,59.03
Manisa,Salihli,Şehit Mustafa Serin Anadolu İmam Hatip Lisesi,imamHatip,172.1399,88.85,98.16
Manisa,Şehzadeler,Şehzadeler Gediz Anadolu Lisesi,anadolu,440.6311,4.22,4.12
Manisa,Selendi,Selendi Anadolu Lisesi,anadolu,251.0435,85.59,54.67
Manisa,Soma,Soma Borsa İstanbul Fen Lisesi,fen,440.1291,3.99,4.18
Manisa,Soma,Soma Cemil Meriç Anadolu Lisesi,anadolu,388.4283,12.19,12.18
Manisa,Soma,Soma Mesleki Ve Teknik Anadolu Lisesi,mesleki,205.5134,88.97,83.05
Manisa,Turgutlu,Turgutlu Anadolu İmam Hatip Lisesi,imamHatip,160.6922,88.03,99.84
Manisa,Turgutlu,Turgutlu Lisesi,anadolu,379.5732,15.93,13.94
Manisa,Yunusemre,Yunus Emre Anadolu İmam Hatip Lisesi,imamHatip,232.5662,88.76,64.77
Mardin,Artuklu,"Artuklu Anadolu İmam Hatip Lisesi (Fen Ve Sosyal Bilimler Programı, İngilizce, 4 yıl)",imamHatip,370.6394,17.79,15.82
Mardin,Artuklu,"Artuklu Anadolu İmam Hatip Lisesi (Fen Ve Sosyal Bilimler Programı, Arapça, 5 yıl)",imamHatip,330.946,26.42,25.65
Mardin,Artuklu,Borsa İstanbul Anadolu Lisesi,anadolu,328.2485,26.51,26.49
Mardin,Dargeçit,Dargeçit Anadolu İmam Hatip Lisesi,imamHatip,241.8779,65.56,59.4
Mardin,Dargeçit,Dargeçit Anadolu Lisesi,anadolu,273.4804,46.24,44.84
Mardin,Derik,Derik Anadolu Lisesi,anadolu,289.5336,43.45,39.09
Mardin,Derik,Derik Kız Anadolu İmam Hatip Lisesi,imamHatip,181.5835,90.6,95.25
Mardin,Artuklu,Evliya Çelebi Turizm Mesleki Ve Teknik Anadolu Lisesi (Yiyecek İçecek Hizmetleri Alanı),mesleki,194.7417,89.6,89.88
Mardin,Artuklu,Evliya Çelebi Turizm Mesleki Ve Teknik Anadolu Lisesi (Konaklama Ve Seyahat Hizmetleri Alanı),mesleki,170.884,89.6,98.37
Mardin,Kızıltepe,Kızıltepe Özcan Yıldız Anadolu İmam Hatip Lisesi,imamHatip,229.3651,87.82,66.76
Mardin,Artuklu,Mardin Anadolu Lisesi,anadolu,395.4859,11.55,10.87
Mardin,Artuklu,Mardin Borsa İstanbul Sosyal Bilimler Lisesi,sosyal,342.2954,23.73,22.64
Mardin,Artuklu,Mardin Fen Lisesi,fen,441.2901,4.22,4.11
Mardin,Artuklu,Mardin Mesleki Ve Teknik Anadolu Lisesi (Elektrik-Elektronik Teknolojisi Alanı),mesleki,239.4187,59.69,61.15
Mardin,Artuklu,Mardin Mesleki Ve Teknik Anadolu Lisesi (Bilişim Teknolojileri Alanı),mesleki,254.4949,59.69,53.02
Mardin,Artuklu,Mardin Said Nursi Anadolu İmam Hatip Lisesi,imamHatip,199.1419,89.66,87.26
Mardin,Mazıdağı,Mazıdağı Anadolu İmam Hatip Lisesi,imamHatip,268.6239,46.31,46.8
Mardin,Kızıltepe,Mehmet Hadi Kahraman Fen Lisesi,fen,398.4688,10.11,10.35
Mardin,Midyat,Midyat Anadolu İmam Hatip Lisesi,imamHatip,350.5599,21.17,20.51
Mardin,Midyat,Midyat Anadolu Lisesi,anadolu,369.2328,16.09,16.12
Mardin,Midyat,Midyat Fen Lisesi,fen,416.8921,6.56,7.32
Mardin,Kızıltepe,Mimar Sinan Mesleki Ve Teknik Anadolu Lisesi,mesleki,231.4014,59.78,65.48
Mardin,Nusaybin,Nusaybin Anadolu Lisesi,anadolu,356.4432,17.38,19.06
Mardin,Nusaybin,Nusaybin Zeynelabidin Anadolu İmam Hatip Lisesi,imamHatip,328.4271,25.84,26.44
Mardin,Artuklu,Prof. Dr. Necmettin Erbakan Anadolu Lisesi,anadolu,360.3617,21.3,18.14
Mardin,Kızıltepe,Sakarya Anadolu Lisesi,anadolu,340.5153,22.59,23.11
Mardin,Savur,Savur Anadolu İmam Hatip Lisesi,imamHatip,173.9338,88.42,97.8
Mardin,Kızıltepe,Şehit Şeyhmuz Demir Kız Anadolu İmam Hatip Lisesi,imamHatip,211.7983,81.36,78.69
Mardin,Nusaybin,Seyit Mustafa Çelik Fen Lisesi,fen,403.5155,10.35,9.48
Mardin,Kızıltepe,Türkiye Odalar Ve Borsalar Birliği İzzettin Dündar Anadolu Lisesi,anadolu,361.3409,17.27,17.91
Mersin,Akdeniz,75.Yıl Fen Lisesi,fen,441.4495,5.64,4.03
Mersin,Akdeniz,Abdülkadir Perşembe Vakfı Mesleki Ve Teknik Anadolu Lisesi,mesleki,169.6283,90.3,98.56
Mersin,Akdeniz,Akdeniz Borsa İstanbul Mesleki Ve Teknik Anadolu Lisesi,mesleki,319.2058,32.78,29.14
Mersin,Toroslar,Akşemsettin Anadolu İmam Hatip Lisesi,imamHatip,244.7909,62.94,57.85
Mersin,Anamur,Anamur Anadolu Lisesi,anadolu,367.1478,16.39,16.58
Mersin,Anamur,Anamur Şehit Yüksel Alçın Anadolu İmam Hatip Lisesi,imamHatip,214.4581,87.29,77.61
Mersin,Toroslar,Atatürk Mesleki Ve Teknik Anadolu Lisesi (Makine Ve Tasarım Teknolojisi Alanı),mesleki,226.0497,72.59,68.87
Mersin,Toroslar,Atatürk Mesleki Ve Teknik Anadolu Lisesi (Bilişim Teknolojileri Alanı),mesleki,226.0333,72.05,68.88
Mersin,Toroslar,Atatürk Mesleki Ve Teknik Anadolu Lisesi (Elektrik-Elektronik Teknolojisi Alanı),mesleki,244.1445,54.99,58.18
Mersin,Akdeniz,Çamlıbel Kız Mesleki Ve Teknik Anadolu Lisesi,mesleki,158.2095,90.51,100
Mersin,Mut,Cennet-Mahmut Özdemir Anadolu İmam Hatip Lisesi,imamHatip,304.3458,,33.8
Mersin,Erdemli,Erdemli Anadolu İmam Hatip Lisesi,imamHatip,292.0313,42.61,37.95
Mersin,Erdemli,Erdemli Anadolu Lisesi,anadolu,371.6359,16.38,15.61
Mersin,Erdemli,Erdemli Borsa İstanbul Fen Lisesi,fen,409.0859,9.52,8.68
Mersin,Erdemli,Erdemli Ertuğrul Gazi Mesleki Ve Teknik Anadolu Lisesi,mesleki,220.7096,54.85,72.45
Mersin,Yenişehir,Evliya Çelebi Turizm Mesleki Ve Teknik Anadolu Lisesi (Konaklama Ve Seyahat Hizmetleri Alanı),mesleki,225.6343,72.34,69.15
Mersin,Yenişehir,Evliya Çelebi Turizm Mesleki Ve Teknik Anadolu Lisesi (Yiyecek İçecek Hizmetleri Alanı),mesleki,237.7786,63.54,61.7
Mersin,Yenişehir,Eyüp Aygar Fen Lisesi,fen,479.0134,0.93,0.7
Mersin,Mezitli,Fatma Aliye Mesleki Ve Teknik Anadolu Lisesi (Çocuk Gelişimi Ve Eğitimi Alanı),mesleki,214.0855,73.94,77.61
Mersin,Mezitli,Fatma Aliye Mesleki Ve Teknik Anadolu Lisesi (Tarım Alanı),mesleki,158.0706,92.04,100
Mersin,Mezitli,Fatma Aliye Mesleki Ve Teknik Anadolu Lisesi (Hasta Ve Yaşlı Hizmetleri Alanı),mesleki,178.2723,92.17,96.62
Mersin,Gülnar,Gülnar Anadolu İmam Hatip Lisesi,imamHatip,162.8531,86.42,99.53
Mersin,Gülnar,Gülnar Mesleki Ve Teknik Anadolu Lisesi (Elektrik-Elektronik Teknolojisi Alanı),mesleki,197.8798,88.31,88.05
Mersin,Gülnar,Gülnar Mesleki Ve Teknik Anadolu Lisesi (Tesisat Teknolojisi Ve İklimlendirme Alanı),mesleki,172.3607,88.76,98.12
Mersin,Gülnar,Gülnar Mesleki Ve Teknik Anadolu Lisesi (Metal Teknolojisi Alanı),mesleki,180.9922,89.01,95.25
Mersin,Toroslar,Hafsa Sultan Kız Mesleki Ve Teknik Anadolu Lisesi,mesleki,199.5364,84.14,87.01
Mersin,Mezitli,İçel Anadolu Lisesi,anadolu,442.6785,4.13,3.88
Mersin,Toroslar,Kadri Şaman Mtso Mesleki Ve Teknik Anadolu Lisesi,mesleki,233.3912,66.07,64.27
Mersin,Yenişehir,Mehmet Akif Ersoy Sosyal Bilimler Lisesi,sosyal,383.2677,15.05,13.19
Mersin,Akdeniz,Mersin Anadolu İmam Hatip Lisesi,imamHatip,339.2997,27.46,23.43
Mersin,Akdeniz,Mersin Mesleki Ve Teknik Anadolu Lisesi,mesleki,216.8574,74.94,75.13
Mersin,Toroslar,Mersin Ticaret Ve Sanayi Odası Anadolu Lisesi,anadolu,419.9532,8.47,6.85
Mersin,Mezitli,Mersin Yusuf Kalkavan Anadolu Lisesi,anadolu,428.5008,7.23,5.65
Mersin,Mezitli,Mezitli Anadolu İmam Hatip Lisesi,imamHatip,219.572,89.61,73.24
Mersin,Mezitli,Mezitli Mesleki Ve Teknik Anadolu Lisesi,mesleki,252.4102,53.61,54
Mersin,Mut,Mut Mesleki Ve Teknik Anadolu Lisesi (Elektrik-Elektronik Teknolojisi Alanı),mesleki,218.6724,72.09,73.87
Mersin,Mut,Mut Mesleki Ve Teknik Anadolu Lisesi (Metal Teknolojisi Alanı),mesleki,170.1969,87.69,98.47
Mersin,Mut,Mut Mesleki Ve Teknik Anadolu Lisesi (Tesisat Teknolojisi Ve İklimlendirme Alanı),mesleki,167.8368,90.3,98.81
Mersin,Mut,Mut Osman Nuri Yalman Anadolu Lisesi,anadolu,350.2048,21.82,20.59
Mersin,Mut,Mut Özdemirler Mesleki Ve Teknik Anadolu Lisesi,mesleki,178.1008,85.49,96.83
Mersin,Erdemli,Prof. Dr. Nebi Bozkurt Kız Anadolu İmam Hatip Lisesi,imamHatip,278.421,38.41,42.9
Mersin,Mut,Şehit Ali Gümüş Fen Lisesi,fen,376.2414,15.91,14.64
Mersin,Anamur,Şehit İbrahim Armut Fen Lisesi,fen,410.7543,8.87,8.29
Mersin,Yenişehir,Şehit Kübra Doğanay Kız Anadolu İmam Hatip Lisesi,imamHatip,359.4068,20.94,18.36
Mersin,Tarsus,Sesim Sarpkaya Fen Lisesi,fen,451.5932,3.08,2.9
Mersin,Silifke,Silifke Anadolu İmam Hatip Lisesi,imamHatip,224.7962,91.96,69.69
Mersin,Silifke,Silifke Anadolu Lisesi,anadolu,393.1326,13.19,11.3
Mersin,Silifke,Silifke Fen Lisesi,fen,420.2525,7.81,6.8
Mersin,Silifke,Silifke Nükleer Enerji Mesleki Ve Teknik Anadolu Lisesi (Metal Teknolojisi Alanı),mesleki,162.9184,86,99.52
Mersin,Silifke,Silifke Nükleer Enerji Mesleki Ve Teknik Anadolu Lisesi (İnşaat Teknolojisi Alanı),mesleki,178.12,87.38,96.83
Mersin,Silifke,Silifke Nükleer Enerji Mesleki Ve Teknik Anadolu Lisesi (Tesisat Teknolojisi Ve İklimlendirme Alanı),mesleki,192.4213,89.03,91.14
Mersin,Silifke,Silifke Nükleer Enerji Mesleki Ve Teknik Anadolu Lisesi (Elektrik-Elektronik Teknolojisi Alanı),mesleki,268.1089,49.78,47.01
Mersin,Tarsus,Tarsus Borsa İstanbul Mesleki Ve Teknik Anadolu Lisesi,mesleki,171.977,90.82,98.19
Mersin,Tarsus,Tarsus Borsa İstanbul Şehit Umut Sami Şensoy Anadolu Lisesi,anadolu,400.14,10.13,10.06
Mersin,Tarsus,Tarsus Mesleki ve Teknik Anadolu Lisesi (KİMYA TEKNOLOJİSİ ALANI),mesleki,169.3141,,98.6
Mersin,Tarsus,Tarsus Mesleki ve Teknik Anadolu Lisesi (MAKİNE VE TASARIM TEKNOLOJİSİ ALANI),mesleki,146.3133,,100
Mersin,Tarsus,Tarsus Mesleki ve Teknik Anadolu Lisesi (ELEKTRİK-ELEKTRONİK TEKNOLOJİSİ ALANI),mesleki,183.0138,,95.25
Mersin,Tarsus,Tarsus Mesleki ve Teknik Anadolu Lisesi (ENDÜSTRİYEL OTOMASYON TEKNOLOJİLERİ ALANI),mesleki,193.7905,,90.41
Mersin,Tarsus,Tarsus Şehit Halil Özdemir Fen Lisesi,fen,424.8734,6.07,6.14
Mersin,Silifke,Taşucu Turizm Mesleki Ve Teknik Anadolu Lisesi (Konaklama Ve Seyahat Hizmetleri Alanı),mesleki,172.5251,86.64,98.09
Mersin,Silifke,Taşucu Turizm Mesleki Ve Teknik Anadolu Lisesi (Yiyecek İçecek Hizmetleri Alanı),mesleki,187.42,92.4,93.95
Mersin,Akdeniz,Tevfik Sırrı Gür Anadolu Lisesi,anadolu,404.2137,10.95,9.36
Mersin,Tarsus,Ticaret Ve Sanayi Odası Mesleki Ve Teknik Anadolu Lisesi (Elektrik-Elektronik Teknolojisi Alanı),mesleki,264.7654,57.57,48.43
Mersin,Tarsus,Ticaret Ve Sanayi Odası Mesleki Ve Teknik Anadolu Lisesi (Bilişim Teknolojileri Alanı),mesleki,218.1247,70.03,74.25
Mersin,Toroslar,Toroslar Mimar Sinan Mesleki Ve Teknik Anadolu Lisesi,mesleki,165.9683,87.81,99.08
Mersin,Mezitli,Ulaştırma Hizmetleri Mesleki Ve Teknik Anadolu Lisesi (Ulaştırma Hizmetleri Alanı),mesleki,212.5592,88.32,78.15
Mersin,Mezitli,Ulaştırma Hizmetleri Mesleki Ve Teknik Anadolu Lisesi (Muhasebe Ve Finansman Alanı),mesleki,193.9876,88.32,90.31
Mersin,Mezitli,Ulaştırma Hizmetleri Mesleki Ve Teknik Anadolu Lisesi (Ulaştırma Hizmetleri Alanı) (2),mesleki,232.9886,88.32,64.51
Mersin,Tarsus,Uluslararası Ashabı Kehf Anadolu İmam Hatip Lisesi,imamHatip,301.0039,47.3,34.91
Mersin,Yenişehir,Yahya Akel Fen Lisesi,fen,469.6898,1.75,1.31
Mersin,Yenişehir,Yahya Günsür Mesleki Ve Teknik Anadolu Lisesi,mesleki,281.4709,40.43,41.75
Mersin,Yenişehir,Yenişehir Anadolu İmam Hatip Lisesi,imamHatip,410.2727,9.22,8.36
Mersin,Yenişehir,Yenişehir Mesleki Ve Teknik Anadolu Lisesi,mesleki,198.9104,85.44,87.4
Mersin,Akdeniz,Zeytinlibahçe Ticaret Mesleki Ve Teknik Anadolu Lisesi (Muhasebe Ve Finansman Alanı),mesleki,197.1046,87.66,88.52
Mersin,Akdeniz,Zeytinlibahçe Ticaret Mesleki Ve Teknik Anadolu Lisesi (Bilişim Teknolojileri Alanı),mesleki,236.1658,67.04,62.63
Mersin,Akdeniz,Zeytinlibahçe Ticaret Mesleki Ve Teknik Anadolu Lisesi (Büro Yönetimi Ve Yönetici Asistanlığı Alanı),mesleki,203.0728,87.66,84.69
Mersin,Akdeniz,Zeytinlibahçe Ticaret Mesleki Ve Teknik Anadolu Lisesi (Adalet Alanı),mesleki,254.0966,51.29,53.2
Mersin,Akdeniz,Zeytinlibahçe Ticaret Mesleki Ve Teknik Anadolu Lisesi (Ulaştırma Hizmetleri Alanı),mesleki,221.9116,76.4,71.64
Muğla,Menteşe,Atatürk Turizm Mesleki Ve Teknik Anadolu Lisesi (Yiyecek İçecek Hizmetleri Alanı),mesleki,214.487,86.29,77.61
Muğla,Menteşe,Atatürk Turizm Mesleki Ve Teknik Anadolu Lisesi (Konaklama Ve Seyahat Hizmetleri Alanı),mesleki,199.6606,86.29,86.93
Muğla,Fethiye,Belediye Fen Lisesi,fen,443.8856,3.43,3.74
Muğla,Bodrum,Bodrum Anadolu Lisesi (Almanca),anadolu,385.8402,14.17,12.68
Muğla,Bodrum,Bodrum Anadolu Lisesi (İngilizce),anadolu,390.8891,12.41,11.72
Muğla,Bodrum,Bodrum Turgut Reis Turizm Mesleki Ve Teknik Anadolu Lisesi (Yiyecek İçecek Hizmetleri Alanı),mesleki,206.3297,85.04,82.5
Muğla,Bodrum,Bodrum Turgut Reis Turizm Mesleki Ve Teknik Anadolu Lisesi (Konaklama Ve Seyahat Hizmetleri Alanı),mesleki,205.4647,85.04,83.09
Muğla,Datça,Datça Yılmaz Kardeşler Anadolu Lisesi,anadolu,263.7462,38.1,48.86
Muğla,Fethiye,"Fethiye Anadolu İmam Hatip Lisesi (Fen Ve Sosyal Bilimler Programı, 5 yıl)",imamHatip,345.2688,22.28,21.87
Muğla,Fethiye,"Fethiye Anadolu İmam Hatip Lisesi (Fen Ve Sosyal Bilimler Programı, 4 yıl)",imamHatip,349.1677,24.38,20.86
Muğla,Fethiye,Fethiye Ömer Özyer Anadolu Lisesi,anadolu,421.4348,6.8,6.63
Muğla,Marmaris,Halıcı Ahmet Urkay Anadolu Lisesi,anadolu,350.5565,19.58,20.51
Muğla,Köyceğiz,Köyceğiz Anadolu İmam Hatip Lisesi,imamHatip,252.5774,43.78,53.92
Muğla,Köyceğiz,Köyceğiz Fen Lisesi,fen,433.6069,4.6,4.98
Muğla,Marmaris,Marmaris Anadolu İmam Hatip Lisesi,imamHatip,178.0752,90.44,96.84
Muğla,Marmaris,Marmaris İçmeler H. Narin Turizm Mesleki Ve Teknik Anadolu Lisesi (Konaklama Ve Seyahat Hizmetleri Alanı),mesleki,194.138,84.58,90.22
Muğla,Marmaris,Marmaris İçmeler H. Narin Turizm Mesleki Ve Teknik Anadolu Lisesi (Yiyecek İçecek Hizmetleri Alanı),mesleki,195.0132,84.58,89.73
Muğla,Menteşe,Menteşe Anadolu Lisesi,anadolu,423.587,5.94,6.33
Muğla,Menteşe,Menteşe Türkiye Odalar Ve Borsalar Birliği Fen Lisesi,fen,455.1111,2.69,2.54
Muğla,Milas,Milas Anadolu Lisesi,anadolu,377.0486,13.72,14.58
Muğla,Menteşe,Muğla Kız Anadolu İmam Hatip Lisesi,imamHatip,224.4319,63.19,69.94
Muğla,Menteşe,Muğla Şehit Ziya İlhan Dağdaş Mesleki Ve Teknik Anadolu Lisesi (Elektrik-Elektronik Teknolojisi Alanı),mesleki,235.1537,70.41,63.21
Muğla,Menteşe,Muğla Şehit Ziya İlhan Dağdaş Mesleki Ve Teknik Anadolu Lisesi (Elektrik-Elektronik Teknolojisi Alanı) (2),mesleki,265.1725,70.41,48.25
Muğla,Ula,Muğla Sosyal Bilimler Lisesi,sosyal,344.6266,,22.04
Muğla,Fethiye,Mustafa Kemal Mesleki Ve Teknik Anadolu Lisesi (Harita-Tapu-Kadastro Alanı),mesleki,180.5128,85.07,95.25
Muğla,Fethiye,Mustafa Kemal Mesleki Ve Teknik Anadolu Lisesi (İnşaat Teknolojisi Alanı),mesleki,184.3196,85.07,94.85
Muğla,Ortaca,Ortaca Anadolu Lisesi,anadolu,397.0255,10.95,10.61
Muğla,Milas,Sebahattin Akyüz Fen Lisesi,fen,417.3724,7.51,7.24
Muğla,Seydikemer,Şehit Alper Seven Anadolu İmam Hatip Lisesi,imamHatip,233.8622,66.54,63.99
Muğla,Dalaman,Şehit Mehmet Akif Sancar Anadolu İmam Hatip Lisesi,imamHatip,375.797,16.1,14.72
Muğla,Menteşe,Şehit Mehmet Çetin Anadolu İmam Hatip Lisesi,imamHatip,178.6406,87.08,96
Muğla,Milas,Şehit Murat İnci Anadolu İmam Hatip Lisesi,imamHatip,258.4661,90.45,51.19
Muğla,Fethiye,Şehit Sümer Deniz Kız Anadolu İmam Hatip Lisesi,imamHatip,197.2947,,88.41
Muğla,Bodrum,Şehit Türkmen Tekin Anadolu İmam Hatip Lisesi,imamHatip,240.6607,80.76,60.07
Muğla,Fethiye,Şehit Yüzbaşı Özgür Özekin Turizm Mesleki Ve Teknik Anadolu Lisesi (Yiyecek İçecek Hizmetleri Alanı),mesleki,202.5608,94.08,85.03
Muğla,Fethiye,Şehit Yüzbaşı Özgür Özekin Turizm Mesleki Ve Teknik Anadolu Lisesi (Konaklama Ve Seyahat Hizmetleri Alanı),mesleki,183.0002,94.08,95.25
Muğla,Yatağan,Yatağan Gazi Anadolu Lisesi,anadolu,315.4397,27.12,30.28
Muş,Bulanık,Bulanık Anadolu İmam Hatip Lisesi,imamHatip,186.9695,88.79,93.95
Muş,Bulanık,Bulanık Said Nursi Anadolu Lisesi,anadolu,305.1776,33.6,33.53
Muş,Malazgirt,Malazgirt Alpaslan Kız Anadolu İmam Hatip Lisesi,imamHatip,170.5969,86.54,98.42
Muş,Merkez,Muş Anadolu İmam Hatip Lisesi,imamHatip,245.8609,55,57.29
Muş,Merkez,Muş Anadolu Lisesi,anadolu,390.8972,12.44,11.72
Muş,Merkez,Muş Borsa İstanbul Anadolu Lisesi,anadolu,376.8551,16.29,14.58
Muş,Merkez,Muş Fen Lisesi,fen,418.3976,5.92,7.09
Muş,Merkez,Muş Mesleki Ve Teknik Anadolu Lisesi (İnşaat Teknolojisi Alanı),mesleki,237.8586,41.8,61.65
Muş,Merkez,Muş Mesleki Ve Teknik Anadolu Lisesi (Elektrik-Elektronik Teknolojisi Alanı),mesleki,286.3059,41.8,39.97
Muş,Merkez,Muş Mesleki Ve Teknik Anadolu Lisesi (Makine Ve Tasarım Teknolojisi Alanı),mesleki,263.0567,41.8,49.15
Muş,Malazgirt,Şehit Arslan Kulaksız Fen Lisesi,fen,329.0339,26.96,26.26
Muş,Merkez,Şehit Davut Karaçam Kız Anadolu İmam Hatip Lisesi,imamHatip,340.5579,26.91,23.1
Muş,Merkez,Selahaddin Eyyubi Anadolu İmam Hatip Lisesi,imamHatip,325.6064,32.3,27.25
Muş,Merkez,Türkiye Odalar Ve Borsalar Birliği Sosyal Bilimler Lisesi,sosyal,353.6058,23.24,19.75
Nevşehir,Ürgüp,Ahmet Yiğitoğlu Turizm Mesleki ve Teknik Anadolu Lisesi (YİYECEK İÇECEK HİZMETLERİ ALANI (SINAVLI)),mesleki,208.4059,,81.06
Nevşehir,Ürgüp,Ahmet Yiğitoğlu Turizm Mesleki ve Teknik Anadolu Lisesi (KONAKLAMA VE SEYAHAT HİZMETLERİ ALANI (SINAVLI)),mesleki,172.0788,,98.18
Nevşehir,Ürgüp,Kapadokya Alev Alatlı Gastronomi Mesleki Ve Teknik Anadolu Lisesi,mesleki,319.2662,62.29,29.12
Nevşehir,Merkez,Kapadokya Turizm Mesleki Ve Teknik Anadolu Lisesi (Yiyecek İçecek Hizmetleri Alanı),mesleki,234.7729,79.54,63.44
Nevşehir,Merkez,Kapadokya Turizm Mesleki Ve Teknik Anadolu Lisesi (Konaklama Ve Seyahat Hizmetleri Alanı),mesleki,201.1753,79.54,85.94
Nevşehir,Merkez,Nevşehir Anadolu Lisesi,anadolu,390.0999,12.84,11.87
Nevşehir,Merkez,Nevşehir Cemil Meriç Sosyal Bilimler Lisesi,sosyal,367.3828,17.5,16.53
Nevşehir,Merkez,Nevşehir Fevzi Dirikoç Fen Lisesi,fen,436.0356,4.35,4.67
Nevşehir,Merkez,Nevşehir Mesleki Ve Teknik Anadolu Lisesi (Bilişim Teknolojileri Alanı),mesleki,230.6541,55.08,65.95
Nevşehir,Merkez,Nevşehir Mesleki Ve Teknik Anadolu Lisesi (Elektrik-Elektronik Teknolojisi Alanı),mesleki,258.5591,55.08,51.15
Nevşehir,Merkez,Nevşehir Mesleki Ve Teknik Anadolu Lisesi (Makine Ve Tasarım Teknolojisi Alanı),mesleki,193.7551,55.08,90.43
Nevşehir,Avanos,Özkonak Hacı Halil Türkkan Anadolu Lisesi,anadolu,158.2434,87.94,100
Nevşehir,Merkez,Recep Tayyip Erdoğan Anadolu İmam Hatip Lisesi,imamHatip,400.8163,27.86,10.05
Nevşehir,Merkez,Şehit Demet Sezen Kız Anadolu İmam Hatip Lisesi,imamHatip,299.9778,42.85,35.24
Nevşehir,Ürgüp,Ürgüp Anadolu İmam Hatip Lisesi,imamHatip,323.3459,27.86,27.91
Nevşehir,Ürgüp,Ürgüp Tesan Fen Lisesi,fen,422.1256,7.23,6.54
Niğde,Merkez,Atatürk Anadolu Lisesi,anadolu,386.0307,12.58,12.64
Niğde,Bor,Bor Şehit Ramazan Konuş Fen Lisesi,fen,422.6094,6.47,6.49
Niğde,Merkez,Faik Şahenk Mesleki Ve Teknik Anadolu Lisesi,mesleki,303.3526,42.33,34.12
Niğde,Merkez,Mimar Sinan Ticaret Mesleki Ve Teknik Anadolu Lisesi,mesleki,260.3829,77.21,50.44
Niğde,Merkez,Niğde Fen Lisesi,fen,445.492,3.82,3.56
Niğde,Merkez,Niğde Yunus Emre Anadolu Lisesi,anadolu,401.2734,9.62,9.86
Niğde,Merkez,Şehit Fazıl Doğruöz Mesleki Ve Teknik Anadolu Lisesi (YENİLENEBİLİR ENERJİ TEKNOLOJİLERİ ALANI),mesleki,224.6732,,69.78
Niğde,Merkez,Şehit Fazıl Doğruöz Mesleki Ve Teknik Anadolu Lisesi (Yenilenebilir Enerji Teknolojileri Alanı),mesleki,232.757,64.78,64.66
Niğde,Merkez,Şehit Fazıl Doğruöz Mesleki Ve Teknik Anadolu Lisesi (Elektrik-Elektronik Teknolojisi Alanı),mesleki,264.5916,64.78,48.5
Niğde,Merkez,Şehit Kemal Tosun Anadolu İmam Hatip Lisesi,imamHatip,362.8973,17.64,17.56
Niğde,Bor,Şehit Nuri Pamir Anadolu Lisesi,anadolu,351.9319,20.77,20.16
Ordu,Aybastı,Aybastı Fen Lisesi,fen,339.8279,25.47,23.29
Ordu,Altınordu,"Büyükşehir Belediyesi Ordu Anadolu İmam Hatip Lisesi (Fen Ve Sosyal Bilimler Programı, 5 yıl)",imamHatip,367.7737,17.52,16.45
Ordu,Altınordu,"Büyükşehir Belediyesi Ordu Anadolu İmam Hatip Lisesi (Fen Ve Sosyal Bilimler Programı, 4 yıl)",imamHatip,385.3896,14.48,12.77
Ordu,Fatsa,Cahit Zarifoğlu Anadolu Lisesi,anadolu,387.5333,12.74,12.36
Ordu,Fatsa,Fatsa Anadolu İmam Hatip Lisesi,imamHatip,236.1858,82.03,62.61
Ordu,Fatsa,Fatsa Fen Lisesi,fen,432.5208,5.69,5.12
Ordu,Fatsa,Fatsa Kız Anadolu İmam Hatip Lisesi,imamHatip,272.2022,61.98,45.35
Ordu,Fatsa,Gazi Mesleki Ve Teknik Anadolu Lisesi,mesleki,201.8649,88.08,85.49
Ordu,Gölköy,Gölköy Fen Lisesi,fen,273.0139,44.65,45.02
Ordu,Kumru,Kumru Anadolu İmam Hatip Lisesi,imamHatip,268.3735,49,46.91
Ordu,Ünye,Mehmet Necati Vidinli Mesleki Ve Teknik Anadolu Lisesi,mesleki,180.7085,87.93,95.25
Ordu,Altınordu,Ordu Fen Lisesi,fen,450.99,3.33,2.96
Ordu,Altınordu,Ordu Lisesi,anadolu,343.1578,24,22.42
Ordu,Perşembe,Ordu Sosyal Bilimler Lisesi,sosyal,325.204,28.55,27.3
Ordu,Altınordu,Ordu Türkiye Odalar Ve Borsalar Birliği Mesleki Ve Teknik Anadolu Lisesi (Endüstriyel Otomasyon Teknolojileri Alanı),mesleki,299.5123,54.37,35.41
Ordu,Altınordu,Ordu Türkiye Odalar Ve Borsalar Birliği Mesleki Ve Teknik Anadolu Lisesi (Bilişim Teknolojileri Alanı),mesleki,285.2889,54.37,40.33
Ordu,Altınordu,Ordu Türkiye Odalar Ve Borsalar Birliği Mesleki Ve Teknik Anadolu Lisesi (Elektrik-Elektronik Teknolojisi Alanı),mesleki,270.0366,54.37,46.23
Ordu,Gülyalı,Turnasuyu Kız Anadolu Lisesi,anadolu,146.7763,92.03,100
Ordu,Ulubey,Ulubey Mesleki Ve Teknik Anadolu Lisesi,mesleki,220.7289,67.7,72.43
Ordu,Ünye,Ünye Anadolu İmam Hatip Lisesi,imamHatip,245.9684,86.92,57.24
Ordu,Ünye,Ünye Fen Lisesi,fen,414.7612,7.77,7.64
Ordu,Ünye,Ünye Mustafa Rakım Anadolu Lisesi,anadolu,351.2405,22.58,20.33
Ordu,Ünye,Ünye Turizm Mesleki Ve Teknik Anadolu Lisesi (Konaklama Ve Seyahat Hizmetleri Alanı),mesleki,201.138,74.36,85.97
Ordu,Ünye,Ünye Turizm Mesleki Ve Teknik Anadolu Lisesi (Yiyecek İçecek Hizmetleri Alanı),mesleki,205.484,74.36,83.07
Ordu,Ünye,Yusuf Bahri Anadolu İmam Hatip Lisesi (Fen Ve Sosyal Bilimler Programı),imamHatip,279.7192,40.44,42.4
Ordu,Ünye,Yusuf Bahri Anadolu İmam Hatip Lisesi (Fen Ve Teknoloji Programı),imamHatip,319.1555,21.36,29.16
Osmaniye,Bahçe,Bahçe Şehit Furkan Aydın Kız Anadolu İmam Hatip Lisesi,imamHatip,164.0458,88.75,99.36
Osmaniye,Merkez,Devlet Bahçeli Fen Lisesi,fen,457.4017,2.73,2.33
Osmaniye,Düziçi,Düziçi Anadolu İmam Hatip Lisesi,imamHatip,244.197,86.59,58.16
Osmaniye,Düziçi,Düziçi Fen Lisesi,fen,407.1499,9.96,8.88
Osmaniye,Merkez,Farabi Anadolu Lisesi,anadolu,412.9648,9.77,7.93
Osmaniye,Kadirli,Gülten-Ali Ziyan Anadolu Lisesi,anadolu,408.0349,8.98,8.73
Osmaniye,Merkez,Hasan Aybaba Anadolu Lisesi,anadolu,437.2845,5.33,4.52
Osmaniye,Merkez,Mehmet Akif Ersoy Kız Mesleki Ve Teknik Anadolu Lisesi,mesleki,169.7417,88.68,98.54
Osmaniye,Merkez,Osmaniye Mesleki Ve Teknik Anadolu Lisesi,mesleki,275.6276,58.03,43.98
Osmaniye,Merkez,Şehit Hayrettin Mennan Kız Anadolu İmam Hatip Lisesi,imamHatip,330.2183,30.09,25.92
Osmaniye,Kadirli,Şehit İsmail Akduman Kız Anadolu İmam Hatip Lisesi,imamHatip,237.5157,75.32,61.85
Osmaniye,Kadirli,Şehit Kaan Çalin Mesleki Ve Teknik Anadolu Lisesi,mesleki,243.6931,48.08,58.42
Osmaniye,Kadirli,Şehit Mehmet Acıbucu Anadolu İmam Hatip Lisesi,imamHatip,174.4453,85.58,97.69
Osmaniye,Merkez,Şehit Mehmet Karacatilki Anadolu İmam Hatip Lisesi,imamHatip,311.4469,32.69,31.54
Osmaniye,Kadirli,Şehit Muhammet Mustafa Karabörk Fen Lisesi,fen,436.6851,4.46,4.6
Osmaniye,Merkez,Tobb Osmaniye Fen Lisesi,fen,469.3638,1.5,1.33
Osmaniye,Merkez,Tosçelik Sosyal Bilimler Lisesi,sosyal,383.4779,14.86,13.15
Rize,Ardeşen,Ardeşen Anadolu İmam Hatip Lisesi,imamHatip,190.3864,88.45,92.2
Rize,Ardeşen,Ardeşen Şehit Ömer Halisdemir Fen Lisesi,fen,390.9032,11.04,11.72
Rize,Çayeli,Çayeli Fen Lisesi,fen,414.7632,7.16,7.64
Rize,Merkez,Ekrem Orhon Turizm Mesleki Ve Teknik Anadolu Lisesi (Yiyecek İçecek Hizmetleri Alanı),mesleki,220.6934,79.1,72.46
Rize,Merkez,Ekrem Orhon Turizm Mesleki Ve Teknik Anadolu Lisesi (Konaklama Ve Seyahat Hizmetleri Alanı),mesleki,172.4462,79.1,98.1
Rize,Merkez,Fatih Anadolu Lisesi,anadolu,365.0027,16.74,17.06
Rize,Güneysu,Güneysu Şehit Kemal Mutlu Fen Lisesi,fen,430.8734,4.98,5.33
Rize,Merkez,Hasan Kemal Yardımcı Denizcilik Mesleki Ve Teknik Anadolu Lisesi,mesleki,254.9478,59.15,52.81
Rize,Güneysu,"Kaptan Ahmet Erdoğan Anadolu İmam Hatip Lisesi (Fen Ve Sosyal Bilimler Programı, İngilizce)",imamHatip,366.3903,12.21,16.76
Rize,Güneysu,"Kaptan Ahmet Erdoğan Anadolu İmam Hatip Lisesi (Fen Ve Sosyal Bilimler Programı, Arapça)",imamHatip,345.6716,18.98,21.76
Rize,Pazar,Pazar Fen Lisesi,fen,377.1914,14,14.58
Rize,Pazar,Pazar Şehit Murat Naiboğlu Sivil Havacılık Mesleki Ve Teknik Anadolu Lisesi,mesleki,338.4322,24.51,23.66
Rize,Ardeşen,Rabia Hatun Kız Anadolu İmam Hatip Lisesi,imamHatip,222.9652,60.7,70.92
Rize,Merkez,Rize Anadolu İmam Hatip Lisesi,imamHatip,240.2158,86.77,60.32
Rize,Merkez,Rize Sosyal Bilimler Lisesi,sosyal,372.0212,15.42,15.52
Rize,Merkez,Rize Türkiye Odalar Ve Borsalar Birliği Fen Lisesi,fen,443.7786,3.52,3.76
Rize,Merkez,Şehit Erhan Dural Kız Anadolu İmam Hatip Lisesi,imamHatip,389.8868,12.4,11.91
Rize,Merkez,Tevfik İleri Mesleki Ve Teknik Anadolu Lisesi (Makine Ve Tasarım Teknolojisi Alanı),mesleki,180.6583,73.66,95.25
Rize,Merkez,Tevfik İleri Mesleki Ve Teknik Anadolu Lisesi (MAKİNE VE TASARIM TEKNOLOJİSİ ALANI),mesleki,205.9906,,82.73
Sakarya,Serdivan,15 Temmuz Şehitler Fen Lisesi,fen,440.9042,3.91,4.11
Sakarya,Adapazarı,Adapazarı Anadolu İmam Hatip Lisesi (Fen Ve Teknoloji Programı),imamHatip,394.5486,23.31,11.03
Sakarya,Adapazarı,Adapazarı Anadolu İmam Hatip Lisesi (Fen Ve Sosyal Bilimler Programı),imamHatip,342.8965,10.97,22.48
Sakarya,Akyazı,Akyazı Eyyup Genç Fen Lisesi,fen,422.4086,6.02,6.5
Sakarya,Akyazı,Akyazı Kız Anadolu İmam Hatip Lisesi,imamHatip,307.8264,36.69,32.68
Sakarya,Adapazarı,Borsa İstanbul Mehmet Akif Ersoy Mesleki Ve Teknik Anadolu Lisesi,mesleki,237.3757,41.22,61.93
Sakarya,Adapazarı,Borsa İstanbul Sakarya Mesleki Ve Teknik Anadolu Lisesi (Elektrik-Elektronik Teknolojisi Alanı),mesleki,289.1331,38.21,39.09
Sakarya,Adapazarı,Borsa İstanbul Sakarya Mesleki Ve Teknik Anadolu Lisesi (Makine Ve Tasarım Teknolojisi Alanı),mesleki,258.7915,38.21,51.05
Sakarya,Hendek,Devlet Bahçeli Fen Lisesi,fen,414.5064,8.13,7.69
Sakarya,Adapazarı,Fatih Mesleki Ve Teknik Anadolu Lisesi (Elektrik-Elektronik Teknolojisi Alanı),mesleki,255.7755,47.76,52.42
Sakarya,Adapazarı,Fatih Mesleki Ve Teknik Anadolu Lisesi (Raylı Sistemler Teknolojisi Alanı),mesleki,240.975,47.76,59.9
Sakarya,Erenler,Figen Sakallıoğlu Anadolu Lisesi,anadolu,403.9574,9.34,9.4
Sakarya,Geyve,Geyve Anadolu İmam Hatip Lisesi,imamHatip,206.2733,,82.54
Sakarya,Geyve,Geyve Şehit Serdar Gökbayrak Kız Anadolu İmam Hatip Lisesi,imamHatip,254.3785,31.49,53.08
Sakarya,Erenler,Halit Evin Anadolu İmam Hatip Lisesi,imamHatip,291.0297,38.62,38.3
Sakarya,Erenler,Halit Evin Kız Anadolu İmam Hatip Lisesi,imamHatip,327.1529,30.34,26.8
Sakarya,Hendek,Hendek Anadolu İmam Hatip Lisesi,imamHatip,161.2323,,99.76
Sakarya,Hendek,Hendek Mesleki Ve Teknik Anadolu Lisesi,mesleki,212.0583,89.75,78.51
Sakarya,Karasu,Karasu Atatürk Anadolu Lisesi,anadolu,357.3378,19.69,18.85
Sakarya,Adapazarı,Mithatpaşa Anadolu Lisesi,anadolu,399.6543,10.15,10.14
Sakarya,Arifiye,Necmettin Erbakan Fen Lisesi,fen,431.4027,5.21,5.32
Sakarya,Serdivan,Sakarya Anadolu Lisesi,anadolu,413.4979,7.96,7.85
Sakarya,Adapazarı,Sakarya Cemil Meriç Sosyal Bilimler Lisesi,sosyal,387.5676,12.33,12.35
Sakarya,Adapazarı,Sakarya Cevat Ayhan Fen Lisesi,fen,452.9991,2.61,2.76
Sakarya,Arifiye,Sakarya Ticaret Ve Sanayi Odası Motorlu Araçlar Teknolojisi Mesleki Ve Teknik Anadolu Lisesi (ENDÜSTRİYEL OTOMASYON TEKNOLOJİLERİ ALANI),mesleki,332.7133,,25.23
Sakarya,Arifiye,Sakarya Ticaret Ve Sanayi Odası Motorlu Araçlar Teknolojisi Mesleki Ve Teknik Anadolu Lisesi (Motorlu Araçlar Teknolojisi Alanı),mesleki,278.7501,40.38,42.78
Sakarya,Arifiye,Sakarya Ticaret Ve Sanayi Odası Motorlu Araçlar Teknolojisi Mesleki Ve Teknik Anadolu Lisesi (MOTORLU ARAÇLAR TEKNOLOJİSİ ALANI),mesleki,291.0918,,38.28
Sakarya,Adapazarı,Sakarya Ticaret Ve Sanayi Odası Ticaret Mesleki Ve Teknik Anadolu Lisesi,mesleki,242.8481,40.91,58.87
Sakarya,Serdivan,Şehit Yılmaz Ercan Kız Anadolu İmam Hatip Lisesi (Hafızlık Projesi),imamHatip,215.1634,97.35,75.53
Sakarya,Serdivan,Şehit Yılmaz Ercan Kız Anadolu İmam Hatip Lisesi (Fen Ve Sosyal Bilimler Programı),imamHatip,378.1921,16.79,14.23
Sakarya,Adapazarı,Sezginler Turizm Mesleki Ve Teknik Anadolu Lisesi (Yiyecek İçecek Hizmetleri Alanı),mesleki,268.3179,47.44,46.93
Sakarya,Adapazarı,Sezginler Turizm Mesleki Ve Teknik Anadolu Lisesi (Konaklama Ve Seyahat Hizmetleri Alanı),mesleki,252.304,47.44,54.05
Sakarya,Adapazarı,Yenikent Anadolu İmam Hatip Lisesi,imamHatip,206.4154,72.38,82.45
Samsun,Canik,15 Temmuz Ömer Halisdemir Anadolu İmam Hatip Lisesi,imamHatip,200.8538,88.37,86.16
Samsun,Ladik,Akpınar Fen Lisesi,fen,366.5192,16.47,16.73
Samsun,Çarşamba,Ali Fuat Başgil Anadolu Lisesi,anadolu,376.2869,16.38,14.63
Samsun,Atakum,Altınkum Turizm Mesleki Ve Teknik Anadolu Lisesi (Yiyecek İçecek Hizmetleri Alanı),mesleki,217.8673,66.75,74.42
Samsun,Atakum,Altınkum Turizm Mesleki Ve Teknik Anadolu Lisesi (Konaklama Ve Seyahat Hizmetleri Alanı),mesleki,160.9891,66.75,99.8
Samsun,Atakum,"Atakum Anadolu İmam Hatip Lisesi (Fen Ve Sosyal Bilimler Programı, İngilizce, 5 yıl)",imamHatip,416.3008,6.59,7.4
Samsun,Atakum,"Atakum Anadolu İmam Hatip Lisesi (Fen Ve Sosyal Bilimler Programı, Arapça, 5 yıl)",imamHatip,382.595,19.01,13.32
Samsun,Atakum,"Atakum Anadolu İmam Hatip Lisesi (Fen Ve Sosyal Bilimler Programı, İngilizce, 4 yıl)",imamHatip,404.2098,9.19,9.36
Samsun,Atakum,Atakum Mesleki Ve Teknik Anadolu Lisesi (Elektrik-Elektronik Teknolojisi Alanı),mesleki,325.0036,30.97,27.3
Samsun,Atakum,Atakum Mesleki Ve Teknik Anadolu Lisesi (Kimya Teknolojisi Alanı),mesleki,235.1917,30.97,63.19
Samsun,Atakum,Atakum Mesleki Ve Teknik Anadolu Lisesi (İnşaat Teknolojisi Alanı),mesleki,166.1424,30.97,99.06
Samsun,İlkadım,Atatürk Mesleki Ve Teknik Anadolu Lisesi,mesleki,335.0863,23.99,24.58
Samsun,İlkadım,Aziz Atik Fen Lisesi,fen,469.3866,1.35,1.33
Samsun,Bafra,Bafra Anadolu İmam Hatip Lisesi,imamHatip,242.3509,88.66,59.15
Samsun,Bafra,Bafra Anadolu Lisesi,anadolu,388.6675,13.07,12.14
Samsun,Bafra,Bafra Fen Lisesi,fen,446.726,3.84,3.43
Samsun,Bafra,Bafra Kız Anadolu İmam Hatip Lisesi,imamHatip,201.8971,89.53,85.47
Samsun,Canik,Canik Borsa İstanbul Anadolu Lisesi,anadolu,410.8986,8.58,8.26
Samsun,Canik,Canik Fen Lisesi,fen,463.8603,1.74,1.76
Samsun,Canik,Canik Kız Anadolu İmam Hatip Lisesi,imamHatip,294.1821,37.23,37.21
Samsun,Çarşamba,Çarşamba Anadolu İmam Hatip Lisesi,imamHatip,179.8498,89.93,95.25
Samsun,Çarşamba,Çarşamba Fen Lisesi,fen,427.5007,5.69,5.79
Samsun,Çarşamba,Çarşamba Kız Anadolu İmam Hatip Lisesi,imamHatip,239.1578,58.22,61.15
Samsun,Çarşamba,Çarşamba Mesleki Ve Teknik Anadolu Lisesi,mesleki,214.7583,81.52,75.53
Samsun,İlkadım,Emine-Ahmet Yeni Kız Anadolu İmam Hatip Lisesi,imamHatip,369.5284,17,16.06
Samsun,Asarcık,Halil İyison Anadolu İmam Hatip Lisesi,imamHatip,174.4838,83.12,97.68
Samsun,Havza,Havza Anadolu İmam Hatip Lisesi,imamHatip,174.1486,74.75,97.75
Samsun,Havza,Havza Fen Lisesi,fen,384.0318,13.16,13.04
Samsun,İlkadım,İstiklal Ticaret Mesleki Ve Teknik Anadolu Lisesi,mesleki,228.6043,71.7,67.24
Samsun,Atakum,Omü Mesleki Ve Teknik Anadolu Lisesi (Motorlu Araçlar Teknolojisi Alanı),mesleki,378.6605,13.47,14.12
Samsun,Atakum,Omü Mesleki Ve Teknik Anadolu Lisesi (Bilişim Teknolojileri Alanı),mesleki,403.4533,8.44,9.49
Samsun,Atakum,Omü Mesleki Ve Teknik Anadolu Lisesi (Elektrik-Elektronik Teknolojisi Alanı),mesleki,389.1309,12.6,12.06
Samsun,Atakum,Omü Mesleki Ve Teknik Anadolu Lisesi (Siber Güvenlik Alanı),mesleki,395.8993,10.9,10.8
Samsun,Atakum,Onur Ateş Anadolu Lisesi,anadolu,428.3942,6.22,5.66
Samsun,İlkadım,Piri Reis Ticaret Mesleki Ve Teknik Anadolu Lisesi (Ulaştırma Hizmetleri Alanı),mesleki,163.8962,84.06,99.38
Samsun,İlkadım,Piri Reis Ticaret Mesleki Ve Teknik Anadolu Lisesi (Radyo-Televizyon Alanı),mesleki,173.2859,84.06,97.93
Samsun,İlkadım,Piri Reis Ticaret Mesleki Ve Teknik Anadolu Lisesi (Gazetecilik Alanı),mesleki,212.5753,84.06,78.14
Samsun,Kavak,Rıdvan Çelikel Fen Lisesi,fen,400.5791,10.43,10.05
Samsun,İlkadım,Samsun Anadolu İmam Hatip Lisesi,imamHatip,169.7588,86.12,98.54
Samsun,İlkadım,Samsun Anadolu Lisesi,anadolu,442.1356,3.94,3.94
Samsun,Atakum,Samsun Garip Zeycan Yıldırım Fen Lisesi,fen,480.0525,0.67,0.66
Samsun,İlkadım,Samsun İbrahim Tanrıverdi Sosyal Bilimler Lisesi,sosyal,384.7989,12,12.89
Samsun,Atakum,Şehit Emrah Sapa Anadolu İmam Hatip Lisesi,imamHatip,230.7738,85.36,65.87
Samsun,Tekkeköy,Tekkeköy Anadolu İmam Hatip Lisesi,imamHatip,311.273,30.02,31.56
Samsun,Terme,Temel Kır Kız Anadolu İmam Hatip Lisesi,imamHatip,190.7908,87.78,91.99
Samsun,Terme,Terme Anadolu İmam Hatip Lisesi,imamHatip,182.4107,55.82,95.25
Samsun,Terme,Terme Fen Lisesi,fen,403.3251,8.87,9.51
Samsun,Tekkeköy,Tıbbi Cihaz Teknolojileri Mesleki Ve Teknik Anadolu Lisesi (Makine Ve Tasarım Teknolojisi Alanı),mesleki,240.0023,38.56,60.44
Samsun,Tekkeköy,Tıbbi Cihaz Teknolojileri Mesleki Ve Teknik Anadolu Lisesi (Makine Ve Tasarım Teknolojisi Alanı) (2),mesleki,294.7423,38.56,37.01
Samsun,İlkadım,Türkiye Odalar Ve Borsalar Birliği İlyas Kılıç Mesleki Ve Teknik Anadolu Lisesi,mesleki,243.3811,60.56,58.59
Samsun,Vezirköprü,Vezirköprü Anadolu İmam Hatip Lisesi,imamHatip,167.2448,91.05,98.9
Samsun,Vezirköprü,Vezirköprü Hatice-Kemal Kayalıoğlu Fen Lisesi,fen,363.7387,16.62,17.34
Samsun,Vezirköprü,Vezirköprü Kız Anadolu İmam Hatip Lisesi,imamHatip,186.3154,86.17,94.07
Şanlıurfa,Karaköprü,Adnan Menderes Anadolu Lisesi,anadolu,351.5893,20.06,20.24
Şanlıurfa,Eyyübiye,Akabe Kız Anadolu İmam Hatip Lisesi,imamHatip,306.5314,34.7,32.92
Şanlıurfa,Akçakale,Akçakale Anadolu İmam Hatip Lisesi,imamHatip,205.2779,81.01,83.21
Şanlıurfa,Akçakale,Akçakale Fen Lisesi,fen,307.2487,33.29,32.86
Şanlıurfa,Akçakale,Akçakale Hatice Kübra Kız Anadolu İmam Hatip Lisesi,imamHatip,241.7742,64.45,59.46
Şanlıurfa,Akçakale,Altınbaşak Tarım Mesleki Ve Teknik Anadolu Lisesi,mesleki,215.545,76.98,75.53
Şanlıurfa,Birecik,Birecik Anadolu İmam Hatip Lisesi,imamHatip,188.154,88.18,93.25
Şanlıurfa,Bozova,Bozova Anadolu Lisesi,anadolu,210.5674,77.2,79.58
Şanlıurfa,Bozova,Bozova Kız Anadolu İmam Hatip Lisesi,imamHatip,172.479,77.98,98.09
Şanlıurfa,Haliliye,Çeaş Şanlıurfa Anadolu Lisesi,anadolu,413.5865,8.24,7.84
Şanlıurfa,Ceylanpınar,Ceylanpınar Anadolu İmam Hatip Lisesi,imamHatip,265.5543,52.11,48.09
Şanlıurfa,Ceylanpınar,Ceylanpınar Fen Lisesi,fen,357.7745,20.95,18.74
Şanlıurfa,Ceylanpınar,Ceylanpınar Kız Anadolu İmam Hatip Lisesi,imamHatip,255.4278,71.96,52.59
Şanlıurfa,Ceylanpınar,Ceylanpınar Mesleki Ve Teknik Anadolu Lisesi (Bilişim Teknolojileri Alanı),mesleki,182.5282,85.04,95.25
Şanlıurfa,Ceylanpınar,Ceylanpınar Mesleki Ve Teknik Anadolu Lisesi (Tarım Alanı),mesleki,196.9984,85.52,88.59
Şanlıurfa,Eyyübiye,Direkli Ayhan Şahenk Mesleki Ve Teknik Anadolu Lisesi (Elektrik-Elektronik Teknolojisi Alanı),mesleki,202.0241,78.97,85.39
Şanlıurfa,Eyyübiye,Direkli Ayhan Şahenk Mesleki Ve Teknik Anadolu Lisesi (Tesisat Teknolojisi Ve İklimlendirme Alanı),mesleki,170.7452,85.45,98.4
Şanlıurfa,Eyyübiye,Direkli Ayhan Şahenk Mesleki Ve Teknik Anadolu Lisesi (İnşaat Teknolojisi Alanı),mesleki,173.2499,89.03,97.94
Şanlıurfa,Siverek,El-Cabir Mesleki Ve Teknik Anadolu Lisesi,mesleki,207.5665,74.99,81.65
Şanlıurfa,Hilvan,El Cezeri Anadolu İmam Hatip Lisesi,imamHatip,277.0473,47.96,43.43
Şanlıurfa,Eyyübiye,Gap Kız Mesleki Ve Teknik Anadolu Lisesi,mesleki,177.1099,78,97.09
Şanlıurfa,Haliliye,Hacı Bozan Bozanoğlu Mesleki Ve Teknik Anadolu Lisesi,mesleki,321.2529,28.14,28.37
Şanlıurfa,Halfeti,Halfeti Anadolu Lisesi,anadolu,264.4954,55.26,48.54
Şanlıurfa,Halfeti,Halfeti Selahaddin Eyyubi Anadolu İmam Hatip Lisesi,imamHatip,185.9914,85.97,94.2
Şanlıurfa,Harran,Harran Şehit İbrahim Taş Kız Anadolu İmam Hatip Lisesi,imamHatip,251.9812,54.16,54.21
Şanlıurfa,Hilvan,Hilvan Kız Anadolu İmam Hatip Lisesi,imamHatip,221.0224,77.84,72.23
Şanlıurfa,Hilvan,Hilvan Şair Nabi Anadolu Lisesi,anadolu,238.7181,59.66,61.17
Şanlıurfa,Karaköprü,İsmail-Nazif Bayraktar Kız Mesleki Ve Teknik Anadolu Lisesi,mesleki,291.5541,34.31,38.12
Şanlıurfa,Karaköprü,Karaköprü Gap Mesleki Ve Teknik Anadolu Lisesi,mesleki,239.2419,47.54,61.15
Şanlıurfa,Karaköprü,Karaköprü Hatice Kübra Kız Anadolu İmam Hatip Lisesi,imamHatip,338.774,23.86,23.57
Şanlıurfa,Viranşehir,Kemal Edip Kürkçüoğlu Kız Anadolu İmam Hatip Lisesi,imamHatip,305.0563,36.39,33.57
Şanlıurfa,Eyyübiye,Mahmut-İkbal Büyükkırcalı Mesleki Ve Teknik Anadolu Lisesi,mesleki,183.2202,85.87,95.25
Şanlıurfa,Birecik,Mehmet Adil Çulcuoğlu Anadolu Lisesi,anadolu,327.342,28.24,26.74
Şanlıurfa,Haliliye,Mehmet Güneş Anadolu Lisesi,anadolu,370.836,15.46,15.78
Şanlıurfa,Karaköprü,Milli İrade Kız Anadolu İmam Hatip Lisesi,imamHatip,354.3906,19.53,19.55
Şanlıurfa,Siverek,Molla Ramazan Anadolu İmam Hatip Lisesi,imamHatip,213.0344,87.8,77.82
Şanlıurfa,Karaköprü,Necip Fazıl Kısakürek Fen Lisesi,fen,405.5957,9.21,9.13
Şanlıurfa,Siverek,Prof. Dr. Abdulkadir Karahan Fen Lisesi,fen,393.6512,9.48,11.26
Şanlıurfa,Haliliye,Prof.Dr.Necmettin Erbakan Anadolu İmam Hatip Lisesi,imamHatip,328.9057,26.33,26.3
Şanlıurfa,Eyyübiye,Şair Nabi Fen Lisesi,fen,354.3313,19.75,19.57
Şanlıurfa,Haliliye,Şanlıurfa Anadolu İmam Hatip Lisesi,imamHatip,300.5089,36.56,35.08
Şanlıurfa,Haliliye,Şanlıurfa Anadolu Lisesi,anadolu,393.6085,11.2,11.26
Şanlıurfa,Haliliye,Şanlıurfa Fen Lisesi,fen,455.4778,3.05,2.51
Şanlıurfa,Haliliye,Şanlıurfa Sosyal Bilimler Lisesi,sosyal,336.8994,23.02,24.09
Şanlıurfa,Akçakale,Şehit Astsubay Halil Kanat Anadolu Lisesi,anadolu,255.7378,53.55,52.44
Şanlıurfa,Viranşehir,Şehit Casım Yılmaz Anadolu Lisesi,anadolu,352.4888,19.44,20.02
Şanlıurfa,Haliliye,Şehit Onur Kılıç Anadolu İmam Hatip Lisesi,imamHatip,314.8695,31.11,30.47
Şanlıurfa,Siverek,Siverek Anadolu İmam Hatip Lisesi,imamHatip,173.3211,90.59,97.92
Şanlıurfa,Siverek,Siverek Anadolu Lisesi,anadolu,330.8344,25.93,25.65
Şanlıurfa,Siverek,Siverek Karacadağ Anadolu Lisesi,anadolu,355.141,18.8,19.38
Şanlıurfa,Haliliye,Süleymaniye Kız Mesleki Ve Teknik Anadolu Lisesi,mesleki,165.1345,90.3,99.2
Şanlıurfa,Suruç,Suruç 11 Nisan Anadolu İmam Hatip Lisesi,imamHatip,175.3487,90.16,97.5
Şanlıurfa,Suruç,Suruç Fen Lisesi,fen,318.5551,29.16,29.34
Şanlıurfa,Suruç,Suruç Gap Anadolu Lisesi,anadolu,279.4843,47.75,42.49
Şanlıurfa,Eyyübiye,Tes-İş Anadolu Lisesi,anadolu,333.0955,24.99,25.12
Şanlıurfa,Haliliye,Tobb Fen Lisesi,fen,432.4298,5.66,5.14
Şanlıurfa,Birecik,Türkan Halit Aykılıç Fen Lisesi,fen,394.86,11.16,10.98
Şanlıurfa,Haliliye,Urfa Mesleki Ve Teknik Anadolu Lisesi (Makine Ve Tasarım Teknolojisi Alanı),mesleki,249.7728,39.33,55.31
Şanlıurfa,Haliliye,Urfa Mesleki Ve Teknik Anadolu Lisesi (Elektrik-Elektronik Teknolojisi Alanı),mesleki,275.5399,39.33,44.02
Şanlıurfa,Haliliye,Urfa Mesleki Ve Teknik Anadolu Lisesi (Endüstriyel Otomasyon Teknolojileri Alanı),mesleki,262.2623,39.33,49.51
Şanlıurfa,Viranşehir,Viranşehir Anadolu İmam Hatip Lisesi,imamHatip,222.0786,69.13,71.52
Şanlıurfa,Viranşehir,Viranşehir Anadolu Lisesi,anadolu,321.941,28.75,28.33
Şanlıurfa,Viranşehir,Viranşehir Fen Lisesi,fen,386.1029,13,12.63
Şanlıurfa,Viranşehir,Viranşehir Tarım Mesleki Ve Teknik Anadolu Lisesi,mesleki,224.9781,66.51,69.58
Şanlıurfa,Viranşehir,Viranşehir Yunus Emre Anadolu Lisesi,anadolu,292.0052,39.21,37.96
Şanlıurfa,Haliliye,Yahya Kemal Beyatlı Anadolu Lisesi,anadolu,381.8993,13.19,13.46
Şanlıurfa,Siverek,Yusuf Sami Kız Anadolu İmam Hatip Lisesi,imamHatip,303.3553,37.18,34.12
Siirt,Merkez,Atatürk Anadolu Lisesi,anadolu,392.1262,10.37,11.48
Siirt,Merkez,İsmail Fakirullah Anadolu İmam Hatip Lisesi,imamHatip,191.7946,86.92,91.48
Siirt,Kurtalan,Kurtalan Anadolu İmam Hatip Lisesi,imamHatip,180.2836,61.37,95.25
Siirt,Kurtalan,Kurtalan Anadolu Lisesi,anadolu,318.3004,26.57,29.41
Siirt,Kurtalan,Kurtalan Fen Lisesi,fen,368.7721,15.21,16.22
Siirt,Kurtalan,Kurtalan Kız Anadolu İmam Hatip Lisesi,imamHatip,258.717,42.61,51.08
Siirt,Merkez,Marmara Anadolu Lisesi,anadolu,347.9208,20.4,21.17
Siirt,Merkez,Siirt Anadolu İmam Hatip Lisesi,imamHatip,203.2488,86.69,84.58
Siirt,Merkez,Siirt İbrahim Hakkı Kız Anadolu İmam Hatip Lisesi,imamHatip,276.0478,48.6,43.82
Siirt,Merkez,Siirt Lisesi,anadolu,373.2822,15.15,15.26
Siirt,Merkez,Siirt Merkez Abdülhamid Han Turizm Mesleki Ve Teknik Anadolu Lisesi (Konaklama Ve Seyahat Hizmetleri Alanı),mesleki,229.9699,70.6,66.38
Siirt,Merkez,Siirt Merkez Abdülhamid Han Turizm Mesleki Ve Teknik Anadolu Lisesi (Yiyecek İçecek Hizmetleri Alanı),mesleki,225.2358,70.6,69.41
Siirt,Merkez,Siirt Mesleki Ve Teknik Anadolu Lisesi,mesleki,255.6218,56.4,52.49
Siirt,Merkez,Siirt Sosyal Bilimler Lisesi,sosyal,323.7185,28.49,27.8
Siirt,Merkez,Siirt Türk Telekom Fen Lisesi,fen,422.218,5.4,6.53
Siirt,Tillo,Tillo Anadolu İmam Hatip Lisesi,imamHatip,197.7131,88.94,88.15
Sinop,Boyabat,Boyabat Anadolu İmam Hatip Lisesi,imamHatip,157.3243,81.03,100
Sinop,Boyabat,Boyabat Mesleki Ve Teknik Anadolu Lisesi (Elektrik-Elektronik Teknolojisi Alanı),mesleki,193.0083,91.59,90.83
Sinop,Boyabat,Boyabat Mesleki Ve Teknik Anadolu Lisesi (Makine Ve Tasarım Teknolojisi Alanı),mesleki,212.5878,91.59,78.13
Sinop,Merkez,Prof. Dr. Necmettin Erbakan Mesleki Ve Teknik Anadolu Lisesi (Konaklama Ve Seyahat Hizmetleri Alanı),mesleki,171.8806,63.97,98.21
Sinop,Merkez,Prof. Dr. Necmettin Erbakan Mesleki Ve Teknik Anadolu Lisesi (Yiyecek İçecek Hizmetleri Alanı),mesleki,205.4744,63.97,83.08
Sinop,Merkez,Şehit Ömer Can Açıkgöz Anadolu İmam Hatip Lisesi,imamHatip,215.4999,87.98,75.53
Sinop,Merkez,Seydi Ali Reis Mesleki Ve Teknik Anadolu Lisesi,mesleki,186.6999,86.1,93.95
Sinop,Merkez,Sinop Fen Lisesi,fen,419.503,8.43,6.95
Sinop,Merkez,Sinop Sarı Saltuk Anadolu Lisesi,anadolu,385.8352,15.75,12.69
Sinop,Merkez,Sinop Yusuf Kemal Tengirşenk Sosyal Bilimler Lisesi,sosyal,333.9253,24.64,24.89
Sinop,Boyabat,Türk Telekom Fen Lisesi,fen,363.0901,18.72,17.51
Şırnak,Cizre,Cizre Anadolu İmam Hatip Lisesi,imamHatip,266.1303,50.32,47.84
Şırnak,Cizre,Cizre Fen Lisesi,fen,394.2321,10.63,11.09
Şırnak,Cizre,Hacı Fettah Kadooğlu Anadolu Lisesi,anadolu,329.901,26.57,26.02
Şırnak,Silopi,Hacı Mehmet Ökten Anadolu İmam Hatip Lisesi,imamHatip,302.0223,34.9,34.57
Şırnak,Uludere,Hilal Anadolu İmam Hatip Lisesi,imamHatip,302.0031,34.6,34.57
Şırnak,İdil,İdil Anadolu Lisesi,anadolu,303.4963,31.28,34.07
Şırnak,İdil,İdil Kız Anadolu İmam Hatip Lisesi,imamHatip,198.9924,77.47,87.35
Şırnak,Merkez,Nazmiye Demirel Kız Mesleki Ve Teknik Anadolu Lisesi,mesleki,217.8924,73.93,74.41
Şırnak,Cizre,Recep Tayyip Erdoğan Anadolu Lisesi,anadolu,304.0912,32.99,33.89
Şırnak,Merkez,Şehri Nuh Anadolu İmam Hatip Lisesi,imamHatip,276.6112,44.07,43.6
Şırnak,Silopi,Senan İdin Fen Lisesi,fen,368.3085,15.61,16.4
Şırnak,Silopi,Silopi Atatürk Anadolu Lisesi,anadolu,327.7361,26.21,26.64
Şırnak,Merkez,Şırnak Anadolu Lisesi,anadolu,313.2732,29.4,30.97
Şırnak,Merkez,Şırnak Fatih Sosyal Bilimler Lisesi,sosyal,293.3156,39.36,37.5
Şırnak,Merkez,Şırnak Mesleki Ve Teknik Anadolu Lisesi (Bilişim Teknolojileri Alanı),mesleki,213.9072,75.69,77.61
Şırnak,Merkez,Şırnak Mesleki Ve Teknik Anadolu Lisesi (Elektrik-Elektronik Teknolojisi Alanı),mesleki,220.7281,75.69,72.43
Şırnak,Merkez,Şükrü Geliş Fen Lisesi,fen,357.6649,17.29,18.77
Sivas,Merkez,Asım Şahin Kız Anadolu İmam Hatip Lisesi,imamHatip,380.4282,16.97,13.74
Sivas,Merkez,Atatürk Mesleki Ve Teknik Anadolu Lisesi,mesleki,307.5574,33.61,32.76
Sivas,Gürün,Gürün Anadolu Lisesi,anadolu,252.442,52.47,53.99
Sivas,Merkez,İhramcızade Anadolu İmam Hatip Lisesi,imamHatip,413.5324,7.65,7.85
Sivas,Şarkışla,İsmet Yılmaz Fen Lisesi,fen,376.3955,16.84,14.61
Sivas,Kangal,Koç Anadolu Lisesi,anadolu,189.1649,84.91,92.78
Sivas,Yıldızeli,Pamukpınar Anadolu Lisesi,anadolu,187.4449,91.49,93.95
Sivas,Merkez,Prof. Dr. Necati Erşen Sosyal Bilimler Lisesi,sosyal,367.451,16.47,16.52
Sivas,Şarkışla,Şarkışla Anadolu İmam Hatip Lisesi,imamHatip,269.4676,70.84,46.46
Sivas,Şarkışla,Şehit Özgür Gencer Kız Anadolu İmam Hatip Lisesi,imamHatip,188.6891,72.06,93.01
Sivas,Merkez,Selçuk Anadolu Lisesi,anadolu,434.4322,4.84,4.87
Sivas,Suşehri,Semiha Yıldırım Anadolu İmam Hatip Lisesi,imamHatip,201.4824,74.72,85.73
Sivas,Merkez,Sivas Anadolu İmam Hatip Lisesi,imamHatip,230.865,65.05,65.82
Sivas,Merkez,Sivas Bilişim Teknolojileri Mesleki Ve Teknik Anadolu Lisesi (Bilişim Teknolojileri Alanı),mesleki,395.9503,10.94,10.79
Sivas,Merkez,Sivas Bilişim Teknolojileri Mesleki Ve Teknik Anadolu Lisesi (Siber Güvenlik Alanı),mesleki,390.6053,11.49,11.78
Sivas,Merkez,Sivas Fen Lisesi,fen,452.1621,2.85,2.84
Sivas,Merkez,Sivas Lisesi,anadolu,409.6764,8.73,8.46
Sivas,Merkez,Sivas Mesleki Ve Teknik Anadolu Lisesi (Elektrik-Elektronik Teknolojisi Alanı),mesleki,300.9673,37.75,34.92
Sivas,Merkez,Sivas Mesleki Ve Teknik Anadolu Lisesi (Endüstriyel Otomasyon Teknolojileri Alanı),mesleki,304.6508,37.75,33.7
Sivas,Merkez,Sultanşehir Turizm Mesleki Ve Teknik Anadolu Lisesi (Yiyecek İçecek Hizmetleri Alanı),mesleki,265.3936,47.96,48.15
Sivas,Merkez,Sultanşehir Turizm Mesleki Ve Teknik Anadolu Lisesi (Konaklama Ve Seyahat Hizmetleri Alanı),mesleki,249.5763,47.96,55.4
Sivas,Suşehri,Suşehri Fen Lisesi,fen,326.8551,26.9,26.89
Sivas,Merkez,Uluslararası Şehit M. Murat Ertekin Anadolu İmam Hatip Lisesi (FEN VE TEKNOLOJİ PROGRAMI),imamHatip,363.9997,,17.29
Sivas,Merkez,Uluslararası Şehit M. Murat Ertekin Anadolu İmam Hatip Lisesi (Fen Ve Sosyal Bilimler Programı),imamHatip,338.4493,25.99,23.66
Sivas,Zara,Zara Anadolu İmam Hatip Lisesi,imamHatip,207.6038,86.02,81.63
Sivas,Zara,Zara Mehmet Habib Soluk Fen Lisesi,fen,327.6807,24.47,26.65
Tekirdağ,Çorlu,Ahi Evran Mesleki Ve Teknik Anadolu Lisesi (Motorlu Araçlar Teknolojisi Alanı),mesleki,211.908,76.43,78.61
Tekirdağ,Çorlu,Ahi Evran Mesleki Ve Teknik Anadolu Lisesi (Endüstriyel Otomasyon Teknolojileri Alanı),mesleki,153.5874,76.43,100
Tekirdağ,Çorlu,Ahi Evran Mesleki Ve Teknik Anadolu Lisesi (Bilişim Teknolojileri Alanı),mesleki,218.7952,76.43,73.79
Tekirdağ,Çorlu,Ahi Evran Mesleki Ve Teknik Anadolu Lisesi (Elektrik-Elektronik Teknolojisi Alanı),mesleki,229.2087,76.43,66.86
Tekirdağ,Çerkezköy,Çerkezköy Anadolu Lisesi,anadolu,400.0492,11.98,10.08
Tekirdağ,Çerkezköy,Çerkezköy Halit Narin Mesleki Ve Teknik Anadolu Lisesi (Elektrik-Elektronik Teknolojisi Alanı),mesleki,246.9131,73.44,56.73
Tekirdağ,Çerkezköy,Çerkezköy Halit Narin Mesleki Ve Teknik Anadolu Lisesi (Bilişim Teknolojileri Alanı),mesleki,245.3321,73.44,57.57
Tekirdağ,Çerkezköy,Çerkezköy Türk Tekstil Vakfı Mesleki Ve Teknik Anadolu Lisesi,mesleki,216.3146,85.41,75.5
Tekirdağ,Çorlu,Çorlu Anadolu İmam Hatip Lisesi (Fen Ve Sosyal Bilimler Programı),imamHatip,249.138,73.97,55.61
Tekirdağ,Çorlu,Çorlu Anadolu İmam Hatip Lisesi (Hafızlık Projesi),imamHatip,185.597,75.34,94.36
Tekirdağ,Çorlu,Çorlu Borsa İstanbul Fen Lisesi,fen,447.0237,4,3.39
Tekirdağ,Çorlu,Çorlu Kız Mesleki Ve Teknik Anadolu Lisesi,mesleki,197.3692,79.54,88.36
Tekirdağ,Çorlu,Çorlu Mesleki Ve Teknik Anadolu Lisesi,mesleki,220.1983,,72.8
Tekirdağ,Süleymanpaşa,Ebru Nayim Fen Lisesi,fen,463.2077,1.78,1.82
Tekirdağ,Çerkezköy,Enesler Anadolu İmam Hatip Lisesi,imamHatip,170.7091,84.71,98.4
Tekirdağ,Kapaklı,Kapaklı Anadolu İmam Hatip Lisesi,imamHatip,186.0037,84.65,94.19
Tekirdağ,Kapaklı,Kapaklı Anadolu Lisesi,anadolu,378.3387,15.22,14.2
Tekirdağ,Malkara,Malkara Anadolu Lisesi,anadolu,304.0683,42.1,33.9
Tekirdağ,Çorlu,Mehmet Akif Ersoy Anadolu Lisesi,anadolu,400.1513,11.3,10.06
Tekirdağ,Saray,Mustafa Elmas Arıcı Anadolu Lisesi,anadolu,339.1595,23.91,23.47
Tekirdağ,Süleymanpaşa,Namık Kemal Lisesi,anadolu,390.155,12.74,11.86
Tekirdağ,Ergene,Şehit Mehmet Zeki Erden Anadolu İmam Hatip Lisesi,imamHatip,218.3514,87.36,74.1
Tekirdağ,Çorlu,Şehit Metin Arslan Kız Anadolu İmam Hatip Lisesi (Hafızlık Projesi),imamHatip,217.135,82.17,74.93
Tekirdağ,Çorlu,Şehit Metin Arslan Kız Anadolu İmam Hatip Lisesi (Fen Ve Sosyal Bilimler Programı),imamHatip,326.0401,28.98,27.13
Tekirdağ,Saray,Şehit Nihat Kara Anadolu İmam Hatip Lisesi,imamHatip,181.1366,85.24,95.25
Tekirdağ,Çerkezköy,Seval-Ahmet Çetin Fen Lisesi,fen,442.6884,4.91,3.88
Tekirdağ,Süleymanpaşa,Süleymanpaşa Turizm Mesleki Ve Teknik Anadolu Lisesi (Yiyecek İçecek Hizmetleri Alanı),mesleki,226.9499,61.16,68.3
Tekirdağ,Süleymanpaşa,Süleymanpaşa Turizm Mesleki Ve Teknik Anadolu Lisesi (Konaklama Ve Seyahat Hizmetleri Alanı),mesleki,250.7864,61.16,54.8
Tekirdağ,Süleymanpaşa,Tekirdağ Anadolu Lisesi,anadolu,428.4818,6.33,5.66
Tekirdağ,Süleymanpaşa,Tekirdağ Belediyesi Mehmet Serez Sosyal Bilimler Lisesi,sosyal,371.5555,16.08,15.62
Tekirdağ,Süleymanpaşa,Tekirdağ Mesleki Ve Teknik Anadolu Lisesi (Yenilenebilir Enerji Teknolojileri Alanı),mesleki,242.6799,33.9,58.96
Tekirdağ,Süleymanpaşa,Tekirdağ Mesleki Ve Teknik Anadolu Lisesi (Makine Ve Tasarım Teknolojisi Alanı),mesleki,262.9033,33.9,49.23
Tekirdağ,Süleymanpaşa,Tekirdağ Mesleki Ve Teknik Anadolu Lisesi (Elektrik-Elektronik Teknolojisi Alanı),mesleki,302.3069,33.9,34.47
Tekirdağ,Süleymanpaşa,Trakya Anadolu İmam Hatip Lisesi,imamHatip,352.0392,21.52,20.13
Tekirdağ,Süleymanpaşa,Uluslararası Şehit Münür Alkan Anadolu İmam Hatip Lisesi,imamHatip,167.9867,84.8,98.79
Tekirdağ,Çerkezköy,Veliköy Organize Sanayi Bölgesi Mesleki Ve Teknik Anadolu Lisesi (MAKİNE VE TASARIM TEKNOLOJİSİ ALANI),mesleki,235.4105,,63.06
Tekirdağ,Çerkezköy,Veliköy Organize Sanayi Bölgesi Mesleki Ve Teknik Anadolu Lisesi (Kimya Teknolojisi Alanı),mesleki,165.5398,91.81,99.14
Tokat,Niksar,15 Temmuz Şehit Erdem Diker Anadolu İmam Hatip Lisesi,imamHatip,184.1407,92.84,94.92
Tokat,Turhal,15 Temmuz Şehit Ferhat Koç Kız Anadolu İmam Hatip Lisesi,imamHatip,309.5515,37.87,32.13
Tokat,Artova,Artova Anadolu Lisesi,anadolu,186.0772,69.58,94.16
Tokat,Merkez,Cumhuriyet Mesleki Ve Teknik Anadolu Lisesi (Kimya Teknolojisi Alanı),mesleki,181.4899,65.8,95.25
Tokat,Merkez,Cumhuriyet Mesleki Ve Teknik Anadolu Lisesi (Harita-Tapu-Kadastro Alanı),mesleki,168.256,65.8,98.75
Tokat,Erbaa,Erbaa Anadolu İmam Hatip Lisesi,imamHatip,252.6478,55.76,53.88
Tokat,Erbaa,Erbaa Kız Anadolu İmam Hatip Lisesi,imamHatip,242.9593,88.92,58.81
Tokat,Erbaa,Erbaa Merkez Anadolu Lisesi,anadolu,393.0566,13.49,11.31
Tokat,Merkez,Gazi Osman Paşa Lisesi,anadolu,428.4185,5.23,5.66
Tokat,Merkez,M.Emin Saraç Anadolu İmam Hatip Lisesi,imamHatip,352.4463,22.49,20.03
Tokat,Turhal,Neziha-Kazım Atıcı Anadolu İmam Hatip Lisesi,imamHatip,186.3994,,94.05
Tokat,Niksar,Niksar Prof. Dr. Mustafa Erol Turaçlı Fen Lisesi,fen,390.6893,15.58,11.76
Tokat,Reşadiye,Reşadiye Borsa İstanbul Fen Lisesi,fen,337.8138,25.35,23.83
Tokat,Merkez,Tokat Anadolu İmam Hatip Lisesi,imamHatip,285.5354,45.71,40.24
Tokat,Merkez,Tokat Borsa İstanbul Sosyal Bilimler Lisesi,sosyal,382.8145,12.94,13.28
Tokat,Merkez,Tokat Borsa İstanbul Sosyal Bilimler Lisesi (2),sosyal,400.4609,10.44,10.05
Tokat,Merkez,Tokat Fen Lisesi,fen,459.115,1.93,2.17
Tokat,Merkez,Tokat Gaziosmanpaşa Üniversitesi Tarım Mesleki Ve Teknik Anadolu Lisesi,mesleki,215.7473,87.85,75.53
Tokat,Merkez,Tokat Mesleki Ve Teknik Anadolu Lisesi (Elektrik-Elektronik Teknolojisi Alanı),mesleki,236.135,60.93,62.64
Tokat,Merkez,Tokat Mesleki Ve Teknik Anadolu Lisesi (Motorlu Araçlar Teknolojisi Alanı),mesleki,211.346,60.93,79.01
Tokat,Turhal,Turhal Şeker Fen Lisesi,fen,384.7117,14.09,12.9
Tokat,Merkez,Uluslararası Tokat Anadolu İmam Hatip Lisesi,imamHatip,381.89,13.73,13.46
Tokat,Merkez,Yeşilırmak Ticaret Mesleki Ve Teknik Anadolu Lisesi,mesleki,173.998,,97.78
Tokat,Erbaa,Yılmaz Kayalar Fen Lisesi,fen,417.6318,7.92,7.2
Tokat,Zile,Zile Anadolu İmam Hatip Lisesi,imamHatip,183.0929,87.75,95.25
Tokat,Zile,Zile Fen Lisesi,fen,397.1083,12.56,10.59
Tokat,Merkez,Zübeyde Hanım Kız Mesleki Ve Teknik Anadolu Lisesi (Matbaa Teknolojisi Alanı),mesleki,183.7213,81.06,95.08
Tokat,Merkez,Zübeyde Hanım Kız Mesleki Ve Teknik Anadolu Lisesi (Grafik Ve Fotoğraf Alanı),mesleki,188.2109,81.06,93.23
Trabzon,Beşikdüzü,Ahmet Gün Anadolu İmam Hatip Lisesi,imamHatip,220.2308,57.53,72.78
Trabzon,Akçaabat,Akçaabat Anadolu İmam Hatip Lisesi,imamHatip,351.1986,23,20.34
Trabzon,Akçaabat,Akçaabat Anadolu Lisesi,anadolu,393.714,11.87,11.26
Trabzon,Akçaabat,Akçaabat Atatürk Turizm Mesleki Ve Teknik Anadolu Lisesi (Konaklama Ve Seyahat Hizmetleri Alanı),mesleki,202.5149,63.91,85.06
Trabzon,Akçaabat,Akçaabat Atatürk Turizm Mesleki Ve Teknik Anadolu Lisesi (Yiyecek İçecek Hizmetleri Alanı),mesleki,227.6248,63.91,67.86
Trabzon,Akçaabat,Akçaabat Fen Lisesi,fen,443.6934,3.22,3.77
Trabzon,Akçaabat,Akçaabat Mesleki Ve Teknik Anadolu Lisesi,mesleki,173.0281,88.91,97.98
Trabzon,Araklı,Araklı Mehmet Akif Ersoy Anadolu Lisesi,anadolu,332.8007,27.21,25.21
Trabzon,Beşikdüzü,Beşikdüzü Borsa İstanbul Fen Lisesi,fen,402.0392,9.99,9.73
Trabzon,Ortahisar,Borsa İstanbul Kız Mesleki Ve Teknik Anadolu Lisesi,mesleki,216.9405,63.31,75.07
Trabzon,Ortahisar,Dursun Ali Kurt Anadolu İmam Hatip Lisesi,imamHatip,408.2844,9.24,8.69
Trabzon,Yomra,Hacı Hakkı Çalık Anadolu İmam Hatip Lisesi,imamHatip,314.7741,25.12,30.49
Trabzon,Ortahisar,Kanuni Anadolu Lisesi,anadolu,431.3901,5.01,5.32
Trabzon,Maçka,Maçka Mesleki Ve Teknik Anadolu Lisesi,mesleki,170.5785,,98.42
Trabzon,Maçka,Maçka Şehit Eren Bülbül Anadolu İmam Hatip Lisesi,imamHatip,234.0862,53.81,63.85
Trabzon,Ortahisar,Mahmut Celaleddin Ökten Anadolu İmam Hatip Lisesi,imamHatip,441.0618,3.6,4.11
Trabzon,Arsin,Mehmet Rüştü Aşıkkutlu Anadolu İmam Hatip Lisesi,imamHatip,294.0147,32.26,37.26
Trabzon,Of,Of Anadolu İmam Hatip Lisesi,imamHatip,248.8712,43.5,55.75
Trabzon,Of,Of Fen Lisesi,fen,409.1063,9.71,8.68
Trabzon,Of,Of Hacı Mehmet Bahattin Ulusoy Mesleki Ve Teknik Anadolu Lisesi,mesleki,225.1416,,69.47
Trabzon,Ortahisar,Prof. Dr. Necmettin Erbakan Mesleki Ve Teknik Anadolu Lisesi,mesleki,248.5514,53.12,55.91
Trabzon,Araklı,Saffet Çebi Mesleki Ve Teknik Anadolu Lisesi,mesleki,173.978,85.32,97.79
Trabzon,Akçaabat,Şehit Samet Uslu Kız Anadolu İmam Hatip Lisesi,imamHatip,314.3492,28.6,30.63
Trabzon,Sürmene,Sürmene Hasan Tahsin Kırali Anadolu Lisesi,anadolu,361.74,19.42,17.81
Trabzon,Ortahisar,Tevfik Serdar Anadolu Lisesi,anadolu,413.8658,7.93,7.8
Trabzon,Ortahisar,"Trabzon Kız Anadolu İmam Hatip Lisesi (Fen Ve Sosyal Bilimler Programı, İngilizce, 4 yıl)",imamHatip,371.0235,15.5,15.74
Trabzon,Ortahisar,"Trabzon Kız Anadolu İmam Hatip Lisesi (Fen Ve Sosyal Bilimler Programı, Arapça, 5 yıl)",imamHatip,355.2799,22.73,19.35
Trabzon,Ortahisar,Trabzon Merkez Fen Lisesi,fen,469.9889,1.09,1.28
Trabzon,Ortahisar,Trabzon Mesleki Ve Teknik Anadolu Lisesi,mesleki,264.1117,50.13,48.7
Trabzon,Ortahisar,Trabzon Sosyal Bilimler Lisesi,sosyal,383.6824,13.46,13.1
Trabzon,Yomra,Trabzon Yomra Fen Lisesi,fen,460.0699,1.8,2.09
Trabzon,Vakfıkebir,Vakfıkebir Anadolu İmam Hatip Lisesi,imamHatip,284.5567,36.36,40.6
Trabzon,Vakfıkebir,Vakfıkebir Fen Lisesi,fen,397.12,11.14,10.59
Trabzon,Vakfıkebir,Vakfıkebir Turizm Mesleki Ve Teknik Anadolu Lisesi (Konaklama Ve Seyahat Hizmetleri Alanı),mesleki,189.6254,81.46,92.56
Trabzon,Vakfıkebir,Vakfıkebir Turizm Mesleki Ve Teknik Anadolu Lisesi (Yiyecek İçecek Hizmetleri Alanı),mesleki,184.5212,81.46,94.78
Tunceli,Merkez,Atatürk Mesleki Ve Teknik Anadolu Lisesi,mesleki,183.2009,70.76,95.25
Tunceli,Pertek,Pertek Anadolu İmam Hatip Lisesi,imamHatip,164.466,87.14,99.3
Tunceli,Merkez,Tunceli Anadolu Lisesi,anadolu,357.563,19.36,18.8
Tunceli,Merkez,Tunceli Türk Telekom Fen Lisesi,fen,393.3869,12.67,11.26
Uşak,Sivaslı,Dursun Yalım Fen Lisesi,fen,394.6677,11.45,11.01
Uşak,Merkez,Ertuğrul Gazi Anadolu İmam Hatip Lisesi,imamHatip,423.7071,8.14,6.31
Uşak,Merkez,Fevzi Çakmak Kız Anadolu İmam Hatip Lisesi,imamHatip,342.9918,22.55,22.46
Uşak,Banaz,Miyase Durmuş Tanış Anadolu İmam Hatip Lisesi,imamHatip,207.4221,90.05,81.75
Uşak,Merkez,Şehit Abdulkadir Kılavuz Anadolu Lisesi,anadolu,410.7071,8.16,8.29
Uşak,Eşme,Şehit Cemalettin Avcı Sosyal Bilimler Lisesi,sosyal,325.3516,25.77,27.3
Uşak,Eşme,Şehit Mustafa Eğerci Anadolu İmam Hatip Lisesi,imamHatip,295.4946,38.8,36.75
Uşak,Sivaslı,Sivaslı Anadolu İmam Hatip Lisesi,imamHatip,185.0533,85.44,94.58
Uşak,Merkez,Uşak Fen Lisesi,fen,449.0951,3.07,3.16
Uşak,Merkez,Uşak Türkiye Odalar Ve Borsalar Birliği Mesleki Ve Teknik Anadolu Lisesi (Makine Ve Tasarım Teknolojisi Alanı),mesleki,196.9461,34.56,88.62
Uşak,Merkez,Uşak Türkiye Odalar Ve Borsalar Birliği Mesleki Ve Teknik Anadolu Lisesi (Elektrik-Elektronik Teknolojisi Alanı),mesleki,304.5133,34.56,33.74
Uşak,Merkez,Uşak Türkiye Odalar Ve Borsalar Birliği Mesleki Ve Teknik Anadolu Lisesi (Bilişim Teknolojileri Alanı),mesleki,263.899,34.56,48.79
Uşak,Merkez,Uşak Türkiye Odalar Ve Borsalar Birliği Mesleki Ve Teknik Anadolu Lisesi (Motorlu Araçlar Teknolojisi Alanı),mesleki,227.9985,34.56,67.63
Van,Tuşba,Abdurrahman Gazi Borsa İstanbul Anadolu Lisesi,anadolu,368.6947,16.51,16.24
Van,Başkale,Başkale Anadolu İmam Hatip Lisesi,imamHatip,161.1295,92.33,99.78
Van,Çaldıran,Çaldıran Anadolu İmam Hatip Lisesi,imamHatip,169.8961,82.63,98.52
Van,Edremit,Edremit Anadolu İmam Hatip Lisesi,imamHatip,283.9449,40.53,40.82
Van,Erciş,Erciş Fen Lisesi,fen,400.3634,10.39,10.05
Van,Erciş,Erciş Kız Mesleki Ve Teknik Anadolu Lisesi,mesleki,252.5563,50.95,53.93
Van,Erciş,Erciş Sosyal Bilimler Lisesi,sosyal,351.6964,20.09,20.22
Van,Edremit,Evliya Çelebi Turizm Mesleki Ve Teknik Anadolu Lisesi (Konaklama Ve Seyahat Hizmetleri Alanı),mesleki,263.8565,54.55,48.81
Van,Edremit,Evliya Çelebi Turizm Mesleki Ve Teknik Anadolu Lisesi (Yiyecek İçecek Hizmetleri Alanı),mesleki,242.9573,54.55,58.81
Van,Tuşba,Hüseyin Çelik Kız Anadolu İmam Hatip Lisesi,imamHatip,264.6252,49.91,48.49
Van,İpekyolu,İpekyolu Borsa İstanbul Fen Lisesi,fen,432.5254,4.68,5.12
Van,İpekyolu,İskele Kız Anadolu İmam Hatip Lisesi,imamHatip,328.9195,27.47,26.29
Van,Tuşba,Kalecik Mesleki Ve Teknik Anadolu Lisesi,mesleki,190.0617,85,92.36
Van,İpekyolu,Kazım Karabekir Anadolu Lisesi,anadolu,393.4543,10.71,11.26
Van,İpekyolu,Mehmet Erdemoğlu Mesleki Ve Teknik Anadolu Lisesi (Endüstriyel Otomasyon Teknolojileri Alanı),mesleki,268.096,38.96,47.02
Van,İpekyolu,Mehmet Erdemoğlu Mesleki Ve Teknik Anadolu Lisesi (Elektrik-Elektronik Teknolojisi Alanı),mesleki,289.9109,38.96,39.09
Van,İpekyolu,Mehmet Erdemoğlu Mesleki Ve Teknik Anadolu Lisesi (Bilişim Teknolojileri Alanı),mesleki,304.3549,38.96,33.8
Van,Edremit,Mizancı Murat Anadolu İmam Hatip Lisesi,imamHatip,232.2414,55.86,64.96
Van,Muradiye,Muradiye Alpaslan Fen Lisesi,fen,352.2002,16.63,20.1
Van,Muradiye,Muradiye Anadolu İmam Hatip Lisesi,imamHatip,170.3454,88.93,98.45
Van,İpekyolu,Niyazi Türkmenoğlu Anadolu Lisesi,anadolu,407.1856,8.09,8.86
Van,Özalp,Özalp Kız Anadolu İmam Hatip Lisesi,imamHatip,184.9243,85.67,94.62
Van,Gürpınar,Şehit Haluk Varlı Anadolu İmam Hatip Lisesi,imamHatip,188.1512,87.17,93.26
Van,Gevaş,Şehit İbrahim Han Anadolu İmam Hatip Lisesi,imamHatip,197.017,,88.57
Van,Erciş,Şehit Polis Halil Hamuryen Kız Anadolu İmam Hatip Lisesi,imamHatip,276.3375,41.95,43.7
Van,Erciş,Sevim Kürüm Anadolu Lisesi,anadolu,366.9675,18.31,16.63
Van,Erciş,Tevfik İleri Anadolu İmam Hatip Lisesi,imamHatip,247.728,46.39,56.32
Van,Edremit,Türkiye Yardımsevenler Derneği Anadolu Lisesi,anadolu,385.5335,12.93,12.74
Van,Tuşba,Tuşba Şehit Ferhat Arslan Anadolu İmam Hatip Lisesi,imamHatip,155.3138,89.4,100
Van,Tuşba,Tuşba Tarım Mesleki Ve Teknik Anadolu Lisesi,mesleki,185.0953,93.08,94.56
Van,Tuşba,Tuşba Türkiye Odalar Ve Borsalar Birliği Fen Lisesi,fen,416.9241,7.2,7.31
Van,İpekyolu,"Van Anadolu İmam Hatip Lisesi (Fen Ve Sosyal Bilimler Programı, İngilizce, 4 yıl)",imamHatip,359.4086,19.09,18.36
Van,İpekyolu,"Van Anadolu İmam Hatip Lisesi (Fen Ve Sosyal Bilimler Programı, Farsça, 5 yıl)",imamHatip,310.1238,25.29,31.96
Van,İpekyolu,Van Atatürk Anadolu Lisesi,anadolu,379.962,14.25,13.75
Van,Edremit,Van-Borsa İstanbul Mesleki Ve Teknik Anadolu Lisesi,mesleki,334.8515,23.6,24.64
Van,Edremit,Van Türk Telekom Fen Lisesi,fen,451.503,2.51,2.91
Yalova,Merkez,Şaban Temuge Turizm Mesleki Ve Teknik Anadolu Lisesi (Yiyecek İçecek Hizmetleri Alanı),mesleki,212.4245,88.23,78.25
Yalova,Merkez,Şaban Temuge Turizm Mesleki Ve Teknik Anadolu Lisesi (Konaklama Ve Seyahat Hizmetleri Alanı),mesleki,158.5766,88.23,100
Yalova,Merkez,Sabri Ekşinozlugil Anadolu İmam Hatip Lisesi,imamHatip,191.8246,88.02,91.46
Yalova,Çiftlikköy,Şehit Muhammed İslam Altuğ Anadolu İmam Hatip Lisesi,imamHatip,333.3703,27.19,25.04
Yalova,Merkez,Şehit Osman Altınkuyu Anadolu Lisesi,anadolu,398.7983,10.54,10.29
Yalova,Merkez,Şehit Sercan Yazar Mesleki Ve Teknik Anadolu Lisesi,mesleki,286.0882,43.2,40.05
Yalova,Altınova,Yalova Altınova Tersane Girişimcileri A.Ş. Denizcilik Mesleki Ve Teknik Anadolu Lisesi,mesleki,249.0269,63.23,55.67
Yalova,Merkez,Yalova Lisesi,anadolu,373.3797,17.34,15.24
Yalova,Merkez,Yalova Necmettin Erbakan Sosyal Bilimler Lisesi,sosyal,350.8034,22.56,20.44
Yalova,Merkez,Yalova-Termal Fen Lisesi,fen,439.5573,4.35,4.25
Yalova,Merkez,Zehra Ekşinozlugil Kız Anadolu İmam Hatip Lisesi,imamHatip,267.9895,61.95,47.06
Yozgat,Merkez,Ayşe Ilıcak Kız Anadolu İmam Hatip Lisesi,imamHatip,205.9558,77.47,82.75
Yozgat,Merkez,Erdoğan Akdağ Fen Lisesi,fen,397.1947,9.23,10.57
Yozgat,Merkez,Fatih Turizm Mesleki Ve Teknik Anadolu Lisesi (Yiyecek İçecek Hizmetleri Alanı),mesleki,196.1324,89,89.09
Yozgat,Merkez,Fatih Turizm Mesleki Ve Teknik Anadolu Lisesi (Konaklama Ve Seyahat Hizmetleri Alanı),mesleki,176.5714,89,97.23
Yozgat,Yerköy,Hüseyin Erbaş Anadolu İmam Hatip Lisesi,imamHatip,225.4929,87.61,69.24
Yozgat,Akdağmadeni,Kazım Karabekir Fen Lisesi,fen,326.8879,24.51,26.88
Yozgat,Sorgun,Mevlüde-Ahmet Doğanay Fen Lisesi,fen,378.4419,13.15,14.17
Yozgat,Boğazlıyan,Millî Şehit Kaymakam Kemal Bey Fen Lisesi,fen,339.5223,24.18,23.37
Yozgat,Merkez,Mimar Sinan Mesleki Ve Teknik Anadolu Lisesi (Makine Ve Tasarım Teknolojisi Alanı),mesleki,193.6881,80.05,90.47
Yozgat,Merkez,Mimar Sinan Mesleki Ve Teknik Anadolu Lisesi (Elektrik-Elektronik Teknolojisi Alanı),mesleki,207.4183,80.05,81.75
Yozgat,Boğazlıyan,Necmettin Yıldız Mesleki Ve Teknik Anadolu Lisesi,mesleki,194.0327,90.56,90.28
Yozgat,Sorgun,Osman Çavuş Mesleki Ve Teknik Anadolu Lisesi,mesleki,172.7689,88.37,98.04
Yozgat,Çekerek,Osman Durmaz Fen Lisesi,fen,310.7225,39.61,31.77
Yozgat,Merkez,Şehit Fuat Bahadır Buharalıoğlu Anadolu Lisesi,anadolu,347.2279,21.8,21.36
Yozgat,Sarıkaya,Şehit Hasan Hüseyin Aksoy Anadolu Lisesi,anadolu,267.0401,50.43,47.66
Yozgat,Akdağmadeni,Şehit Hasan Hüseyin Özdemir Anadolu İmam Hatip Lisesi,imamHatip,235.7121,88.93,62.89
Yozgat,Sorgun,Şehit Mücahit Erbaş Anadolu İmam Hatip Lisesi,imamHatip,197.0263,87.49,88.57
Yozgat,Yerköy,Şehit Muzaffer Tufaner Kız Anadolu İmam Hatip Lisesi,imamHatip,198.8849,79.65,87.42
Yozgat,Sorgun,Şehit Nusrat Atmaca Kız Anadolu İmam Hatip Lisesi,imamHatip,247.4773,53.41,56.45
Yozgat,Sorgun,Sorgun Şehit Ahmet Alan Anadolu Lisesi,anadolu,332.2976,24.66,25.35
Yozgat,Yerköy,Yerköy Şehit İdris Aydoğdu Fen Lisesi,fen,345.7963,22.22,21.73
Yozgat,Merkez,Yozgat Anadolu İmam Hatip Lisesi,imamHatip,178.1316,92.18,96.83
Yozgat,Merkez,Yozgat Lisesi,anadolu,376.8203,14,14.58
Yozgat,Merkez,Yozgat Şehitler Fen Lisesi,fen,425.798,5.25,6.05
Zonguldak,Ereğli,15 Temmuz Şehitleri Anadolu İmam Hatip Lisesi,imamHatip,293.7359,33.51,37.35
Zonguldak,Alaplı,Alaplı Anadolu İmam Hatip Lisesi,imamHatip,263.431,85.69,49
Zonguldak,Alaplı,Alaplı Borsa İstanbul Fen Lisesi,fen,377.2803,16.39,14.58
Zonguldak,Çaycuma,Çaycuma Anadolu İmam Hatip Lisesi,imamHatip,213.7313,80.63,77.61
Zonguldak,Çaycuma,Çaycuma Ticaret Ve Sanayi Odası Fen Lisesi,fen,383.9642,14.87,13.05
Zonguldak,Devrek,Devrek Anadolu İmam Hatip Lisesi,imamHatip,197.1495,82.61,88.49
Zonguldak,Devrek,Devrek Kız Anadolu İmam Hatip Lisesi,imamHatip,183.0156,84.34,95.25
Zonguldak,Ereğli,Ereğli Mesleki Ve Teknik Anadolu Lisesi (Elektrik-Elektronik Teknolojisi Alanı),mesleki,322.4453,29.63,28.18
Zonguldak,Ereğli,Ereğli Mesleki Ve Teknik Anadolu Lisesi (Metalürji Teknolojisi Alanı),mesleki,268.5869,29.63,46.82
Zonguldak,Ereğli,İbrahim-Süheyla İzmirli Fen Lisesi,fen,423.1805,6.62,6.39
Zonguldak,Ereğli,Kdz. Ereğli Anadolu Lisesi,anadolu,389.1441,14.78,12.06
Zonguldak,Kilimli,Kilimli Anadolu Lisesi,anadolu,186.3487,88.76,94.06
Zonguldak,Merkez,Mehmet Çelikel Lisesi,anadolu,356.7126,18.75,19.01
Zonguldak,Çaycuma,Nuran Ve Celal Gülşen Mesleki Ve Teknik Anadolu Lisesi (Elektrik-Elektronik Teknolojisi Alanı),mesleki,245.2152,53.49,57.63
Zonguldak,Çaycuma,Nuran Ve Celal Gülşen Mesleki Ve Teknik Anadolu Lisesi (Endüstriyel Otomasyon Teknolojileri Alanı),mesleki,226.5421,53.49,68.56
Zonguldak,Çaycuma,Oktay Ve Olcay Yurtbay Anadolu Lisesi,anadolu,353.8066,20.62,19.7
Zonguldak,Ereğli,Piri Reis Turizm Mesleki Ve Teknik Anadolu Lisesi (Yiyecek İçecek Hizmetleri Alanı),mesleki,249.0727,59.74,55.64
Zonguldak,Ereğli,Piri Reis Turizm Mesleki Ve Teknik Anadolu Lisesi (Konaklama Ve Seyahat Hizmetleri Alanı),mesleki,241.4553,59.74,59.64
Zonguldak,Devrek,Sabahat-Cemil Ulupınar Fen Lisesi,fen,376.375,15.32,14.61
Zonguldak,Merkez,Saime Toptan Sosyal Bilimler Lisesi,sosyal,325.1927,26.95,27.3
Zonguldak,Merkez,Şehit Gökhan Esen Anadolu İmam Hatip Lisesi,imamHatip,206.8719,48.14,82.13
Zonguldak,Merkez,"Şehit Prof. Dr. İlhan Varank Kız Anadolu İmam Hatip Lisesi (Fen Ve Sosyal Bilimler Programı, 5 yıl)",imamHatip,160.5204,85.4,99.86
Zonguldak,Merkez,"Şehit Prof. Dr. İlhan Varank Kız Anadolu İmam Hatip Lisesi (Fen Ve Sosyal Bilimler Programı, 4 yıl)",imamHatip,225.9459,86.93,68.95
Zonguldak,Çaycuma,Şehit Sacit Olcay Kabaklıoğlu Tarım Mesleki Ve Teknik Anadolu Lisesi,mesleki,213.6205,86.1,77.61
Zonguldak,Merkez,Zonguldak Borsa İstanbul Anadolu Lisesi,anadolu,381.9898,12.91,13.44
Zonguldak,Merkez,Zonguldak Fen Lisesi,fen,420.5426,6.88,6.79
Zonguldak,Merkez,Zonguldak Mesleki Ve Teknik Anadolu Lisesi (Elektrik-Elektronik Teknolojisi Alanı),mesleki,247.533,62.05,56.42
Zonguldak,Merkez,Zonguldak Mesleki Ve Teknik Anadolu Lisesi (Elektrik-Elektronik Teknolojisi Alanı) (2),mesleki,229.9813,62.05,66.38
Zonguldak,Merkez,Zonguldak Mesleki Ve Teknik Anadolu Lisesi (Makine Ve Tasarım Teknolojisi Alanı),mesleki,208.9418,62.05,80.71
Zonguldak,Merkez,Zonguldak Mesleki Ve Teknik Anadolu Lisesi (Bilişim Teknolojileri Alanı),mesleki,216.0949,62.05,75.53
